# p_cut_1sig | p_cut_1sig |  |  | 1759
100 0.13829262342148
105 0.143561167144473
110 0.148807026791981
115 0.154016348730322
120 0.159175283252834
125 0.164283427422649
130 0.169394153300826
135 0.174574280003216
140 0.179890631142477
145 0.185381131478337
150 0.190968096599201
155 0.196544943492954
160 0.202024224857968
165 0.207395021345497
170 0.212665549543535
175 0.217844031374182
180 0.222938694195459
185 0.227957770898514
190 0.232909500000176
195 0.237802125730842
200 0.242643898117662
205 0.247443073063002
210 0.252207912418195
215 0.256946684052545
220 0.261667661917616
225 0.266379126106792
230 0.271089362910137
235 0.275805069139768
240 0.280526565000979
245 0.285252581307506
250 0.289981855242613
255 0.294713130390824
260 0.299445156765151
265 0.304176690829873
270 0.308906495518904
275 0.313620707393228
280 0.318254938080835
285 0.322732172852104
290 0.326975403477832
295 0.331039805772597
300 0.335509272226131
305 0.340804468844814
310 0.346164426061333
315 0.350532770246671
320 0.352853134198444
325 0.355282592193919
330 0.359105769447197
335 0.362960104214382
340 0.367138885986511
345 0.371322510324209
350 0.375589265977057
355 0.379824648807838
360 0.383856558915687
365 0.387862073537051
370 0.391816244535644
375 0.395724916098429
380 0.399522040637007
385 0.403280796124981
390 0.407062385094145
395 0.410874037144775
400 0.414197421602629
405 0.417383450284667
410 0.421131663113345
415 0.424918557136917
420 0.428925346009721
425 0.43288816664249
430 0.436820171106177
435 0.440674044626479
440 0.444430390093089
445 0.44808615070281
450 0.451964072275413
455 0.455802949129852
460 0.459542248288664
465 0.463209869732741
470 0.467066824112643
475 0.470889221749737
480 0.47455396959049
485 0.478222839473289
490 0.481846915152989
495 0.485446247680907
500 0.489079808918757
505 0.492674161532589
510 0.496109715437963
515 0.499529816669786
520 0.503458519140483
525 0.507199096638589
530 0.510173362926239
535 0.512982232845888
540 0.516355164628957
545 0.519664859600034
550 0.523130071180974
555 0.526565116835137
560 0.529958701282489
565 0.533305890745942
570 0.536615258802269
575 0.539860146148902
580 0.54328897624611
585 0.546659927740984
590 0.549819104436569
595 0.552935617050156
600 0.556018349678965
605 0.559036252355184
610 0.561990736784751
615 0.564864232974753
620 0.568431259525283
625 0.571804934434555
630 0.574473784665792
635 0.57695828673519
640 0.579983151758644
645 0.582961824793776
650 0.585776011956362
655 0.588548597268623
660 0.591356270097451
665 0.594110394046594
670 0.596955292225547
675 0.599766268024666
680 0.60249404343137
685 0.605203186906883
690 0.608094479477356
695 0.610952896727515
700 0.613609587001218
705 0.616242580996804
710 0.619003004814457
715 0.621713581895079
720 0.624767274185651
725 0.627653665316738
730 0.630049663659063
735 0.632101167961065
740 0.634570454182085
745 0.637058426172963
750 0.639519830268118
755 0.64196600089864
760 0.644921434342218
765 0.647668759960016
770 0.650135422658057
775 0.652561008994707
780 0.65502709722561
785 0.657506951770539
790 0.65978166174744
795 0.661981414651189
800 0.664358169920214
805 0.666708293904989
810 0.668856076012423
815 0.670550014520014
820 0.673156036610982
825 0.675678853890465
830 0.678090538995097
835 0.680441016365129
840 0.682425642868583
845 0.68444665808333
850 0.686770459540351
855 0.688988613190751
860 0.691061195979334
865 0.693123570834069
870 0.695179045884089
875 0.697219481251109
880 0.699373643557168
885 0.701484203215314
890 0.703692189303356
895 0.70580411548103
900 0.707675025059161
905 0.709519477322434
910 0.711440720970585
915 0.713320134400628
920 0.715049121069959
925 0.7167330276994
930 0.718647099488663
935 0.720576570868726
940 0.722514068104674
945 0.724486850253966
950 0.726383123670947
955 0.728220559147729
960 0.730011224729486
965 0.731623299598926
970 0.733253559745866
975 0.735038539963281
980 0.736721228926076
985 0.73837565683499
990 0.740185536812905
995 0.741996059359752
1000 0.743611333129886
1005 0.745200056041956
1010 0.746985315137028
1015 0.748651049111166
1020 0.750328144485113
1025 0.752046560177905
1030 0.753640827807402
1035 0.755234925598876
1040 0.756756536558194
1045 0.758288554262926
1050 0.759922302085471
1055 0.761540509499338
1060 0.763025905273844
1065 0.764454982103041
1070 0.765661684270229
1075 0.766625731347002
1080 0.768062351832202
1085 0.769529813199129
1090 0.771014993429671
1095 0.772494356352325
1100 0.773937329250234
1105 0.775374366592004
1110 0.776809669282677
1115 0.77824039861264
1120 0.779663715148316
1125 0.78107677873207
1130 0.782476748482322
1135 0.783860782793854
1140 0.785226039338313
1145 0.786585787466995
1150 0.787961258540875
1155 0.789328936107544
1160 0.790659443187362
1165 0.791972790348926
1170 0.793284568299997
1175 0.794585693447827
1180 0.795870969809604
1185 0.797145454463403
1190 0.798435715885211
1195 0.79971371108836
1200 0.800968040386583
1205 0.802207764892123
1210 0.803419508554169
1215 0.804617130382658
1220 0.805851539338306
1225 0.807094438708075
1230 0.808311652245541
1235 0.809505655653656
1240 0.810678923953195
1245 0.811833931485955
1250 0.812973151918036
1255 0.8140990582432
1260 0.81521412278629
1265 0.816320817206726
1270 0.817421612502058
1275 0.818518979011586
1280 0.819615386420024
1285 0.820713303761236
1290 0.821815199422009
1295 0.822923541145877
1300 0.824040796036995
1305 0.825139946955346
1310 0.82614290453959
1315 0.827065249543436
1320 0.828105986657968
1325 0.829146553723446
1330 0.830164724045597
1335 0.831182220824158
1340 0.832182481912028
1345 0.833172911267572
1350 0.834162586063845
1355 0.835149508551509
1360 0.836131918644109
1365 0.837108376050436
1370 0.838061875679617
1375 0.839012257969915
1380 0.839964573110533
1385 0.840918270965533
1390 0.84185832616247
1395 0.842790575770419
1400 0.84370193343824
1405 0.844610154871563
1410 0.845531380684804
1415 0.846446690622193
1420 0.847352400872528
1425 0.848256173153735
1430 0.849148630702645
1435 0.85003955684466
1440 0.850962232166513
1445 0.851898231172758
1450 0.8527545503383
1455 0.853599919406134
1460 0.854620713724163
1465 0.855642929677697
1470 0.856635923202015
1475 0.857600882982665
1480 0.858538997217057
1485 0.859451453618624
1490 0.86033943942098
1495 0.861204141382053
1500 0.862046745788205
1505 0.862868438458334
1510 0.863670404747961
1515 0.86445382955329
1520 0.86521989731526
1525 0.865969792023568
1530 0.866704697220677
1535 0.867425796005804
1540 0.868134271038881
1545 0.8688313045445
1550 0.869518078315837
1555 0.870195773718549
1560 0.870865571694651
1565 0.871528652766369
1570 0.872186197039975
1575 0.872839384209587
1580 0.873489393560958
1585 0.874137403975233
1590 0.874784593932682
1595 0.875432141516415
1600 0.876081224416061
1605 0.876733019931433
1610 0.877388704976163
1615 0.878049456081309
1620 0.878716449398943
1625 0.879210079695419
1630 0.879780755398121
1635 0.880435340397026
1640 0.881096501754751
1645 0.881751630383328
1650 0.882405964378037
1655 0.883055055649255
1660 0.883693402040298
1665 0.884325890678426
1670 0.884953149623333
1675 0.885573978852117
1680 0.88619552638038
1685 0.886810639999916
1690 0.88743537675196
1695 0.888054846866713
1700 0.888653797617509
1705 0.889250181229934
1710 0.889853454958385
1715 0.890453178266346
1720 0.891037877749831
1725 0.891621315089272
1730 0.892211323513445
1735 0.892795462000311
1740 0.89338387803559
1745 0.893960632613964
1750 0.894532443259533
1755 0.895098094623808
1760 0.89565762198176
1765 0.89621353838666
1770 0.896755619911076
1775 0.897291653468358
1780 0.897840137253832
1785 0.898385403156844
1790 0.898932904484487
1795 0.899476294889862
1800 0.899996421514283
1805 0.900512844014027
1810 0.901035427510685
1815 0.901552261157576
1820 0.902056296944707
1825 0.902559434184985
1830 0.903079903103733
1835 0.903594743374088
1840 0.904087769679374
1845 0.90457871648005
1850 0.905075467853147
1855 0.905569881178935
1860 0.906064485293109
1865 0.906555714860706
1870 0.907023475649871
1875 0.907490703973334
1880 0.907971340636022
1885 0.908448432382457
1890 0.908919198427826
1895 0.909387580584179
1900 0.90984197352201
1905 0.9102923313304
1910 0.910733241119747
1915 0.911171976515932
1920 0.911612208807118
1925 0.912052849293576
1930 0.912571795454321
1935 0.913068751993524
1940 0.913413005246159
1945 0.913688900729079
1950 0.913977512356156
1955 0.914278362775501
1960 0.914590974440836
1965 0.914914869613421
1970 0.915249570363966
1975 0.915594598574516
1980 0.915949475940328
1985 0.916313723971716
1990 0.916686863995888
1995 0.917068417158761
2000 0.917457904426757
2005 0.917854846588578
2010 0.918258764256971
2015 0.918669177870468
2020 0.919085607695111
2025 0.919507573826157
2030 0.919934596189773
2035 0.920366194544704
2040 0.92080188848393
2045 0.921241197436305
2050 0.921683640668178
2055 0.922128737285
2060 0.922576006232911
2065 0.923024966300316
2070 0.923475136119438
2075 0.923926034167859
2080 0.924377178770047
2085 0.924828088098865
2090 0.925278280177061
2095 0.925727272878754
2100 0.926174583930886
2105 0.926619730914682
2110 0.927062231267075
2115 0.927501602282126
2120 0.92793736111243
2125 0.928369024770506
2130 0.928796110130166
2135 0.929218133927884
2140 0.929634612764135
2145 0.930045063104734
2150 0.930449001282152
2155 0.930845943496821
2160 0.931235405818428
2165 0.931616904187192
2170 0.93198995441513
2175 0.932354072187309
2180 0.932708773063086
2185 0.933053572477332
2190 0.93338798574165
2195 0.933711528045571
2200 0.934023714457749
2205 0.93432405992713
2210 0.934612079284123
2215 0.93488728724175
2220 0.935149198396782
2225 0.935397327230873
2230 0.935631188111676
2235 0.935850295293945
2240 0.936054162920632
2245 0.936242305023965
2250 0.936414235526525
2255 0.936569468242303
2260 0.936707516877747
2265 0.936908558022341
2270 0.937200975067728
2275 0.937491283095008
2280 0.93777907493453
2285 0.938066304742919
2290 0.938353843277267
2295 0.938640374992219
2300 0.938920122006662
2305 0.93920043081611
2310 0.939480031519686
2315 0.939759494928428
2320 0.940047946222216
2325 0.940333569528664
2330 0.940596012274906
2335 0.940861580848417
2340 0.941123166042155
2345 0.941385019941919
2350 0.941657123307771
2355 0.941927599187056
2360 0.94219821424466
2365 0.942466118609743
2370 0.942736806390899
2375 0.943004044971786
2380 0.943255698796196
2385 0.943508217887382
2390 0.943768897233426
2395 0.944027731058458
2400 0.944275163039316
2405 0.944523568336816
2410 0.944782894867992
2415 0.945040418472326
2420 0.945294120034547
2425 0.945546360926111
2430 0.945800686072828
2435 0.946054020342378
2440 0.946304487629134
2445 0.946552888461764
2450 0.946784204626522
2455 0.94701487884525
2460 0.947260915815599
2465 0.947504544187919
2470 0.947748417055209
2475 0.947991462919258
2480 0.948219954774178
2485 0.948449379548778
2490 0.948683351616336
2495 0.948916780102551
2500 0.949156463004266
2505 0.94939369432554
2510 0.949624241967888
2515 0.949852969392242
2520 0.950077357153551
2525 0.950300479065989
2530 0.950516563703322
2535 0.950733557320919
2540 0.950959890753896
2545 0.951183430598131
2550 0.951393040428998
2555 0.951604479980314
2560 0.95182647946523
2565 0.952047081610024
2570 0.952261315824359
2575 0.952473560937179
2580 0.952674585890307
2585 0.952876751209779
2590 0.953092761157666
2595 0.953304829688147
2600 0.953528442922303
2605 0.95374897356739
2610 0.953961243365583
2615 0.954172005891702
2620 0.954374415967228
2625 0.954576725285319
2630 0.954788874206996
2635 0.954999600420182
2640 0.955211370652277
2645 0.955420778158338
2650 0.955625794878799
2655 0.955827167217483
2660 0.95601548400897
2665 0.956204432254692
2670 0.956391693182681
2675 0.956582698606467
2680 0.956767571587519
2685 0.956952485022202
2690 0.957149652710788
2695 0.957344195501392
2700 0.957518993492811
2705 0.957695225023896
2710 0.957874646442503
2715 0.958055171410908
2720 0.958236027807756
2725 0.95841643850157
2730 0.958589042047037
2735 0.95876350219657
2740 0.958955569852324
2745 0.959142903379612
2750 0.959311539161365
2755 0.959481500998557
2760 0.959642932384693
2765 0.95980684714829
2770 0.959983760612137
2775 0.96015966307483
2780 0.960326720358091
2785 0.960493373925705
2790 0.960657797085976
2795 0.96082334832845
2800 0.960981721045365
2805 0.96114222681529
2810 0.961315161291403
2815 0.96150455980653
2820 0.961665640163639
2825 0.961822922475281
2830 0.961990175375104
2835 0.962156111078687
2840 0.9623250983148
2845 0.962491951767721
2850 0.96265776960184
2855 0.962823026303982
2860 0.962978723229343
2865 0.963135250056494
2870 0.963306882559897
2875 0.963476080120735
2880 0.963636108725222
2885 0.963793459383447
2890 0.963944250537452
2895 0.964095431816205
2900 0.964255743609933
2905 0.964416861629311
2910 0.964576772130978
2915 0.96473549430326
2920 0.96489304730236
2925 0.965049450252637
2930 0.965204722246871
2935 0.965358882346536
2940 0.965511949582062
2945 0.965663942953103
2950 0.965814881428795
2955 0.965964783948013
2960 0.966113669419632
2965 0.966261556722776
2970 0.966408464707069
2975 0.966554412192887
2980 0.966699417971603
2985 0.966843500805828
2990 0.966986679429659
2995 0.967128972548911
3000 0.967270398841361
3005 0.967410976956977
3010 0.967550725518156
3015 0.96768966311995
3020 0.967827808330298
3025 0.96796517969025
3030 0.968101795714191
3035 0.968237674890064
3040 0.96837283567959
3045 0.968507296518485
3050 0.968641075816676
3055 0.968774191958514
3060 0.968906663302989
3065 0.969038508183934
3070 0.969169744910239
3075 0.969300391766052
3080 0.969430467010988
3085 0.969559988880326
3090 0.96968897558521
3095 0.969817445312852
3100 0.969945416226724
3105 0.970072906466752
3110 0.970199934149512
3115 0.970326517368422
3120 0.970452674193926
3125 0.970578422673685
3130 0.970703780832765
3135 0.970828764935226
3140 0.970953384268543
3145 0.971077646359548
3150 0.971201558713205
3155 0.971325117517676
3160 0.971448273759191
3165 0.971570967107527
3170 0.971693137211294
3175 0.971814737094024
3180 0.971935773342112
3185 0.972056265917218
3190 0.972176234760501
3195 0.972295696203367
3200 0.972414652199342
3205 0.972533101092521
3210 0.972651041207153
3215 0.972768471809586
3220 0.972885395993773
3225 0.973001817796078
3230 0.973117741233649
3235 0.973233170046857
3240 0.973348106926325
3245 0.973462554286201
3250 0.973576514522024
3255 0.973689990079917
3260 0.973802983663896
3265 0.973915498028857
3270 0.974027535911666
3275 0.974139100012798
3280 0.974250192940971
3285 0.974360817268795
3290 0.974470975551411
3295 0.974580670331589
3300 0.974689904154736
3305 0.974798679554159
3310 0.97490699904624
3315 0.97501486512924
3320 0.975122280279447
3325 0.975229246955289
3330 0.975335767598794
3335 0.975441844636073
3340 0.975547480478515
3345 0.975652677521846
3350 0.975757438145893
3355 0.975861764714619
3360 0.975965659575955
3365 0.976069125062208
3370 0.976172163490278
3375 0.976274777161801
3380 0.976376968363348
3385 0.976478739366457
3390 0.976580092427735
3395 0.976681029788957
3400 0.976781553677163
3405 0.976881666304793
3410 0.976981369869803
3415 0.977080666555781
3420 0.977179558532061
3425 0.977278047953826
3430 0.977376136962215
3435 0.977473827684433
3440 0.977571122233851
3445 0.977668022710115
3450 0.977764531199252
3455 0.977860649773772
3460 0.977956380492774
3465 0.978051725402044
3470 0.978146686534157
3475 0.978241265908579
3480 0.978335465531763
3485 0.97842928739725
3490 0.978522733485767
3495 0.97861580576532
3500 0.978708506191293
3505 0.978800836706543
3510 0.978892799241494
3515 0.978984395714229
3520 0.979075628030584
3525 0.979166498084238
3530 0.979257007756809
3535 0.979347158917937
3540 0.97943695342538
3545 0.979526393125098
3550 0.979615479851346
3555 0.979704215426754
3560 0.979792601662421
3565 0.979880640357997
3570 0.979968333301767
3575 0.980055682270739
3580 0.980142689030724
3585 0.980229355336421
3590 0.980315682931499
3595 0.980401673548677
3600 0.980487328909806
3605 0.980572650725949
3610 0.980657640697463
3615 0.980742300514071
3620 0.980826631854948
3625 0.980910636388793
3630 0.980994315773908
3635 0.981077671658274
3640 0.981160705679628
3645 0.981243419465533
3650 0.981325814633459
3655 0.981407892790851
3660 0.981489655535206
3665 0.981571104454143
3670 0.981652241125475
3675 0.981733067117284
3680 0.981813583987984
3685 0.9818937932864
3690 0.98197369655183
3695 0.982053295314118
3700 0.982132591093723
3705 0.982211585401783
3710 0.982290279740186
3715 0.982368675601634
3720 0.982446774469712
3725 0.982524577818949
3730 0.982602087114887
3735 0.982679303814147
3740 0.982756229364487
3745 0.982832865204869
3750 0.982909212765524
3755 0.98298527346801
3760 0.983061048725278
3765 0.983136539941728
3770 0.983211748513277
3775 0.983286675827415
3780 0.983361323263263
3785 0.983435692191639
3790 0.983509783975111
3795 0.983583599968056
3800 0.983657141516723
3805 0.983730409959285
3810 0.983803406625897
3815 0.983876132838756
3820 0.983948589912153
3825 0.984020779152532
3830 0.984092701858542
3835 0.984164359321095
3840 0.984235752823419
3845 0.984306883641111
3850 0.98437775304219
3855 0.984448362287155
3860 0.98451871262903
3865 0.984588805313422
3870 0.984658641578571
3875 0.984728222655401
3880 0.984797549767572
3885 0.984866624131529
3890 0.984935446956554
3895 0.985004019444812
3900 0.985072342791406
3905 0.985140418184423
3910 0.98520824680498
3915 0.985275829827279
3920 0.985343168418647
3925 0.985410263739588
3930 0.985477116943831
3935 0.985543729178372
3940 0.985610101583525
3945 0.985676235292967
3950 0.985742131433779
3955 0.9858077911265
3960 0.985873215485162
3965 0.985938405617342
3970 0.986003362624204
3975 0.98606808760054
3980 0.986132581634818
3985 0.986196845809223
3990 0.986260881199697
3995 0.986324688875987
4000 0.986388269901684
4005 0.986451625334264
4010 0.986514756225132
4015 0.986577663619661
4020 0.986640348557235
4025 0.986702812071286
4030 0.986765055189339
4035 0.986827078933047
4040 0.986888884318234
4045 0.986950472354934
4050 0.987011844047428
4055 0.987073000394285
4060 0.987133942388398
4065 0.987194671017024
4070 0.987255187261821
4075 0.987315492098887
4080 0.987375586498794
4085 0.987435471426627
4090 0.987495147842022
4095 0.987554616699199
4100 0.987613878947001
4105 0.98767293552893
4110 0.987731787383177
4115 0.987790435442667
4120 0.987848880635083
4125 0.987907123882912
4130 0.987965166103469
4135 0.988023008208938
4140 0.988080651106404
4145 0.988138095697885
4150 0.98819534288037
4155 0.988252393545847
4160 0.988309248581338
4165 0.988365908868931
4170 0.988422375285817
4175 0.988478648704314
4180 0.988534729991906
4185 0.988590620011271
4190 0.988646319620314
4195 0.988701829672197
4200 0.988757151015371
4205 0.988812284493608
4210 0.988867230946028
4215 0.988921991207132
4220 0.988976566106832
4225 0.989030956470479
4230 0.989085163118895
4235 0.9891391868684
4240 0.989193028530845
4245 0.989246688913636
4250 0.989300168819766
4255 0.989353469047842
4260 0.989406590392116
4265 0.989459533642509
4270 0.989512299584643
4275 0.989564888999865
4280 0.989617302665277
4285 0.989669541353763
4290 0.989721605834015
4295 0.989773496870562
4300 0.989825215223793
4305 0.989876761649988
4310 0.98992813690134
4315 0.989979341725984
4320 0.990030376868023
4325 0.990081243067551
4330 0.990131941060682
4335 0.990182471579573
4340 0.990232835352451
4345 0.990283033103633
4350 0.99033306555356
4355 0.990382933418812
4360 0.990432637412139
4365 0.990482178242483
4370 0.990531556614999
4375 0.990580773231087
4380 0.990629828788406
4385 0.990678723980905
4390 0.990727459498843
4395 0.990776036028812
4400 0.990824454253762
4405 0.990872714853022
4410 0.990920818502325
4415 0.990968765873826
4420 0.991016557636132
4425 0.991064194454314
4430 0.991111676989941
4435 0.991159005901091
4440 0.991206181842378
4445 0.991253205464977
4450 0.991300077416636
4455 0.991346798341707
4460 0.99139336888116
4465 0.991439789672609
4470 0.99148606135033
4475 0.991532184545282
4480 0.99157815988513
4485 0.991623987994259
4490 0.991669669493804
4490 0.958116244801021
4485 0.958070563301476
4480 0.958024735192346
4475 0.957978759852499
4470 0.957932636657547
4465 0.957886364979826
4460 0.957839944188377
4455 0.957793373648923
4450 0.957746652723853
4445 0.957699780772194
4440 0.957652757149595
4435 0.957605581208307
4430 0.957558252297158
4425 0.957510769761531
4420 0.957463132943348
4415 0.957415341181043
4410 0.957367393809542
4405 0.957319290160239
4400 0.957271029560979
4395 0.957222611336029
4390 0.95717403480606
4385 0.957125299288122
4380 0.957076404095623
4375 0.957027348538304
4370 0.956978131922216
4365 0.9569287535497
4360 0.956879212719356
4355 0.956829508726029
4350 0.956779640860777
4345 0.95672960841085
4340 0.956679410659667
4335 0.95662904688679
4330 0.956578516367899
4325 0.956527818374768
4320 0.95647695217524
4315 0.956425917033201
4310 0.956374712208557
4305 0.956323336957205
4300 0.95627179053101
4295 0.956220072177779
4290 0.956168181141232
4285 0.95611611666098
4280 0.956063877972494
4275 0.956011464307081
4270 0.95595887489186
4265 0.955906108949726
4260 0.955853165699333
4255 0.955800044355059
4250 0.955746744126982
4245 0.955693264220853
4240 0.955639603838062
4235 0.955585762175617
4230 0.955531738426112
4225 0.955477531777696
4220 0.955423141414049
4215 0.955368566514349
4210 0.955313806253245
4205 0.955258859800825
4200 0.955203726322588
4195 0.955148404979414
4190 0.955092894927531
4185 0.955037195318488
4180 0.954981305299123
4175 0.954925224011531
4170 0.954868950593034
4165 0.954812484176148
4160 0.954755823888555
4155 0.954698968853064
4150 0.954641918187587
4145 0.954584671005102
4140 0.95452722641362
4135 0.954469583516155
4130 0.954411741410686
4125 0.954353699190129
4120 0.9542954559423
4115 0.954237010749884
4110 0.954178362690394
4105 0.954119510836147
4100 0.954060454254218
4095 0.954001192006416
4090 0.953941723149239
4085 0.953882046733844
4080 0.953822161806011
4075 0.953762067406104
4070 0.953701762569038
4065 0.953641246324241
4060 0.953580517695615
4055 0.953519575701502
4050 0.953458419354645
4045 0.953397047662151
4040 0.953335459625451
4035 0.953273654240264
4030 0.953211630496556
4025 0.953149387378503
4020 0.953086923864452
4015 0.953024238926878
4010 0.952961331532349
4005 0.952898200641481
4000 0.952834845208901
3995 0.952771264183204
3990 0.952707456506914
3985 0.95264342111644
3980 0.952579156942035
3975 0.952514662907757
3970 0.952449937931421
3965 0.952384980924559
3960 0.952319790792379
3955 0.952254366433716
3950 0.952188706740996
3945 0.952122810600184
3940 0.952056676890742
3935 0.951990304485589
3930 0.951923692251048
3925 0.951856839046805
3920 0.951789743725864
3915 0.951722405134496
3910 0.951654822112197
3905 0.951586993491639
3900 0.951518918098623
3895 0.951450594752029
3890 0.95138202226377
3885 0.951313199438746
3880 0.951244125074789
3875 0.951174797962618
3870 0.951105216885788
3865 0.951035380620639
3860 0.950965287936246
3855 0.950894937594372
3850 0.950824328349407
3845 0.950753458948328
3840 0.950682328130636
3835 0.950610934628312
3830 0.950539277165759
3825 0.950467354459749
3820 0.95039516521937
3815 0.950322708145973
3810 0.950249981933114
3805 0.950176985266502
3800 0.95010371682394
3795 0.950030175275273
3790 0.949956359282328
3785 0.949882267498856
3780 0.94980789857048
3775 0.949733251134632
3770 0.949658323820494
3765 0.949583115248945
3760 0.949507624032495
3755 0.949431848775227
3750 0.949355788072741
3745 0.949279440512086
3740 0.949202804671704
3735 0.949125879121364
3730 0.949048662422104
3725 0.948971153126165
3720 0.948893349776929
3715 0.948815250908851
3710 0.948736855047403
3705 0.948658160709
3700 0.94857916640094
3695 0.948499870621335
3690 0.948420271859047
3685 0.948340368593617
3680 0.948260159295201
3675 0.948179642424501
3670 0.948098816432692
3665 0.94801767976136
3660 0.947936230842423
3655 0.947854468098068
3650 0.947772389940675
3645 0.94768999477275
3640 0.947607280986844
3635 0.947524246965491
3630 0.947440891081125
3625 0.94735721169601
3620 0.947273207162165
3615 0.947188875821288
3610 0.94710421600468
3605 0.947019226033166
3600 0.946933904217023
3595 0.946848248855894
3590 0.946762258238716
3585 0.946675930643638
3580 0.946589264337941
3575 0.946502257577956
3570 0.946414908608984
3565 0.946327215665213
3560 0.946239176969638
3555 0.946150790733971
3550 0.946062055158563
3545 0.945972968432315
3540 0.945883528732597
3535 0.945793734225154
3530 0.945703583064026
3525 0.945613073391455
3520 0.945522203337801
3515 0.945430971021446
3510 0.945339374548711
3505 0.94524741201376
3500 0.94515508149851
3495 0.945062381072537
3490 0.944969308792984
3485 0.944875862704468
3480 0.94478204083898
3475 0.944687841215796
3470 0.944593261841374
3465 0.944498300709261
3460 0.94440295579999
3455 0.944307225080988
3450 0.944211106506469
3445 0.944114598017333
3440 0.944017697541071
3435 0.943920402991653
3430 0.943822712269432
3425 0.943724623261037
3420 0.943626133839267
3415 0.943527241862988
3410 0.94342794517702
3405 0.943328241612032
3400 0.943228128984421
3395 0.943127605096213
3390 0.943026667734952
3385 0.942925314673594
3380 0.942823543670415
3375 0.942721352468874
3370 0.942618738797495
3365 0.942515700369723
3360 0.94241223488373
3355 0.942308340022376
3350 0.94220401345311
3345 0.94209925282795
3340 0.941994055783647
3335 0.941888419941275
3330 0.941782342906011
3325 0.941675822266657
3320 0.941568855594446
3315 0.941461440443979
3310 0.941353574353457
3305 0.941245254845882
3300 0.94113647943291
3295 0.941027245610735
3290 0.940917550858628
3285 0.940807392633837
3280 0.940696768356578
3275 0.940585675424775
3270 0.940474111218883
3265 0.940362073120266
3260 0.940249558566595
3255 0.940136564996164
3250 0.940023089829241
3245 0.939909130398824
3240 0.939794683743224
3235 0.939679746813191
3230 0.939564316540866
3225 0.93944839009748
3220 0.93933196566678
3215 0.939215041671303
3210 0.93909761651437
3205 0.938979687617593
3200 0.938861248533717
3195 0.938742291833466
3190 0.938622810067718
3185 0.938502799358828
3180 0.938382270174905
3175 0.938261236555212
3170 0.938139712518511
3165 0.938017698659316
3160 0.937895141936945
3155 0.937771975886128
3150 0.937648134020421
3145 0.937523561134663
3140 0.937398247212659
3135 0.937272193519143
3130 0.937145401296979
3125 0.937017873505217
3120 0.936889620033618
3115 0.936760652487769
3110 0.936630982450657
3105 0.936500621482487
3100 0.936369581120492
3095 0.936237872878746
3090 0.936105508247971
3085 0.935972498695346
3080 0.935838855664309
3075 0.935704590574366
3070 0.935569714820885
3065 0.935434239774904
3060 0.935298176782923
3055 0.935161537166703
3050 0.935024332223059
3045 0.934886573223652
3040 0.93474827141478
3035 0.934609438017166
3030 0.934470084225744
3025 0.934330221209443
3020 0.934189860110969
3015 0.934049012046587
3010 0.933907688105897
3005 0.933765899351609
3000 0.933623656819321
2995 0.933480971517287
2990 0.933337854426187
2985 0.933194316498895
2980 0.933050368660243
2975 0.932906021806788
2970 0.932761286806566
2965 0.932616174498853
2960 0.932470695693926
2955 0.932324861172808
2950 0.932178681687024
2945 0.932032167958352
2940 0.931885330678564
2935 0.931738180509175
2930 0.931590728081181
2925 0.931442983994801
2920 0.93129495881921
2915 0.931146663092278
2910 0.930998107320298
2905 0.930849301977714
2900 0.930700257506851
2895 0.930548949786118
2890 0.930404768213625
2885 0.93026237138422
2880 0.9301141063391
2875 0.92996637488791
2870 0.929815211822596
2865 0.929664475071686
2860 0.929516245509624
2855 0.929371837976773
2850 0.929217675890105
2845 0.929064612459042
2840 0.928909180813934
2835 0.92875451686447
2830 0.928603635457362
2825 0.928454933173998
2820 0.92829790499452
2815 0.92826637411079
2810 0.928664649422458
2805 0.928642035413695
2800 0.92848510380459
2795 0.928329385914532
2790 0.92815198045509
2785 0.927971409754225
2780 0.927810659215534
2775 0.927650844050825
2770 0.92748249134523
2765 0.927315858354034
2760 0.927145701612544
2755 0.926975758799917
2750 0.926802300594708
2745 0.926628917961456
2740 0.92646477653646
2735 0.926301272059501
2730 0.926136103492951
2725 0.925974598180239
2720 0.925796979697255
2715 0.925619823692876
2710 0.925452067546339
2705 0.925286685806686
2700 0.925105638019791
2695 0.924924348863806
2690 0.924738716141791
2685 0.924553681156981
2680 0.924367111924141
2675 0.924179987745129
2670 0.924010814074807
2665 0.923845818077535
2660 0.923658524000288
2655 0.923471784923489
2650 0.923284492944484
2645 0.923098660893235
2640 0.922906369720485
2635 0.922713515568284
2630 0.922513294701379
2625 0.922312775739037
2620 0.922111806062469
2615 0.921910395168603
2610 0.921716096651415
2605 0.921520320378038
2600 0.921310696811876
2595 0.92110196599538
2590 0.920904816716308
2585 0.920707118023361
2580 0.920492780723476
2575 0.920277821326986
2570 0.920073147963177
2565 0.919869205739682
2560 0.919657014354187
2555 0.919443838290619
2550 0.919239126711671
2545 0.919038112565264
2540 0.918825950830883
2535 0.91861514655018
2530 0.918402221284617
2525 0.918191576177543
2520 0.917977405858414
2515 0.917765056095523
2510 0.91754452165624
2505 0.917324425173401
2500 0.917101446633565
2495 0.91687889525406
2490 0.916657304644914
2485 0.916437678989125
2480 0.916211772734665
2475 0.915988094907949
2470 0.91575703707337
2465 0.915523768289913
2460 0.915288662094412
2455 0.915053695285999
2450 0.914815385420553
2445 0.914578490453963
2440 0.914346323379136
2435 0.914113541180971
2430 0.913878333789923
2425 0.913643088695223
2420 0.913410686174773
2415 0.913178823504564
2410 0.912936726558735
2405 0.912696193580611
2400 0.912450126723373
2395 0.912204517964487
2390 0.911961994489296
2385 0.911718644704392
2380 0.911465370040591
2375 0.91121265653819
2370 0.910968680078476
2365 0.910726959480821
2360 0.91047232872718
2355 0.910219727723046
2350 0.909963500000485
2345 0.909710180486233
2340 0.909442441230523
2335 0.909176495309205
2330 0.908915214610634
2325 0.908655904886845
2320 0.908379017690453
2315 0.908102435903485
2310 0.907829691108232
2305 0.907558174484512
2300 0.907272891604963
2295 0.906986442896134
2290 0.906719371725979
2285 0.906455956828437
2280 0.906167906731192
2275 0.905879542050344
2270 0.905594139540212
2265 0.905308335267592
2260 0.904993757186144
2255 0.904666249659508
2250 0.904339538309256
2245 0.904013529458293
2240 0.903688129321982
2235 0.903363244007097
2230 0.90303877951076
2225 0.902714641719373
2220 0.902390736407537
2215 0.902066969236951
2210 0.901743245755316
2205 0.901419471395212
2200 0.901095551472972
2195 0.900771391187539
2190 0.900446895619321
2185 0.900121969729018
2180 0.899796518356451
2175 0.899470446219371
2170 0.899143657912261
2165 0.898816057905115
2160 0.898487550542222
2155 0.898158040040916
2150 0.897827430490333
2145 0.897495625850139
2140 0.897162529949255
2135 0.896828046484563
2130 0.896492079019603
2125 0.89615453098325
2120 0.895815305668387
2115 0.895474306230552
2110 0.895131435686582
2105 0.894786596913234
2100 0.8944396926458
2095 0.8940906254767
2090 0.893739297854066
2085 0.893385612080303
2080 0.893029470310651
2075 0.892670774551712
2070 0.892309426659978
2065 0.891945328340334
2060 0.89157838114455
2055 0.891208486469757
2050 0.890835545556904
2045 0.890459459489204
2040 0.890080129190559
2035 0.889697455423974
2030 0.889311338789948
2025 0.888921679724853
2020 0.888528378499298
2015 0.888131335216471
2010 0.887730449810466
2005 0.887325622044596
2000 0.886916751509681
1995 0.886503737622329
1990 0.88608647962319
1985 0.885664876575195
1980 0.885238827361781
1975 0.884808230685094
1970 0.884372985064171
1965 0.883932988833111
1960 0.88348814013922
1955 0.883038336941143
1950 0.882583477006972
1945 0.88212345791234
1940 0.881658177038488
1935 0.881200388755392
1930 0.880984208007488
1925 0.880847683226567
1920 0.880413843500619
1915 0.879982831058237
1910 0.879538216042793
1905 0.879092992771104
1900 0.878661406628277
1895 0.878229719667924
1890 0.877788204758597
1885 0.877351870829465
1880 0.876901524038178
1875 0.876452434428594
1870 0.875983531263639
1865 0.875513486827982
1860 0.875052050120427
1855 0.874590172880308
1850 0.874116069091326
1845 0.87364323728142
1840 0.873157116217445
1835 0.872670678604776
1830 0.872182582810284
1825 0.871693332926047
1820 0.871217503453267
1815 0.870738848387254
1810 0.870239708689924
1805 0.869740018437313
1800 0.869234502786572
1795 0.868729100051261
1790 0.868218759517072
1785 0.867706595229583
1780 0.867188561058601
1775 0.866669067346865
1770 0.866137022025608
1765 0.86560036865642
1760 0.865058718123275
1755 0.864516314253358
1750 0.863981079051913
1745 0.863446724435513
1740 0.86288643341984
1735 0.862328659637358
1730 0.861781278573267
1725 0.861237757002454
1720 0.860688144936257
1715 0.860129415416126
1710 0.859570802655459
1705 0.859011421966212
1700 0.858433698591687
1695 0.857859601067396
1690 0.857268428080994
1685 0.856671865939555
1680 0.856079296934924
1675 0.855486340647701
1670 0.854896004466433
1665 0.854305030259512
1660 0.853695370249659
1655 0.853081225124609
1650 0.852467876685143
1645 0.851852551232834
1640 0.851233656034913
1635 0.850614720380242
1630 0.849986814031053
1625 0.849268452218151
1620 0.848702866422994
1615 0.848481376633677
1610 0.848155184792003
1605 0.847731361983103
1600 0.847216978913123
1595 0.846619105905634
1590 0.845944812898027
1585 0.845201169437875
1580 0.844395244679273
1575 0.843534107379154
1570 0.842624825893577
1565 0.841674468173992
1560 0.840690101763484
1555 0.839678793792986
1550 0.838647610977473
1545 0.837603619612135
1540 0.836553885568519
1535 0.835505474290651
1530 0.834465450791144
1525 0.833440879647267
1520 0.83243882499701
1515 0.831466350535111
1510 0.830530519509077
1505 0.829638394715173
1500 0.828797038494397
1495 0.828013512728434
1490 0.827294878835587
1485 0.826648197766698
1480 0.826080530001043
1475 0.825598935542212
1470 0.825210473913973
1465 0.824922204156123
1460 0.824741184820315
1455 0.824393004021932
1450 0.823564393621889
1445 0.822727689271123
1440 0.821993548051635
1435 0.821246347324846
1430 0.820405376499648
1425 0.819560500340006
1420 0.818729452551054
1415 0.817897999270863
1410 0.817025001329845
1405 0.81615031760084
1400 0.815252031964277
1395 0.814352613001348
1390 0.813453097408018
1385 0.812549353361143
1380 0.811644352547798
1375 0.81073009408817
1370 0.809817991376859
1365 0.808902701612437
1360 0.807967386868885
1355 0.807030452992283
1350 0.806075974070403
1345 0.805114028465534
1340 0.804136645467233
1335 0.803148261171236
1330 0.802154059162162
1325 0.801152989451988
1320 0.800160910689731
1315 0.799147351338211
1310 0.797933242145561
1305 0.796807102292924
1300 0.796212528641856
1295 0.795805499106547
1290 0.795128142098358
1285 0.794217858794514
1280 0.793112049732856
1275 0.791848114807974
1270 0.790463453267383
1265 0.788995463707742
1260 0.78748154407113
1255 0.785959091641373
1250 0.784465503040429
1245 0.78303817422483
1240 0.781714500482192
1235 0.78053187642779
1230 0.779527696001205
1225 0.778739352463039
1220 0.778204238391717
1215 0.777468086745482
1210 0.776272028274156
1205 0.775062410271187
1200 0.773894773010347
1195 0.772709743134264
1190 0.771466087746786
1185 0.770215137789904
1180 0.768963113655929
1175 0.767701927400331
1170 0.766418961267181
1165 0.765131900028092
1160 0.763848087810198
1155 0.762556592514187
1150 0.761250608396219
1145 0.759934395576829
1140 0.758740873808083
1135 0.75756232972609
1130 0.756211412219153
1125 0.754742162026056
1120 0.753208619162447
1115 0.751664822920339
1110 0.750164811867797
1105 0.748762623848829
1100 0.747512295983479
1095 0.746235549568581
1090 0.744781432272771
1085 0.743314845342082
1080 0.741875627353787
1075 0.740365563893897
1070 0.73811043479326
1065 0.736152490238452
1060 0.734879937404471
1055 0.733507020156176
1050 0.731794424562853
1045 0.73007399282972
1040 0.728677566457804
1035 0.727389010485187
1030 0.725845491817284
1025 0.724295834671589
1020 0.722853422575296
1015 0.721239939048443
1010 0.719543858333308
1005 0.718070183067787
1000 0.716189152855731
995 0.714325473900616
990 0.712529407710144
985 0.71073012386931
980 0.709091554758511
975 0.707420979967828
970 0.705477189252622
965 0.703562394872904
960 0.701769847802977
955 0.699989561256045
950 0.698300633193484
945 0.696588287806042
940 0.694542065224956
935 0.69257553904547
930 0.69091177546905
925 0.689278151748669
920 0.687341141285803
915 0.685335800511064
910 0.683531302325043
905 0.681590325022549
900 0.679174772388641
895 0.676966516638385
890 0.675036190285529
885 0.673203269291941
880 0.671462309431347
875 0.669595323075888
870 0.667499978122844
865 0.665404182468786
860 0.663368539635763
855 0.661332355646919
850 0.659433088208633
845 0.657530925204201
840 0.655190625711107
835 0.652771211893297
830 0.650709231550401
825 0.648690358451989
820 0.647115443254335
815 0.645557047495503
810 0.64267238700427
805 0.640215812183337
800 0.637852899973438
795 0.63546675687009
790 0.632875219371149
785 0.63031033259094
780 0.628039520178892
775 0.625744621496444
770 0.623392132409969
765 0.621024984272545
760 0.61917874840114
755 0.617451126414653
750 0.614920364052937
745 0.612395032424782
740 0.609883037225794
735 0.607284263271097
730 0.60399641170265
725 0.601077998042191
720 0.598990515104497
715 0.59702476468007
710 0.594431908883101
705 0.591831763547825
700 0.589167234605716
695 0.586467886129577
690 0.583693281237888
685 0.580916056596372
680 0.578099952182874
675 0.575293669691836
670 0.572421373236915
665 0.569531474617343
660 0.56676975295228
655 0.56395644780288
650 0.561125509325829
645 0.558268542757724
640 0.555401228473869
635 0.552527945347686
630 0.548878489034965
625 0.545354170219786
620 0.542845032319637
615 0.540455274657468
610 0.537232265104522
605 0.534021091908421
600 0.530935040861501
595 0.527802265004021
590 0.524695708949912
585 0.521550050057382
580 0.518266251653549
575 0.514956080806303
570 0.511854140701399
565 0.508731613278486
560 0.505561988373246
555 0.502410125611179
550 0.499016732589205
545 0.495608221636994
540 0.492075166416463
535 0.488538184216264
530 0.484367678087625
525 0.480325816113682
520 0.477401232236441
515 0.474583668003563
510 0.471106846078363
505 0.467629609778399
500 0.464016677451482
495 0.460369428949371
490 0.456697087518335
485 0.453019385958327
480 0.449357631081378
475 0.445702583561628
470 0.441934569032389
465 0.438151589405539
460 0.434427076538066
455 0.43064606139178
450 0.426783139771985
445 0.422887556974549
440 0.419135674962011
435 0.415308761192961
430 0.4115102189902
425 0.407653536093555
420 0.40388443420202
415 0.40004967124219
410 0.396072364175804
405 0.392064821454564
400 0.387421682757442
395 0.383028284378442
390 0.378958891105711
385 0.374988027000203
380 0.371045891999889
375 0.367070431960577
370 0.362938289384724
365 0.358763026644651
360 0.354735963043536
355 0.350688241823851
350 0.346570494319942
345 0.342463577890167
340 0.338786142910108
335 0.335165223326433
330 0.331293281759561
325 0.327446128717251
320 0.323627762596003
315 0.319842802854486
310 0.315372159326658
305 0.310563167326478
300 0.305763168594538
295 0.301221921057584
290 0.296798828060087
285 0.292299712044581
280 0.287706413462978
275 0.283044782144528
270 0.278340674418898
265 0.273615849059363
260 0.268875655111077
255 0.264121344047482
250 0.259354173811655
245 0.25457540879794
240 0.249786319829169
235 0.244988184129435
230 0.240182285292356
225 0.235369105780041
220 0.23054590448795
215 0.22570913909364
210 0.22085527347135
205 0.215980777637138
200 0.211082127689321
195 0.206155805744191
190 0.201198299867001
185 0.196206103998224
180 0.191175717875086
175 0.186103646948379
170 0.180986402294578
165 0.175820500523284
160 0.170602463680019
155 0.165328819144411
150 0.160004569886536
145 0.154668605444185
140 0.149368290719344
135 0.1441382134265
130 0.138961837760911
125 0.133809850477926
120 0.1286529428297
115 0.123467751049583
110 0.118254678074442
105 0.113020071537336
100 0.107770282998347
100 0.13829262342148

# p_cut_25sig | p_cut_25sig |  |  | 1759
100 0.16118437873883
105 0.166466988849826
110 0.171721288330135
115 0.176927796990876
120 0.182067038570184
125 0.187138610131192
130 0.192218389955763
135 0.197401329935753
140 0.202782386459827
145 0.208415526003951
150 0.214190741633699
155 0.219957036754361
160 0.225590545741429
165 0.231075911962156
170 0.236424909980252
175 0.241649319693534
180 0.246760926435739
185 0.251771521073732
190 0.256692900100058
195 0.261536865720831
200 0.266315225938917
205 0.2710397946324
210 0.275722391628329
215 0.280374842771724
220 0.285008979989865
225 0.289636641351854
230 0.294269671123472
235 0.298917732897518
240 0.303581748879836
245 0.308260460689681
250 0.312952616315832
255 0.31765697014833
260 0.322372283005707
265 0.327097322157756
270 0.331830861343909
275 0.336552651329753
280 0.341166331544228
285 0.345556518457746
290 0.349607835041141
295 0.353403219308857
300 0.357818849949825
305 0.363485444983566
310 0.36925862611234
315 0.37355024579081
320 0.374772162900275
325 0.376159939801419
330 0.379965135212924
335 0.383806264880343
340 0.388403443293813
345 0.392966709649741
350 0.397353344719893
355 0.401676954045828
360 0.4056970058198
365 0.409686358706352
370 0.413474710898835
375 0.417215779201818
380 0.420879152114846
385 0.424500372968563
390 0.42814000558547
395 0.431758351719526
400 0.434279225736519
405 0.436372421907244
410 0.439926137316501
415 0.443570221557963
420 0.447706029865497
425 0.45181413955419
430 0.455802635193159
435 0.459698007201618
440 0.463401426441398
445 0.466985095999006
450 0.470849771652984
455 0.474670614933406
460 0.478378627101613
465 0.482003579978142
470 0.485916015422834
475 0.489779200390818
480 0.493451223472324
485 0.497125429609511
490 0.500709285878979
495 0.504253861729559
500 0.507877157519213
505 0.511457575348231
510 0.514861867457663
515 0.518239428169454
520 0.523001484318515
525 0.52735405703227
530 0.5295276265552
535 0.531315269318106
540 0.534565163288328
545 0.537707338072314
550 0.541215075124801
555 0.544681360253105
560 0.548256235964422
565 0.551736598846535
570 0.555186097377921
575 0.558538195155851
580 0.562056019690531
585 0.565492336003686
590 0.568661651051562
595 0.571785631084758
600 0.574830831292063
605 0.577797622690257
610 0.580559590544923
615 0.583170951712715
620 0.587620929929518
625 0.591643007595631
630 0.593670256388912
635 0.595281042775818
640 0.598419594222225
645 0.601481786320815
650 0.604263888929262
655 0.60699270936793
660 0.609796157956328
665 0.612544583618532
670 0.615355731467021
675 0.618120716774289
680 0.620789611867741
685 0.623418534639766
690 0.626395378156957
695 0.629316654675968
700 0.631941351297844
705 0.634550694083538
710 0.637431326762974
715 0.640230194806335
720 0.644099843496516
725 0.647585415772649
730 0.649589602626372
735 0.650713846478541
740 0.653086016899304
745 0.655555971484098
750 0.657969429929503
755 0.660352156761631
760 0.664228448798027
765 0.667651591725619
770 0.670192890344123
775 0.672673299618404
780 0.675267780010649
785 0.677904416155239
790 0.679961493529658
795 0.681867407987014
800 0.684237122380296
805 0.686577655196228
810 0.688493842768537
815 0.689294739788397
820 0.692686481628467
825 0.695920225469323
830 0.698626519578619
835 0.701193369719003
840 0.702851905736691
845 0.704633457742676
850 0.70727348803914
855 0.709730806348625
860 0.711830688237012
865 0.713913112108031
870 0.715938346705023
875 0.717937599882524
880 0.720307144151534
885 0.722694903657844
890 0.725184188566726
895 0.727432314613013
900 0.729050214562051
905 0.730466341547349
910 0.732372784954742
915 0.7343083848178
920 0.735830105908077
925 0.737324184662448
930 0.739448592503373
935 0.741577344736168
940 0.743493070264462
945 0.745410772089909
950 0.747444991529043
955 0.749393807566492
960 0.751192257424368
965 0.752668978143443
970 0.754085837615798
975 0.755751709959871
980 0.757443484551749
985 0.759109806559251
990 0.760927633639976
995 0.762748998454103
1000 0.764177968335503
1005 0.765547460772582
1010 0.767566407739819
1015 0.769209381658207
1020 0.770934185917475
1025 0.772859604307642
1030 0.77448732979999
1035 0.776119361934143
1040 0.777815764133487
1045 0.779449475337831
1050 0.781018210227435
1055 0.782565626506709
1060 0.784135381175873
1065 0.785681851001482
1070 0.786325121377956
1075 0.78632085693683
1080 0.787702395191012
1085 0.789191039091914
1090 0.790690164297346
1095 0.792188461440133
1100 0.7937561042003
1105 0.795333173649386
1110 0.796793312343837
1115 0.798172080381866
1120 0.799505037137717
1125 0.800827741261581
1130 0.802175750679699
1135 0.803584622594677
1140 0.805089913485985
1145 0.80657433138462
1150 0.807994246149368
1155 0.809408193802562
1160 0.810767959720236
1165 0.812103458089552
1170 0.81343377357461
1175 0.81474851798345
1180 0.81605186192486
1185 0.817343191968527
1190 0.81866293698903
1195 0.819966687053932
1200 0.82127299091876
1205 0.822566780857825
1210 0.823780118764179
1215 0.82497891311054
1220 0.826587015048248
1225 0.828360753391851
1230 0.829899619428792
1235 0.831235990073056
1240 0.832402241556448
1245 0.833430749431799
1250 0.834353888576241
1255 0.835204033194569
1260 0.836013556822659
1265 0.836814832330964
1270 0.837640231928065
1275 0.838522127164294
1280 0.8394928889354
1285 0.840584887486278
1290 0.841830492414747
1295 0.843262072675375
1300 0.844911996583349
1305 0.846389580452162
1310 0.847300151335112
1315 0.848003673197354
1320 0.849064793634145
1325 0.850141726927039
1330 0.851172722708173
1335 0.852207690563851
1340 0.853216859245624
1345 0.854217073369101
1350 0.855227545058926
1355 0.856238800220928
1360 0.857255317475528
1365 0.858262631878936
1370 0.859244788906685
1375 0.860223880881224
1380 0.861204738532584
1385 0.862194959168826
1390 0.863162247728309
1395 0.864119047847223
1400 0.865039359543712
1405 0.865955032824606
1410 0.866911165201023
1415 0.86785820913569
1420 0.868819612113634
1425 0.869777927764032
1430 0.870706071354892
1435 0.87163446398452
1440 0.872688745252672
1445 0.873776137598985
1450 0.874647167875609
1455 0.875505105944285
1460 0.877030360402048
1465 0.878683473818877
1470 0.880205010168046
1475 0.881602343563005
1480 0.882882847629068
1485 0.884053895507569
1490 0.885122859860026
1495 0.886097112872268
1500 0.886984026258561
1505 0.887790971265705
1510 0.888525318677124
1515 0.889194438816924
1520 0.889805701553947
1525 0.890366476305793
1530 0.890884132042827
1535 0.891366037292169
1540 0.891819560141652
1545 0.892252068243774
1550 0.89267092881961
1555 0.893083508662722
1560 0.893497174143025
1565 0.893919291210652
1570 0.894357225399773
1575 0.894818341832411
1580 0.895310005222221
1585 0.895839579878251
1590 0.896414429708674
1595 0.897041918224501
1600 0.897729408543265
1605 0.898484263392681
1610 0.899313845114283
1615 0.900225515667033
1620 0.901226636630905
1625 0.901666300303369
1630 0.902126211423423
1635 0.902800805409614
1640 0.903493636044629
1645 0.904175939746198
1650 0.904859530147708
1655 0.905535428542739
1660 0.906191925883277
1665 0.906841535992611
1670 0.907496008491008
1675 0.908139707505429
1680 0.908782698464472
1685 0.909414720545186
1690 0.910060588255184
1695 0.9107012812162
1700 0.911318871886875
1705 0.911929250677725
1710 0.91256544418558
1715 0.91319600040401
1720 0.913800177360011
1725 0.914408983654386
1730 0.915033857218579
1735 0.915645563772525
1740 0.916256961497403
1745 0.916846063747803
1750 0.917445966415248
1755 0.918034429901646
1760 0.918606799875623
1765 0.91917341568434
1770 0.919719568325177
1775 0.920258593059477
1780 0.920828819400255
1785 0.92139450910229
1790 0.921968513210048
1795 0.922536691018813
1800 0.923067860560067
1805 0.923592463196562
1810 0.924132216626256
1815 0.924662320735317
1820 0.925185392063288
1825 0.925709010129188
1830 0.92625289332382
1835 0.926787791951072
1840 0.927285759775821
1845 0.927780325879023
1850 0.928295016924512
1855 0.928804662402904
1860 0.929323811672621
1865 0.929837385885249
1870 0.930303433939544
1875 0.93076940613189
1880 0.931273703084405
1885 0.931770853547202
1890 0.932267443679747
1895 0.93275597627137
1900 0.933227398692309
1905 0.933691835249872
1910 0.934129509927462
1915 0.934563835609203
1920 0.935010982786992
1925 0.935456723843832
1930 0.936262486039445
1935 0.936970024422123
1940 0.937229126401913
1945 0.937362982841633
1950 0.937523038868044
1955 0.93770838215127
1960 0.937918100167048
1965 0.938151280198654
1970 0.938407009338812
1975 0.938684374491583
1980 0.938982462374238
1985 0.939300359519107
1990 0.939637152275412
1995 0.939991926811085
2000 0.940363769114563
2005 0.940751764996564
2010 0.941155000091849
2015 0.941572559860966
2020 0.94200352959197
2025 0.942446994402136
2030 0.942902039239643
2035 0.943367748885252
2040 0.943843207953959
2045 0.944327500896631
2050 0.944819712001633
2055 0.945318925396432
2060 0.945824225049183
2065 0.946334694770303
2070 0.946849418214033
2075 0.947367478879969
2080 0.947887960114594
2085 0.948409945112786
2090 0.948932516919308
2095 0.949454758430293
2100 0.949975752394701
2105 0.950494581415768
2110 0.951010327952444
2115 0.951522074320806
2120 0.952028902695463
2125 0.952529895110948
2130 0.953024133463089
2135 0.953510699510374
2140 0.953988674875294
2145 0.95445714104568
2150 0.954915179376015
2155 0.955361871088749
2160 0.955796297275582
2165 0.956217538898749
2170 0.956624676792282
2175 0.957016791663262
2180 0.957392964093062
2185 0.957752274538568
2190 0.958093803333396
2195 0.958416630689095
2200 0.958719836696332
2205 0.959002501326068
2210 0.959263704430729
2215 0.959502525745349
2220 0.959718044888715
2225 0.959909341364498
2230 0.960075494562364
2235 0.960215583759082
2240 0.960328688119619
2245 0.960413886698219
2250 0.960470258439477
2255 0.960496882179399
2260 0.960492836646449
2265 0.960608725088403
2270 0.960906101713365
2275 0.961200088878506
2280 0.961487451087034
2285 0.96177406567878
2290 0.962079696940734
2295 0.962380824064283
2300 0.962655544807935
2305 0.962932123064807
2310 0.963217786828276
2315 0.963502289197135
2320 0.963799642621038
2325 0.964091818010028
2330 0.96435661052311
2335 0.964625395002826
2340 0.964883709650879
2345 0.965141149533683
2350 0.965427340788236
2355 0.965708502785064
2360 0.96599262838277
2365 0.966270487956434
2370 0.966562901125216
2375 0.966847586296984
2380 0.967098445362899
2385 0.967350397774625
2390 0.967624074291525
2395 0.967895140878936
2400 0.968143940276273
2405 0.96839409940397
2410 0.968667521099935
2415 0.968936614698148
2420 0.969206695429378
2425 0.969473815099277
2430 0.969742450285007
2435 0.970009379713433
2440 0.970273110816633
2445 0.970533686967615
2450 0.970760819031
2455 0.970985766514688
2460 0.97124010610649
2465 0.971490126111423
2470 0.971741952041589
2475 0.971993988927739
2480 0.972226091303814
2485 0.972458154968518
2490 0.972702886844902
2495 0.97294519373892
2500 0.973197725282293
2505 0.973445646189645
2510 0.973684032201625
2515 0.97391890436478
2520 0.974152320624903
2525 0.974382156232323
2530 0.974602320517351
2535 0.974822365398973
2540 0.975060345696156
2545 0.975292419122782
2550 0.975508475716994
2555 0.975724961247585
2560 0.975953578298512
2565 0.97618048851278
2570 0.976402441720246
2575 0.976620365644823
2580 0.976810939765431
2585 0.977003976099593
2590 0.977233719488685
2595 0.977456977457722
2600 0.977691752505122
2605 0.977920463459403
2610 0.978145103401209
2615 0.978368213934027
2620 0.978571373395797
2625 0.978774687445031
2630 0.978995558836209
2635 0.979214164059106
2640 0.979440121351121
2645 0.979662366107166
2650 0.979881771329535
2655 0.980093703937979
2660 0.980283204015481
2665 0.980473392887559
2670 0.980677352513587
2675 0.980884731752471
2680 0.981067916335052
2685 0.981251587921118
2690 0.981457855137535
2695 0.981659080479581
2700 0.981829010097577
2705 0.982001629436803
2710 0.982191580614626
2715 0.982381682199432
2720 0.982565313890631
2725 0.982747818742569
2730 0.9829287459626
2735 0.983110174799372
2740 0.983323664839222
2745 0.983528392443229
2750 0.983693468086357
2755 0.983860807647536
2760 0.984015855463804
2765 0.984175088743981
2770 0.984359712562317
2775 0.984541277342834
2780 0.984713766215009
2785 0.984884847054315
2790 0.985037159559141
2795 0.985193820138888
2800 0.985354183975947
2805 0.985517370366486
2810 0.985803045193112
2815 0.986433199078335
2820 0.986691441540477
2825 0.986848914451243
2830 0.98703008031341
2835 0.987207306739349
2840 0.98738703644045
2845 0.987562456249229
2850 0.987737839885641
2855 0.987911417549388
2860 0.988075581519133
2865 0.988238331295101
2870 0.988425635612873
2875 0.988608359045353
2880 0.988777610514814
2885 0.988941775382866
2890 0.989098862280322
2895 0.989255293338769
2900 0.989422358187245
2905 0.989592531368009
2910 0.989760770738988
2915 0.989927117711496
2920 0.990091613664723
2925 0.990254299946015
2930 0.990415217871139
2935 0.990574408724556
2940 0.990731913759685
2945 0.990887774199166
2950 0.991042031235122
2955 0.991194726029418
2960 0.991345899713912
2965 0.991495593390718
2970 0.991643848132447
2975 0.991790704982462
2980 0.991936204955122
2985 0.992080389036029
2990 0.992223298182263
2995 0.992364973322629
3000 0.99250545535789
3005 0.992644785161003
3010 0.99278300357735
3015 0.992920151424972
3020 0.993056269494794
3025 0.993191398550855
3030 0.993325579330526
3035 0.993458852544737
3040 0.993591258878198
3045 0.99372283898961
3050 0.993853633511889
3055 0.993983683052373
3060 0.994113028193038
3065 0.994241709490706
3070 0.994369767477254
3075 0.994497242659818
3080 0.994624175520998
3085 0.994750606519061
3090 0.99487657608814
3095 0.995002124638432
3100 0.995127292556398
3105 0.995252120204951
3110 0.995376647923654
3115 0.995500916028912
3120 0.995624964814156
3125 0.995748834550036
3130 0.995872565484604
3135 0.995996193497289
3140 0.996119737060456
3145 0.996243210278212
3150 0.996366627232792
3155 0.996489973741338
3160 0.996613122625875
3165 0.996735918443685
3170 0.996858205730881
3175 0.996979862498133
3180 0.997100900717518
3185 0.99722136583601
3190 0.997341303280089
3195 0.997460749480792
3200 0.99757970494856
3205 0.997698161198716
3210 0.997816109726741
3215 0.997933544413298
3220 0.998050468739018
3225 0.998166888570027
3230 0.998282809753236
3235 0.998398237472106
3240 0.99851317431365
3245 0.998627622201734
3250 0.998741583041611
3255 0.998855058892731
3260 0.998968052486871
3265 0.9990805667103
3270 0.999192604431253
3275 0.999304168453815
3280 0.999415261379266
3285 0.999525885745013
3290 0.999636044070998
3295 0.999745738872229
3300 0.999854972696106
3305 0.999963748085367
3310 1.00007206756583
3315 1.00017993364319
3320 1.0002873487932
3325 1.00039431547176
3330 1.00050083611838
3335 1.00060691315717
3340 1.00071254899967
3345 1.00081774604227
3350 1.00092250666548
3355 1.0010268332338
3360 1.00113072809512
3365 1.00123419358157
3370 1.00133723200987
3375 1.0014398456815
3380 1.00154203688305
3385 1.0016438078861
3390 1.00174516094732
3395 1.00184609830852
3400 1.00194662219672
3405 1.00204673482436
3410 1.00214643838939
3415 1.00224573507538
3420 1.00234462705166
3425 1.00244311647342
3430 1.0025412054818
3435 1.00263889620402
3440 1.00273619075344
3445 1.0028330912297
3450 1.00292959971884
3455 1.00302571829336
3460 1.00312144901236
3465 1.00321679392163
3470 1.00331175505374
3475 1.00340633442817
3480 1.00350053405135
3485 1.00359435591684
3490 1.00368780200535
3495 1.00378087428491
3500 1.00387357471088
3505 1.00396590522613
3510 1.00405786776108
3515 1.00414946423382
3520 1.00424069655017
3525 1.00433156660383
3530 1.0044220762764
3535 1.00451222743752
3540 1.00460202194497
3545 1.00469146164469
3550 1.00478054837093
3555 1.00486928394634
3560 1.00495767018201
3565 1.00504570887758
3570 1.00513340182135
3575 1.00522075079033
3580 1.00530775755031
3585 1.00539442385601
3590 1.00548075145109
3595 1.00556674206826
3600 1.00565239742939
3605 1.00573771924554
3610 1.00582270921705
3615 1.00590736903366
3620 1.00599170037454
3625 1.00607570490838
3630 1.00615938429349
3635 1.00624274017786
3640 1.00632577419921
3645 1.00640848798512
3650 1.00649088315305
3655 1.00657296131044
3660 1.00665472405479
3665 1.00673617297373
3670 1.00681730964506
3675 1.00689813563687
3680 1.00697865250757
3685 1.00705886180599
3690 1.00713876507142
3695 1.00721836383371
3700 1.00729765961331
3705 1.00737665392137
3710 1.00745534825977
3715 1.00753374412122
3720 1.0076118429893
3725 1.00768964633854
3730 1.00776715563447
3735 1.00784437233373
3740 1.00792129788407
3745 1.00799793372446
3750 1.00807428128511
3755 1.0081503419876
3760 1.00822611724486
3765 1.00830160846132
3770 1.00837681703286
3775 1.008451744347
3780 1.00852639178285
3785 1.00860076071123
3790 1.0086748524947
3795 1.00874866848764
3800 1.00882221003631
3805 1.00889547847887
3810 1.00896847514548
3815 1.00904120135834
3820 1.00911365843174
3825 1.00918584767212
3830 1.00925777037813
3835 1.00932942784068
3840 1.00940082134301
3845 1.0094719521607
3850 1.00954282156178
3855 1.00961343080674
3860 1.00968378114862
3865 1.00975387383301
3870 1.00982371009816
3875 1.00989329117499
3880 1.00996261828716
3885 1.01003169265112
3890 1.01010051547614
3895 1.0101690879644
3900 1.01023741131099
3905 1.01030548670401
3910 1.01037331532457
3915 1.01044089834687
3920 1.01050823693823
3925 1.01057533225918
3930 1.01064218546342
3935 1.01070879769796
3940 1.01077517010311
3945 1.01084130381255
3950 1.01090719995337
3955 1.01097285964609
3960 1.01103828400475
3965 1.01110347413693
3970 1.01116843114379
3975 1.01123315612013
3980 1.01129765015441
3985 1.01136191432881
3990 1.01142594971928
3995 1.01148975739557
4000 1.01155333842127
4005 1.01161669385385
4010 1.01167982474472
4015 1.01174273213925
4020 1.01180541707682
4025 1.01186788059087
4030 1.01193012370893
4035 1.01199214745263
4040 1.01205395283782
4045 1.01211554087452
4050 1.01217691256702
4055 1.01223806891387
4060 1.01229901090799
4065 1.01235973953661
4070 1.01242025578141
4075 1.01248056061847
4080 1.01254065501838
4085 1.01260053994621
4090 1.01266021636161
4095 1.01271968521879
4100 1.01277894746659
4105 1.01283800404852
4110 1.01289685590276
4115 1.01295550396225
4120 1.01301394915467
4125 1.0130721924025
4130 1.01313023462306
4135 1.01318807672853
4140 1.01324571962599
4145 1.01330316421747
4150 1.01336041139996
4155 1.01341746206543
4160 1.01347431710092
4165 1.01353097738852
4170 1.0135874438054
4175 1.0136437172239
4180 1.01369979851149
4185 1.01375568853086
4190 1.0138113881399
4195 1.01386689819178
4200 1.01392221953496
4205 1.0139773530132
4210 1.01403229946562
4215 1.01408705972672
4220 1.01414163462642
4225 1.01419602499007
4230 1.01425023163848
4235 1.01430425538799
4240 1.01435809705043
4245 1.01441175743322
4250 1.01446523733935
4255 1.01451853756743
4260 1.0145716589117
4265 1.0146246021621
4270 1.01467736810423
4275 1.01472995751945
4280 1.01478237118486
4285 1.01483460987335
4290 1.0148866743536
4295 1.01493856539015
4300 1.01499028374338
4305 1.01504183016958
4310 1.01509320542093
4315 1.01514441024557
4320 1.01519544538761
4325 1.01524631158714
4330 1.01529700958027
4335 1.01534754009916
4340 1.01539790387204
4345 1.01544810162322
4350 1.01549813407315
4355 1.0155480019384
4360 1.01559770593173
4365 1.01564724676207
4370 1.01569662513459
4375 1.01574584175067
4380 1.01579489730799
4385 1.01584379250049
4390 1.01589252801843
4395 1.0159411045484
4400 1.01598952277335
4405 1.01603778337261
4410 1.01608588702191
4415 1.01613383439341
4420 1.01618162615572
4425 1.0162292629739
4430 1.01627674550953
4435 1.01632407442068
4440 1.01637125036197
4445 1.01641827398456
4450 1.01646514593622
4455 1.01651186686129
4460 1.01655843740075
4465 1.0166048581922
4470 1.01665112986992
4475 1.01669725306487
4480 1.01674322840472
4485 1.01678905651385
4490 1.01683473801339
4490 0.932951176281433
4485 0.932905494781889
4480 0.932859666672759
4475 0.932813691332912
4470 0.93276756813796
4465 0.932721296460239
4460 0.932674875668789
4455 0.932628305129336
4450 0.932581584204266
4445 0.932534712252606
4440 0.932487688630008
4435 0.93244051268872
4430 0.932393183777571
4425 0.932345701241944
4420 0.932298064423761
4415 0.932250272661456
4410 0.932202325289955
4405 0.932154221640652
4400 0.932105961041392
4395 0.932057542816442
4390 0.932008966286473
4385 0.931960230768535
4380 0.931911335576036
4375 0.931862280018717
4370 0.931813063402629
4365 0.931763685030112
4360 0.931714144199769
4355 0.931664440206442
4350 0.931614572341189
4345 0.931564539891263
4340 0.93151434214008
4335 0.931463978367203
4330 0.931413447848312
4325 0.931362749855181
4320 0.931311883655652
4315 0.931260848513614
4310 0.931209643688969
4305 0.931158268437618
4300 0.931106722011423
4295 0.931055003658192
4290 0.931003112621645
4285 0.930951048141393
4280 0.930898809452906
4275 0.930846395787494
4270 0.930793806372272
4265 0.930741040430139
4260 0.930688097179745
4255 0.930634975835472
4250 0.930581675607395
4245 0.930528195701266
4240 0.930474535318475
4235 0.93042069365603
4230 0.930366669906524
4225 0.930312463258108
4220 0.930258072894462
4215 0.930203497994762
4210 0.930148737733658
4205 0.930093791281238
4200 0.930038657803001
4195 0.929983336459826
4190 0.929927826407943
4185 0.929872126798901
4180 0.929816236779536
4175 0.929760155491944
4170 0.929703882073447
4165 0.929647415656561
4160 0.929590755368967
4155 0.929533900333477
4150 0.929476849668
4145 0.929419602485515
4140 0.929362157894033
4135 0.929304514996568
4130 0.929246672891098
4125 0.929188630670541
4120 0.929130387422713
4115 0.929071942230296
4110 0.929013294170807
4105 0.928954442316559
4100 0.928895385734631
4095 0.928836123486829
4090 0.928776654629652
4085 0.928716978214257
4080 0.928657093286423
4075 0.928596998886517
4070 0.928536694049451
4065 0.928476177804654
4060 0.928415449176027
4055 0.928354507181914
4050 0.928293350835058
4045 0.928231979142564
4040 0.928170391105864
4035 0.928108585720676
4030 0.928046561976968
4025 0.927984318858916
4020 0.927921855344865
4015 0.927859170407291
4010 0.927796263012762
4005 0.927733132121894
4000 0.927669776689313
3995 0.927606195663616
3990 0.927542387987326
3985 0.927478352596852
3980 0.927414088422448
3975 0.92734959438817
3970 0.927284869411834
3965 0.927219912404972
3960 0.927154722272791
3955 0.927089297914129
3950 0.927023638221409
3945 0.926957742080596
3940 0.926891608371155
3935 0.926825235966002
3930 0.92675862373146
3925 0.926691770527218
3920 0.926624675206276
3915 0.926557336614909
3910 0.92648975359261
3905 0.926421924972052
3900 0.926353849579036
3895 0.926285526232441
3890 0.926216953744183
3885 0.926148130919159
3880 0.926079056555202
3875 0.926009729443031
3870 0.925940148366201
3865 0.925870312101051
3860 0.925800219416659
3855 0.925729869074784
3850 0.92565925982982
3845 0.925588390428741
3840 0.925517259611049
3835 0.925445866108725
3830 0.925374208646172
3825 0.925302285940161
3820 0.925230096699782
3815 0.925157639626385
3810 0.925084913413526
3805 0.925011916746914
3800 0.924938648304353
3795 0.924865106755686
3790 0.92479129076274
3785 0.924717198979269
3780 0.924642830050893
3775 0.924568182615044
3770 0.924493255300907
3765 0.924418046729358
3760 0.924342555512907
3755 0.92426678025564
3750 0.924190719553154
3745 0.924114371992499
3740 0.924037736152117
3735 0.923960810601777
3730 0.923883593902517
3725 0.923806084606578
3720 0.923728281257341
3715 0.923650182389264
3710 0.923571786527816
3705 0.923493092189413
3700 0.923414097881353
3695 0.923334802101748
3690 0.923255203339459
3685 0.923175300074029
3680 0.923095090775614
3675 0.923014573904914
3670 0.922933747913105
3665 0.922852611241772
3660 0.922771162322836
3655 0.922689399578481
3650 0.922607321421088
3645 0.922524926253162
3640 0.922442212467257
3635 0.922359178445904
3630 0.922275822561537
3625 0.922192143176423
3620 0.922108138642578
3615 0.922023807301701
3610 0.921939147485092
3605 0.921854157513579
3600 0.921768835697435
3595 0.921683180336306
3590 0.921597189719129
3585 0.921510862124051
3580 0.921424195818354
3575 0.921337189058369
3570 0.921249840089397
3565 0.921162147145626
3560 0.921074108450051
3555 0.920985722214384
3550 0.920896986638975
3545 0.920807899912728
3540 0.92071846021301
3535 0.920628665705567
3530 0.920538514544439
3525 0.920448004871868
3520 0.920357134818213
3515 0.920265902501859
3510 0.920174306029124
3505 0.920082343494173
3500 0.919990012978922
3495 0.919897312552949
3490 0.919804240273397
3485 0.91971079418488
3480 0.919616972319393
3475 0.919522772696209
3470 0.919428193321787
3465 0.919333232189673
3460 0.919237887280403
3455 0.919142156561401
3450 0.919046037986881
3445 0.918949529497747
3440 0.918852629021486
3435 0.918755334472068
3430 0.918657643749845
3425 0.918559554741445
3420 0.918461065319672
3415 0.918362173343393
3410 0.918262876657433
3405 0.91816317309246
3400 0.918063060464863
3395 0.917962536576655
3390 0.917861599215365
3385 0.917760246153947
3380 0.917658475150715
3375 0.917556283949178
3370 0.917453670277908
3365 0.917350631850359
3360 0.917247166364562
3355 0.917143271503194
3350 0.917038944933523
3345 0.916934184307529
3340 0.916828987262496
3335 0.916723351420176
3330 0.916617274386424
3325 0.916510753750184
3320 0.916403787080695
3315 0.916296371930033
3310 0.91618850583387
3305 0.916080186314674
3300 0.91597141089154
3295 0.915862177070095
3290 0.91575248233904
3285 0.915642324157619
3280 0.915531699918284
3275 0.915420606983757
3270 0.915309042699296
3265 0.915197004438823
3260 0.915084489743619
3255 0.91497149618335
3250 0.914858021309654
3245 0.914744062483291
3240 0.914629616355898
3235 0.914514679387942
3230 0.914399248021279
3225 0.914283319323531
3220 0.914166892921535
3215 0.914049969067591
3210 0.913932547994783
3205 0.913814627511398
3200 0.913696195784499
3195 0.913577238556041
3190 0.913457741548131
3185 0.913337699440036
3180 0.9132171427995
3175 0.913096111151102
3170 0.912974643998924
3165 0.912852747323157
3160 0.912730293070261
3155 0.912607119662466
3150 0.912483065500834
3145 0.912357997215999
3140 0.912231894420746
3135 0.912104764957081
3130 0.91197661664514
3125 0.911847461628866
3120 0.911717329413388
3115 0.911586253827279
3110 0.911454268676515
3105 0.911321407744288
3100 0.911187704790818
3095 0.911053193553166
3090 0.910917907745042
3085 0.910781881056611
3080 0.9106451471543
3075 0.9105077396806
3070 0.910369692253869
3065 0.910231038468131
3060 0.910091811892873
3055 0.909952046072844
3050 0.909811774527846
3045 0.909671030752527
3040 0.909529848216173
3035 0.909388260362493
3030 0.90924630060941
3025 0.909104002348838
3020 0.908961398946473
3015 0.908818523741565
3010 0.908675410046702
3005 0.908532091147583
3000 0.908388600302792
2995 0.908244970743569
2990 0.908101235673583
2985 0.907957428268694
2980 0.907813581676724
2975 0.907669729017214
2970 0.907525903381188
2965 0.907382137830912
2960 0.907238465399646
2955 0.907094919091403
2950 0.906951531880697
2945 0.906808336712289
2940 0.906665366500941
2935 0.906522654131155
2930 0.906380232456914
2925 0.906238134301423
2920 0.906096392456847
2915 0.905955039684042
2910 0.905814108712287
2905 0.905673632239016
2900 0.90553364292954
2895 0.905389088263554
2890 0.905250156470755
2885 0.905114055384801
2880 0.904972604549509
2875 0.904834095963292
2870 0.90469645876962
2865 0.904561393833079
2860 0.904419387219834
2855 0.904283446731367
2850 0.904137605606304
2845 0.903994107977533
2840 0.903847242688284
2835 0.903703321203808
2830 0.903563730519056
2825 0.903428941198036
2820 0.903272103617682
2815 0.903337734838985
2810 0.904176765520749
2805 0.904266891862499
2800 0.904112640874009
2795 0.903958914104093
2790 0.903772617981926
2785 0.903579936625615
2780 0.903423613358616
2775 0.903269229782821
2770 0.90310653939505
2765 0.902947616758343
2760 0.902772778533433
2755 0.902596452150938
2750 0.902420371669716
2745 0.902243428897839
2740 0.902096681549562
2735 0.901954599456699
2730 0.901796399577387
2725 0.901643217939241
2720 0.901467693614379
2715 0.901293312904352
2710 0.901135133374216
2705 0.900980281393778
2700 0.900795621415025
2695 0.900609463885616
2690 0.900430513715043
2685 0.900254578258066
2680 0.900066767176607
2675 0.899877954599125
2670 0.899725154743901
2665 0.899576857444668
2660 0.899390803993777
2655 0.899205248202993
2650 0.899028516493747
2645 0.898857072944407
2640 0.898677619021641
2635 0.89849895192936
2630 0.898306610072166
2625 0.898114813579325
2620 0.8979148486339
2615 0.897714187126278
2610 0.897532236615789
2605 0.897348830486024
2600 0.897147387229056
2595 0.896949818225805
2590 0.89676385838529
2585 0.896579893133548
2580 0.896356426848352
2575 0.896131016619341
2570 0.89593202206729
2565 0.895735798836925
2560 0.895529915520904
2555 0.895323357023348
2550 0.895123691423675
2545 0.894929124040614
2540 0.894725495888623
2535 0.894526338472126
2530 0.894316464470588
2525 0.894109899011209
2520 0.893902442387061
2515 0.893699121122985
2510 0.893484731422504
2505 0.893272473309297
2500 0.893060184355538
2495 0.892850481617692
2490 0.892637769416348
2485 0.892428903569386
2480 0.892205636205029
2475 0.891985568899467
2470 0.89176350208699
2465 0.891538186366409
2460 0.891309471803521
2455 0.891082807616561
2450 0.890838771016075
2445 0.890597691948113
2440 0.890377700191637
2435 0.890158181809916
2430 0.889936569577744
2425 0.889715634522057
2420 0.889498110779943
2415 0.889282627278742
2410 0.889052100326792
2405 0.888825662513457
2400 0.888581349486415
2395 0.888337108144009
2390 0.888106817431198
2385 0.887876464817149
2380 0.887622623473888
2375 0.887369115212992
2370 0.887142585344158
2365 0.88692259013413
2360 0.88667791458907
2355 0.886438824125038
2350 0.886193282520021
2345 0.885954050894469
2340 0.885681897621799
2335 0.885412681154796
2330 0.88515461636243
2325 0.884897656405481
2320 0.884627321291632
2315 0.884359641634778
2310 0.884091935799642
2305 0.883826482235815
2300 0.88353746880369
2295 0.88324599382407
2290 0.882993518062513
2285 0.882748195892576
2280 0.882459530578688
2275 0.882170736266846
2270 0.881889012894574
2265 0.88160816820153
2260 0.881208437417442
2255 0.880738835722411
2250 0.880283515396304
2245 0.879841947784039
2240 0.879413604122995
2235 0.87899795554196
2230 0.878594473060072
2225 0.878202627585748
2220 0.877821889915603
2215 0.877451730733353
2210 0.877091620608711
2205 0.876741029996274
2200 0.876399429234389
2195 0.876066288544015
2190 0.875741078027575
2185 0.875423267667783
2180 0.875112327326475
2175 0.874807726743418
2170 0.874508935535109
2165 0.874215423193558
2160 0.873926659085067
2155 0.873642112448988
2150 0.87336125239647
2145 0.873083547909194
2140 0.872808467838096
2135 0.872535480902073
2130 0.87226405568668
2125 0.871993660642809
2120 0.871723764085355
2115 0.871453834191872
2110 0.871183339001212
2105 0.870911746412148
2100 0.870638524181986
2095 0.870363139925161
2090 0.870085061111819
2085 0.869803755066382
2080 0.869518688966104
2075 0.869229329839602
2070 0.868935144565383
2065 0.868635599870347
2060 0.868330162328279
2055 0.868018298358325
2050 0.867699474223448
2045 0.867373156028878
2040 0.867038809720531
2035 0.866695901083426
2030 0.866343895740078
2025 0.865982259148874
2020 0.865610456602438
2015 0.865227953225973
2010 0.864834213975588
2005 0.86442870363661
2000 0.864010886821875
1995 0.863580227970006
1990 0.863136191343666
1985 0.862678241027804
1980 0.862205840927871
1975 0.861718454768027
1970 0.861215546089324
1965 0.860696578247878
1960 0.860161014413008
1955 0.859608317565374
1950 0.859037950495085
1945 0.858449375799786
1940 0.857842055882735
1935 0.857299116326793
1930 0.857293517422363
1925 0.85744380867631
1920 0.857015069520745
1915 0.856590971964966
1910 0.856141947235078
1905 0.855693488851633
1900 0.855275981457978
1895 0.854861323980732
1890 0.854439959506676
1885 0.85402944966472
1880 0.853599161589795
1875 0.853173732270039
1870 0.852703572973966
1865 0.852231815803439
1860 0.851792723740916
1855 0.851355391656339
1850 0.850896520019961
1845 0.850441627882447
1840 0.849959126120999
1835 0.849477630027791
1830 0.849009592590198
1825 0.848543756981844
1820 0.848088408334687
1815 0.847628788809513
1810 0.847142919574353
1805 0.846660399254778
1800 0.846163063740788
1795 0.845668703922311
1790 0.845183150791511
1785 0.844697489284136
1780 0.844199878912178
1775 0.843702127755746
1770 0.843173073611507
1765 0.842640491358739
1760 0.842109540229412
1755 0.84157997897552
1750 0.841067555896198
1745 0.840561293301675
1740 0.840013349958027
1735 0.839478557865144
1730 0.838958744868134
1725 0.83845008843734
1720 0.837925845326077
1715 0.837386593278462
1710 0.836858813428264
1705 0.83633235251842
1700 0.835768624322321
1695 0.835213166717909
1690 0.83464321657777
1685 0.834067785394285
1680 0.833492124850832
1675 0.832920611994389
1670 0.832353145598758
1665 0.831789384945327
1660 0.83119684640668
1655 0.830600852231125
1650 0.830014310915472
1645 0.829428241869963
1640 0.828836521745034
1635 0.828249255367654
1630 0.827641358005751
1625 0.8268122316102
1620 0.826192679191032
1615 0.826305317047953
1610 0.826230044653883
1605 0.825980118521856
1600 0.825568794785919
1595 0.825009329197548
1590 0.824314977122035
1585 0.823498993534856
1580 0.82257463301801
1575 0.82155514975633
1570 0.820453797533779
1565 0.81928382972971
1560 0.818058499315109
1555 0.816791058848813
1550 0.8154947604737
1545 0.814182855912862
1540 0.812868596465747
1535 0.811565233004287
1530 0.810286015968994
1525 0.809044195365042
1520 0.807853020758322
1515 0.806725741271477
1510 0.805675605579914
1505 0.804715861907802
1500 0.803859758024041
1495 0.803120541238219
1490 0.802511458396541
1485 0.802045755877753
1480 0.801736679589032
1475 0.801597474961871
1470 0.801641386947942
1465 0.801881660014943
1460 0.80233153814243
1455 0.802487817483781
1450 0.80167177608458
1445 0.800849782844897
1440 0.800267034965476
1435 0.799651440184986
1430 0.7988479358474
1425 0.798038745729709
1420 0.797262241309948
1415 0.796486480757366
1410 0.795645216813626
1405 0.794805439647797
1400 0.793914605858805
1395 0.793024140924545
1390 0.792149175842178
1385 0.79127266515785
1380 0.790404187125748
1375 0.789518471176862
1370 0.78863507814979
1365 0.787748445783937
1360 0.786843988037467
1355 0.785941161322863
1350 0.785011015075322
1345 0.784069866364005
1340 0.783102268133637
1335 0.782122791431543
1330 0.781146060499585
1325 0.780157816248395
1320 0.779202103713553
1315 0.778208927684293
1310 0.776775995350039
1305 0.775557468796107
1300 0.775341328095503
1295 0.775466967577048
1290 0.77511284910562
1285 0.774346275069472
1280 0.77323454721748
1275 0.771844966655266
1270 0.770244833841377
1265 0.768501448583504
1260 0.76668211003476
1255 0.764854116690004
1250 0.763084766382224
1245 0.761441356278986
1240 0.759991182878939
1235 0.758801542008391
1230 0.757939728817954
1225 0.757473037779262
1220 0.757468762681775
1215 0.7571063040176
1210 0.755911418064146
1205 0.754703394305485
1200 0.75358982247817
1195 0.752456767168691
1190 0.751238866642968
1185 0.750017400284779
1180 0.748782221540673
1175 0.747539102864708
1170 0.746269755992568
1165 0.745001232287466
1160 0.743739571277324
1155 0.742477334819169
1150 0.741217620787727
1145 0.739945851659204
1140 0.73887699966041
1135 0.737838489925267
1130 0.736512410021776
1125 0.734991199496545
1120 0.733367297173046
1115 0.731733141151113
1110 0.730181168806637
1105 0.728803816791448
1100 0.727693521033412
1095 0.726541444480773
1090 0.725106261405096
1085 0.723653619449297
1080 0.722235583994976
1075 0.720670438304069
1070 0.717446997685533
1065 0.714925621340011
1060 0.713770461502442
1055 0.712481903148804
1050 0.71069851642089
1045 0.708913071754816
1040 0.707618338882511
1035 0.70650457414992
1030 0.704998989824696
1025 0.703482790541852
1020 0.702247381142934
1015 0.700681606501402
1010 0.698962765730517
1005 0.697722778337161
1000 0.695622517650114
995 0.693572534806264
990 0.691787310883073
985 0.68999597414505
980 0.688369299132837
975 0.686707809971238
970 0.684644911382689
965 0.682516716328388
960 0.680588815108096
955 0.678816312837282
950 0.677238765335388
945 0.6756643659701
940 0.673563063065168
935 0.671574765178027
930 0.670110282454341
925 0.668686994785621
920 0.666560156447685
915 0.664347550093892
910 0.662599238340886
905 0.660643460797634
900 0.657799582885751
895 0.655338317506402
890 0.653544191022159
885 0.651992568849411
880 0.650528808836981
875 0.648877204444473
870 0.64674067730191
865 0.644614641194824
860 0.642599047378084
855 0.640590162489045
850 0.638930059709844
845 0.637344125544854
840 0.634764362843
835 0.632018858539423
830 0.630173250966879
825 0.628448986873131
820 0.627584998236851
815 0.62681232222712
810 0.623034620248156
805 0.620346450892097
800 0.617973947513356
795 0.615580763534266
790 0.612695387588931
785 0.609912868206241
780 0.607798837393853
775 0.605632330872746
770 0.603334664723903
765 0.601042152506942
760 0.59987173394533
755 0.599064970551663
750 0.596470764391551
745 0.593897487113647
740 0.591367474508576
735 0.588671584753621
730 0.584456472735341
725 0.58114624758628
720 0.579657945793632
715 0.578508151768813
710 0.576003586934585
705 0.573523650461091
700 0.57083547030909
695 0.568104128181123
690 0.565392382558286
685 0.562700708863489
680 0.559804383746502
675 0.556939220942213
670 0.554020933995441
665 0.551097285045404
660 0.548329865093402
655 0.545512335703572
650 0.542637632352929
645 0.539748581230685
640 0.536964786010288
635 0.534205189307058
630 0.529682017311845
625 0.525516097058709
620 0.523655361915402
615 0.522148555919505
610 0.51866341134435
605 0.515259721573348
600 0.512122559248404
595 0.50895225096942
590 0.505853162334919
585 0.50271764179468
580 0.499499208209129
575 0.496278031799354
570 0.493283302125747
565 0.490300905177894
560 0.487264453691313
555 0.484293882193211
550 0.480931728645378
545 0.477565743164714
540 0.473865167757093
535 0.470205147744045
530 0.465013414458664
525 0.460170855720001
520 0.45785826705841
515 0.455874056503896
510 0.452354694058664
505 0.448846195962757
500 0.445219328851026
495 0.441561814900719
490 0.437834716792345
485 0.434116795822105
480 0.430460377199544
475 0.426812604920547
470 0.423085377722198
465 0.419357879160138
460 0.415590697725118
455 0.411778395588226
450 0.407897440394414
445 0.403988611678354
440 0.400164638613702
435 0.396284798617822
430 0.392527754903217
425 0.388727563181855
420 0.385103750346244
415 0.381398006821144
410 0.377277889972648
405 0.373075849831987
400 0.367339878623552
395 0.362143969803692
390 0.357881270614385
385 0.35376845015662
380 0.34968878052205
375 0.345579568857188
370 0.341279823021534
365 0.336938741475351
360 0.332895516139423
355 0.328835936585861
350 0.324806415577106
345 0.320819378564636
340 0.317521585602806
335 0.314319062660472
330 0.310433915993833
325 0.30656878110975
320 0.301708733894173
315 0.296825327310348
310 0.292277959275652
305 0.287882191187726
300 0.283453590870843
295 0.278858507521323
290 0.274166396496778
285 0.269475366438938
280 0.264795019999585
275 0.260112838208003
270 0.255416308593894
265 0.250695217731481
260 0.245948528870522
255 0.241177504289975
250 0.236383412738436
245 0.231567529415766
240 0.226731135950312
235 0.221875520371685
230 0.217001977079021
225 0.212111590534979
220 0.2072045864157
215 0.202280980374462
210 0.197340794261216
205 0.19238405606774
200 0.187410799868066
195 0.182421065754202
190 0.177414899767119
185 0.172392353823007
180 0.167353485634807
175 0.162298358629027
170 0.157227041857861
165 0.152139609906625
160 0.147036142796558
155 0.141916725883004
150 0.136781924852038
145 0.131634210918572
140 0.126476535401994
135 0.121311163493962
130 0.116137601105974
125 0.110954667769383
120 0.10576118751235
115 0.100556302789029
110 0.0953404165362871
105 0.0901142498319834
100 0.084878527680997
100 0.16118437873883

# p_cut_3sig | p_cut_3sig |  |  | 1759
100 0.168814963844614
105 0.17410226275161
110 0.17935937550952
115 0.18456494641106
120 0.189697623675967
125 0.194757004367373
130 0.199826468840742
135 0.205010346579932
140 0.210412971565611
145 0.216093657512489
150 0.221931623311866
155 0.227761067841497
160 0.233445986035916
165 0.238969542167709
170 0.244344696792491
175 0.249584415799984
180 0.254701670515832
185 0.259709437798804
190 0.264620700133351
195 0.269448445717494
200 0.274205668546002
205 0.278905368488866
210 0.28356055136504
215 0.28818422901145
220 0.292789419347282
225 0.297389146433542
230 0.301996440527917
235 0.306621954150101
240 0.311266810172789
245 0.315929753817072
250 0.320609536673571
255 0.325304916734166
260 0.330014658419226
265 0.334737532600383
270 0.339472316618911
275 0.344196632641928
280 0.348803462698692
285 0.353164633659627
290 0.357151978895577
295 0.360857690487611
300 0.365255375857724
305 0.37104577036315
310 0.376956692796008
315 0.381222737638856
320 0.382078505800885
325 0.383119055670586
330 0.386918257134833
335 0.39075498510233
340 0.395491629062914
345 0.400181442758252
350 0.404608037634171
355 0.408961055791825
360 0.412977154787838
365 0.416961120429452
370 0.420694199686565
375 0.424379400236281
380 0.427998189274126
385 0.431573565249758
390 0.435165879082579
395 0.438719789911109
400 0.440973160447815
405 0.442702079114769
410 0.446190962050886
415 0.449787443031645
420 0.453966257817423
425 0.458122797191424
430 0.462130123222154
435 0.466039328059998
440 0.469725105224168
445 0.473284744431071
450 0.477145004778841
455 0.480959836867925
460 0.484657420039263
465 0.488268150059943
470 0.492199079192898
475 0.496075859937845
480 0.499750308099602
485 0.503426292988251
490 0.506996742787643
495 0.510523066412443
500 0.514142940386032
505 0.517718713286779
510 0.521112584797563
515 0.52447596533601
520 0.529515806044525
525 0.534072377163497
530 0.535979047764854
535 0.537426281475512
540 0.540635162841451
545 0.543721497563074
550 0.547243409772744
555 0.550720108059094
560 0.554355414191733
565 0.557880168213399
570 0.561376376903138
575 0.564764211491501
580 0.568311700838672
585 0.571769805424587
590 0.574942499923227
595 0.578068969096292
600 0.581101658496428
605 0.584051412801948
610 0.58674920846498
615 0.589273191292037
620 0.59401748673093
625 0.598255698649324
630 0.600069080296619
635 0.601388628122694
640 0.604565075043419
645 0.607655106829828
650 0.610426514586895
655 0.613140746734366
660 0.615942787242621
665 0.618689313475845
670 0.621489211214179
675 0.624238866357496
680 0.626888134679865
685 0.629490317217394
690 0.632495677716824
695 0.635437907325453
700 0.63805193939672
705 0.640653398445783
710 0.643574100745813
715 0.646402399110088
720 0.650544033266804
725 0.654229332591286
730 0.656102915615475
735 0.656918072651034
740 0.659257871138377
745 0.661721819921143
750 0.664119296483299
755 0.666480875382628
760 0.670664120283297
765 0.674312535647487
770 0.676878712906145
775 0.67937739649297
780 0.682014674272329
785 0.684703570950138
790 0.68668810412373
795 0.688496072432288
800 0.69086343986699
805 0.693200775626641
810 0.695039765020575
815 0.695542981544525
820 0.699196629967628
825 0.702667349328942
830 0.705471846439793
835 0.708110820836962
840 0.70966066002606
845 0.711362390962459
850 0.71410783087207
855 0.716644870734583
860 0.718753852322905
865 0.720842959199352
870 0.722858113645334
875 0.724843639426329
880 0.727284977682989
885 0.729765137138687
890 0.732348188321182
895 0.734641714323674
900 0.736175277729681
905 0.73744862962232
910 0.739350139616127
915 0.741304468290191
920 0.742757100854116
925 0.744187903650131
930 0.746382423508276
935 0.748577602691982
940 0.750486070984392
945 0.75238541270189
950 0.754465614148409
955 0.756451557039413
960 0.758252601655995
965 0.759684204324948
970 0.761029930239109
975 0.762656099958734
980 0.764350903093641
985 0.766021189800671
990 0.767841665915666
995 0.769666644818887
1000 0.771033513404042
1005 0.772329929016125
1010 0.774426771940749
1015 0.776062159173888
1020 0.777802866394929
1025 0.779797285684221
1030 0.78143616379752
1035 0.783080840712566
1040 0.784835506658585
1045 0.786503115696132
1050 0.788050179608089
1055 0.7895739988425
1060 0.791171873143217
1065 0.792757473967629
1070 0.793212933747198
1075 0.792885898800106
1080 0.794249076310616
1085 0.795744781056175
1090 0.797248554586571
1095 0.798753163136069
1100 0.800362362516989
1105 0.80198610933518
1110 0.803454526697557
1115 0.804815974304941
1120 0.806118811134185
1125 0.807411395438084
1130 0.808742084745491
1135 0.810159235861618
1140 0.811711204868543
1145 0.813237179357162
1150 0.814671908685532
1155 0.816101279700901
1160 0.817470798564527
1165 0.81881368066976
1170 0.820150175332814
1175 0.821469459495324
1180 0.822778825963278
1185 0.824075771136902
1190 0.825405344023636
1195 0.826717679042456
1200 0.82804130776282
1205 0.829353119513059
1210 0.830566988834183
1215 0.831766174019834
1220 0.833498840284895
1225 0.83544952495311
1230 0.837095608489876
1235 0.838479434879522
1240 0.839643347424199
1245 0.84062968874708
1250 0.841480800795643
1255 0.842239024845026
1260 0.842946701501449
1265 0.843646170705709
1270 0.844379771736734
1275 0.845189843215197
1280 0.846118723107191
1285 0.847208748727958
1290 0.84850225674566
1295 0.850041583185208
1300 0.851869063432133
1305 0.853472791617768
1310 0.854352566933619
1315 0.85498314774866
1320 0.856051062626204
1325 0.857140117994903
1330 0.858175388929032
1335 0.859216180477081
1340 0.860228318356823
1345 0.86123179406961
1350 0.862249198057287
1355 0.863268564110735
1360 0.864296450419334
1365 0.865314050488436
1370 0.866305759982375
1375 0.86729442185166
1380 0.868284793673267
1385 0.869287188569924
1390 0.870263554916922
1395 0.871228538539491
1400 0.872151834912203
1405 0.873069992142287
1410 0.874037760039762
1415 0.874995381973522
1420 0.875975349194002
1425 0.876951845967464
1430 0.877891884905642
1435 0.878832766364474
1440 0.879930916281392
1445 0.881068773074393
1450 0.881944707054712
1455 0.882806834790336
1460 0.88450024262801
1465 0.886363655199271
1470 0.888061372490056
1475 0.889602830423119
1480 0.890997464433071
1485 0.892254709470551
1490 0.893384000006374
1495 0.894394770035673
1500 0.895296453082013
1505 0.896098482201495
1510 0.896810289986845
1515 0.897441308571469
1520 0.89800096963351
1525 0.898498704399868
1530 0.898943943650211
1535 0.899346117720957
1540 0.899714656509243
1545 0.900058989476865
1550 0.900388545654201
1555 0.900712753644112
1560 0.901041041625817
1565 0.901382837358746
1570 0.901747568186372
1575 0.902144661040019
1580 0.902583542442642
1585 0.90307363851259
1590 0.903624374967338
1595 0.904245177127196
1600 0.904945469918999
1605 0.905734677879763
1610 0.906622225160323
1615 0.907617535528941
1620 0.908730032374893
1625 0.909151707172686
1630 0.90957469676519
1635 0.91025596041381
1640 0.910959347474589
1645 0.911650709533822
1650 0.912344052070932
1655 0.9130288861739
1660 0.913691433830937
1665 0.91434675109734
1670 0.915010294780233
1675 0.915661617056533
1680 0.916311755825836
1685 0.916949414060276
1690 0.917602325422925
1695 0.918250092666029
1700 0.91887389664333
1705 0.919488940493656
1710 0.920136107261312
1715 0.920776941116565
1720 0.921387610563405
1725 0.922004873176091
1730 0.922641368453623
1735 0.923262264363263
1740 0.92388132265134
1745 0.924474540792415
1750 0.925083807467153
1755 0.925679874994258
1760 0.926256525840245
1765 0.9268267081169
1770 0.927374217796544
1775 0.92791423958985
1780 0.928491713449063
1785 0.929064211084106
1790 0.929647049451902
1795 0.930223489728463
1800 0.930758340241995
1805 0.931285669590741
1810 0.931831146331446
1815 0.932365673927898
1820 0.932895090436148
1825 0.933425535443923
1830 0.933977223397182
1835 0.9345188081434
1840 0.935018423141303
1845 0.93551419567868
1850 0.936034866614968
1855 0.936549589477561
1860 0.937076920465791
1865 0.93759794289343
1870 0.938063420036102
1875 0.938528973518075
1880 0.939041157233866
1885 0.93954499393545
1890 0.940050192097055
1895 0.940545441500434
1900 0.941022540415742
1905 0.941491669889696
1910 0.9419282661967
1915 0.942361121973626
1920 0.942810574113616
1925 0.943258015360585
1930 0.944159382901154
1935 0.944937115231656
1940 0.94516783345383
1945 0.945254343545818
1950 0.94537154770534
1955 0.945518388609859
1960 0.945693808742452
1965 0.945896750393732
1970 0.946126155663761
1975 0.946380966463939
1980 0.946660124518875
1985 0.946962571368237
1990 0.947287248368586
1995 0.947633096695193
2000 0.947999057343832
2005 0.94838407113256
2010 0.948787078703476
2015 0.949207020524465
2020 0.949642836890924
2025 0.950093467927462
2030 0.9505578535896
2035 0.951034933665435
2040 0.951523647777301
2045 0.952022935383406
2050 0.952531735779452
2055 0.953048988100243
2060 0.953573631321273
2065 0.954104604260299
2070 0.954640845578898
2075 0.955181293784005
2080 0.955724887229443
2085 0.956270564117426
2090 0.956817262500057
2095 0.957363920280807
2100 0.957909475215972
2105 0.958452864916131
2110 0.958993026847568
2115 0.959528898333699
2120 0.960059416556474
2125 0.960583518557761
2130 0.96110014124073
2135 0.961608221371204
2140 0.962106695579014
2145 0.962594500359328
2150 0.96307057207397
2155 0.963533846952725
2160 0.963983261094634
2165 0.964417750469269
2170 0.964836250918
2175 0.965237698155247
2180 0.965621027769721
2185 0.965985175225646
2190 0.966329075863978
2195 0.966651664903603
2200 0.966951877442526
2205 0.967228648459048
2210 0.967480912812931
2215 0.967707605246548
2220 0.967907660386026
2225 0.968080012742373
2230 0.968223596712593
2235 0.968337346580794
2240 0.968420196519281
2245 0.968471080589637
2250 0.968488932743795
2255 0.968472686825098
2260 0.968421276569349
2265 0.96850878077709
2270 0.968807810595244
2275 0.969103024139673
2280 0.969390243137868
2285 0.9696766526574
2290 0.969988314828556
2295 0.970294307088304
2300 0.97056735240836
2305 0.970842687147707
2310 0.971130371931139
2315 0.97141655395337
2320 0.971716874753979
2325 0.972011234170483
2330 0.972276809939178
2335 0.972546666387629
2340 0.972803890853787
2345 0.973059859397604
2350 0.973350746615057
2355 0.973635470651066
2360 0.97392409976214
2365 0.974205277738665
2370 0.974504932703322
2375 0.974795433405383
2380 0.9750460275518
2385 0.975297791070372
2390 0.975575799977557
2395 0.975850944152429
2400 0.976100199355259
2405 0.976350943093022
2410 0.97662906317725
2415 0.976902013440089
2420 0.977177553894321
2425 0.977449633156999
2430 0.977723038355733
2435 0.977994499503785
2440 0.978262651879132
2445 0.978527286469565
2450 0.978753023832492
2455 0.9789760624045
2460 0.979233169536787
2465 0.979485320085925
2470 0.979739797037049
2475 0.979994830930566
2480 0.980228136813692
2485 0.980461080108431
2490 0.980709398587757
2495 0.980954664951042
2500 0.981211479374968
2505 0.981462963477679
2510 0.981703962279537
2515 0.98194088268896
2520 0.982177308448688
2525 0.982409381954435
2530 0.982630906122027
2535 0.982851968091657
2540 0.983093830676909
2545 0.983328748630999
2550 0.983546954146326
2555 0.983765121670009
2560 0.983995944576273
2565 0.984224957480366
2570 0.984449483685541
2575 0.984669300547371
2580 0.984856391057139
2585 0.985046384396198
2590 0.985280705599024
2595 0.985507693380913
2600 0.985746189032729
2605 0.985977626756741
2610 0.986206390079751
2615 0.986433616614802
2620 0.986637025871986
2625 0.986840674831602
2630 0.987064453712614
2635 0.98728568527208
2640 0.987516371584069
2645 0.987742895423442
2650 0.987967096813114
2655 0.988182549511478
2660 0.988372444017651
2665 0.988563046431848
2670 0.988772572290556
2675 0.988985409467806
2680 0.989168031250896
2685 0.989351288887424
2690 0.989560589279784
2695 0.989764042138978
2700 0.989932348965832
2705 0.990103764241106
2710 0.990297225338667
2715 0.99049051912894
2720 0.990675075918256
2725 0.990858278822901
2730 0.991041980601122
2735 0.99122573233364
2740 0.991446363168187
2745 0.991656888797768
2750 0.991820777728021
2755 0.991987243197196
2760 0.992140163156841
2765 0.992297835942545
2770 0.992485029879043
2775 0.992668482098835
2780 0.992842781500648
2785 0.993015338097185
2790 0.993163613716862
2795 0.993317310742368
2800 0.993478338286141
2805 0.993642418216885
2810 0.993965673160349
2815 0.99474274550227
2820 0.995033375332757
2825 0.995190911776563
2830 0.995376715292846
2835 0.995557705292903
2840 0.995741015815666
2845 0.995919291076399
2850 0.996097863313574
2855 0.99627421463119
2860 0.996441200949062
2865 0.996606025041303
2870 0.996798553297199
2875 0.996985785353559
2880 0.997158111111344
2885 0.997324547382673
2890 0.997483732861279
2895 0.997641913846291
2900 0.997811229713016
2905 0.997984421280908
2910 0.998155436941658
2915 0.998324325514241
2920 0.998491135785511
2925 0.998655916510474
2930 0.998818716412562
2935 0.998979584183896
2940 0.99913856848556
2945 0.999295717947854
2950 0.999451081170565
2955 0.999604706723219
2960 0.999756643145339
2965 0.999906938946698
2970 1.00005564260757
2975 1.00020280257899
2980 1.00034846728296
2985 1.00049268511276
2990 1.00063550443313
2995 1.00077697358054
3000 1.0009171408634
3005 1.00105605456234
3010 1.00119376293041
3015 1.00133031419331
3020 1.00146575654963
3025 1.00160013817106
3030 1.00173350720264
3035 1.00186591176296
3040 1.0019973999444
3045 1.00212801981332
3050 1.00225781941029
3055 1.00238684675033
3060 1.00251514982305
3065 1.00264277659296
3070 1.00276977499959
3075 1.00289619295774
3080 1.00302207835767
3085 1.00314747906531
3090 1.00327244292245
3095 1.00339701774696
3100 1.00352125133296
3105 1.00364519145102
3110 1.00376888584837
3115 1.00389238224907
3120 1.00401572835423
3125 1.00413897184215
3130 1.00426216036855
3135 1.00438533635131
3140 1.00450852132443
3145 1.00463173158443
3150 1.00475498340599
3155 1.00487825914922
3160 1.00500140558144
3165 1.00512423555574
3170 1.00524656190408
3175 1.00536823763284
3180 1.00548927650932
3185 1.00560973247561
3190 1.00572965945328
3195 1.00584910057327
3200 1.00596805586497
3205 1.00608651456745
3210 1.00620446589994
3215 1.00632190194787
3220 1.00643882632077
3225 1.00655524549468
3230 1.00667116592643
3235 1.00678659328052
3240 1.00690153010943
3245 1.00701597817358
3250 1.00712993921481
3255 1.00724341516367
3260 1.0073564087612
3265 1.00746892293745
3270 1.00758096060445
3275 1.00769252460082
3280 1.00780361752536
3285 1.00791424190375
3290 1.00802440024419
3295 1.00813409505244
3300 1.00824332887656
3305 1.00835210426244
3310 1.00846042373902
3315 1.0085682898145
3320 1.00867570496445
3325 1.00878267164392
3330 1.00888919229158
3335 1.00899526933087
3340 1.00910090517338
3345 1.00920610221574
3350 1.00931086283868
3355 1.00941518940686
3360 1.00951908426818
3365 1.00962254975469
3370 1.00972558818306
3375 1.00982820185473
3380 1.00993039305628
3385 1.01003216405932
3390 1.01013351712052
3395 1.0102344544817
3400 1.01033497836991
3405 1.01043509099755
3410 1.01053479456259
3415 1.01063409124857
3420 1.01073298322485
3425 1.01083147264661
3430 1.010929561655
3435 1.01102725237721
3440 1.01112454692663
3445 1.0112214474029
3450 1.01131795589203
3455 1.01141407446656
3460 1.01150980518556
3465 1.01160515009483
3470 1.01170011122694
3475 1.01179469060136
3480 1.01188889022455
3485 1.01198271209003
3490 1.01207615817855
3495 1.0121692304581
3500 1.01226193088408
3505 1.01235426139933
3510 1.01244622393428
3515 1.01253782040701
3520 1.01262905272337
3525 1.01271992277702
3530 1.01281043244959
3535 1.01290058361072
3540 1.01299037811816
3545 1.01307981781788
3550 1.01316890454413
3555 1.01325764011954
3560 1.0133460263552
3565 1.01343406505078
3570 1.01352175799455
3575 1.01360910696352
3580 1.01369611372351
3585 1.0137827800292
3590 1.01386910762428
3595 1.01395509824146
3600 1.01404075360259
3605 1.01412607541873
3610 1.01421106539025
3615 1.01429572520685
3620 1.01438005654773
3625 1.01446406108158
3630 1.01454774046669
3635 1.01463109635106
3640 1.01471413037241
3645 1.01479684415832
3650 1.01487923932624
3655 1.01496131748363
3660 1.01504308022799
3665 1.01512452914693
3670 1.01520566581826
3675 1.01528649181007
3680 1.01536700868077
3685 1.01544721797918
3690 1.01552712124461
3695 1.0156067200069
3700 1.01568601578651
3705 1.01576501009457
3710 1.01584370443297
3715 1.01592210029442
3720 1.01600019916249
3725 1.01607800251173
3730 1.01615551180767
3735 1.01623272850693
3740 1.01630965405727
3745 1.01638628989765
3750 1.01646263745831
3755 1.01653869816079
3760 1.01661447341806
3765 1.01668996463451
3770 1.01676517320606
3775 1.0168401005202
3780 1.01691474795605
3785 1.01698911688442
3790 1.01706320866789
3795 1.01713702466084
3800 1.01721056620951
3805 1.01728383465207
3810 1.01735683131868
3815 1.01742955753154
3820 1.01750201460494
3825 1.01757420384531
3830 1.01764612655133
3835 1.01771778401388
3840 1.0177891775162
3845 1.01786030833389
3850 1.01793117773497
3855 1.01800178697994
3860 1.01807213732181
3865 1.0181422300062
3870 1.01821206627135
3875 1.01828164734818
3880 1.01835097446036
3885 1.01842004882431
3890 1.01848887164934
3895 1.01855744413759
3900 1.01862576748419
3905 1.01869384287721
3910 1.01876167149776
3915 1.01882925452006
3920 1.01889659311143
3925 1.01896368843237
3930 1.01903054163661
3935 1.01909715387115
3940 1.01916352627631
3945 1.01922965998575
3950 1.01929555612656
3955 1.01936121581928
3960 1.01942664017794
3965 1.01949183031013
3970 1.01955678731699
3975 1.01962151229332
3980 1.0196860063276
3985 1.01975027050201
3990 1.01981430589248
3995 1.01987811356877
4000 1.01994169459447
4005 1.02000505002705
4010 1.02006818091791
4015 1.02013108831244
4020 1.02019377325002
4025 1.02025623676407
4030 1.02031847988212
4035 1.02038050362583
4040 1.02044230901102
4045 1.02050389704772
4050 1.02056526874021
4055 1.02062642508707
4060 1.02068736708118
4065 1.02074809570981
4070 1.0208086119546
4075 1.02086891679167
4080 1.02092901119158
4085 1.02098889611941
4090 1.0210485725348
4095 1.02110804139198
4100 1.02116730363978
4105 1.02122636022171
4110 1.02128521207596
4115 1.02134386013545
4120 1.02140230532787
4125 1.02146054857569
4130 1.02151859079625
4135 1.02157643290172
4140 1.02163407579919
4145 1.02169152039067
4150 1.02174876757315
4155 1.02180581823863
4160 1.02186267327412
4165 1.02191933356171
4170 1.0219757999786
4175 1.0220320733971
4180 1.02208815468469
4185 1.02214404470405
4190 1.0221997443131
4195 1.02225525436498
4200 1.02231057570815
4205 1.02236570918639
4210 1.02242065563881
4215 1.02247541589992
4220 1.02252999079961
4225 1.02258438116326
4230 1.02263858781168
4235 1.02269261156118
4240 1.02274645322363
4245 1.02280011360642
4250 1.02285359351255
4255 1.02290689374062
4260 1.0229600150849
4265 1.02301295833529
4270 1.02306572427743
4275 1.02311831369265
4280 1.02317072735806
4285 1.02322296604655
4290 1.0232750305268
4295 1.02332692156335
4300 1.02337863991658
4305 1.02343018634277
4310 1.02348156159412
4315 1.02353276641877
4320 1.02358380156081
4325 1.02363466776033
4330 1.02368536575347
4335 1.02373589627236
4340 1.02378626004523
4345 1.02383645779642
4350 1.02388649024634
4355 1.0239363581116
4360 1.02398606210492
4365 1.02403560293527
4370 1.02408498130778
4375 1.02413419792387
4380 1.02418325348119
4385 1.02423214867369
4390 1.02428088419163
4395 1.02432946072159
4400 1.02437787894654
4405 1.02442613954581
4410 1.02447424319511
4415 1.02452219056661
4420 1.02456998232891
4425 1.0246176191471
4430 1.02466510168272
4435 1.02471243059387
4440 1.02475960653516
4445 1.02480663015776
4450 1.02485350210942
4455 1.02490022303449
4460 1.02494679357394
4465 1.02499321436539
4470 1.02503948604311
4475 1.02508560923807
4480 1.02513158457791
4485 1.02517741268704
4490 1.02522309418659
4490 0.924562820108238
4485 0.924517138608693
4480 0.924471310499563
4475 0.924425335159716
4470 0.924379211964764
4465 0.924332940287043
4460 0.924286519495594
4455 0.92423994895614
4450 0.92419322803107
4445 0.924146356079411
4440 0.924099332456812
4435 0.924052156515524
4430 0.924004827604375
4425 0.923957345068748
4420 0.923909708250565
4415 0.92386191648826
4410 0.923813969116759
4405 0.923765865467456
4400 0.923717604868196
4395 0.923669186643246
4390 0.923620610113277
4385 0.923571874595339
4380 0.92352297940284
4375 0.923473923845521
4370 0.923424707229433
4365 0.923375328856917
4360 0.923325788026573
4355 0.923276084033246
4350 0.923226216167994
4345 0.923176183718067
4340 0.923125985966884
4335 0.923075622194007
4330 0.923025091675116
4325 0.922974393681985
4320 0.922923527482457
4315 0.922872492340418
4310 0.922821287515774
4305 0.922769912264422
4300 0.922718365838227
4295 0.922666647484996
4290 0.922614756448449
4285 0.922562691968197
4280 0.922510453279711
4275 0.922458039614298
4270 0.922405450199077
4265 0.922352684256943
4260 0.92229974100655
4255 0.922246619662276
4250 0.922193319434199
4245 0.92213983952807
4240 0.922086179145279
4235 0.922032337482834
4230 0.921978313733329
4225 0.921924107084913
4220 0.921869716721266
4215 0.921815141821566
4210 0.921760381560462
4205 0.921705435108042
4200 0.921650301629805
4195 0.921594980286631
4190 0.921539470234748
4185 0.921483770625705
4180 0.92142788060634
4175 0.921371799318748
4170 0.921315525900251
4165 0.921259059483365
4160 0.921202399195772
4155 0.921145544160281
4150 0.921088493494804
4145 0.921031246312319
4140 0.920973801720837
4135 0.920916158823372
4130 0.920858316717903
4125 0.920800274497346
4120 0.920742031249517
4115 0.920683586057101
4110 0.920624937997611
4105 0.920566086143364
4100 0.920507029561435
4095 0.920447767313633
4090 0.920388298456456
4085 0.920328622041061
4080 0.920268737113228
4075 0.920208642713321
4070 0.920148337876255
4065 0.920087821631458
4060 0.920027093002832
4055 0.919966151008719
4050 0.919904994661862
4045 0.919843622969368
4040 0.919782034932668
4035 0.919720229547481
4030 0.919658205803773
4025 0.91959596268572
4020 0.919533499171669
4015 0.919470814234095
4010 0.919407906839566
4005 0.919344775948698
4000 0.919281420516118
3995 0.919217839490421
3990 0.919154031814131
3985 0.919089996423657
3980 0.919025732249252
3975 0.918961238214974
3970 0.918896513238638
3965 0.918831556231776
3960 0.918766366099596
3955 0.918700941740933
3950 0.918635282048213
3945 0.918569385907401
3940 0.918503252197959
3935 0.918436879792806
3930 0.918370267558265
3925 0.918303414354022
3920 0.918236319033081
3915 0.918168980441713
3910 0.918101397419414
3905 0.918033568798856
3900 0.91796549340584
3895 0.917897170059246
3890 0.917828597570987
3885 0.917759774745963
3880 0.917690700382006
3875 0.917621373269835
3870 0.917551792193005
3865 0.917481955927856
3860 0.917411863243463
3855 0.917341512901589
3850 0.917270903656624
3845 0.917200034255545
3840 0.917128903437853
3835 0.917057509935529
3830 0.916985852472976
3825 0.916913929766966
3820 0.916841740526587
3815 0.91676928345319
3810 0.916696557240331
3805 0.916623560573719
3800 0.916550292131157
3795 0.91647675058249
3790 0.916402934589545
3785 0.916328842806073
3780 0.916254473877697
3775 0.916179826441849
3770 0.916104899127711
3765 0.916029690556162
3760 0.915954199339712
3755 0.915878424082444
3750 0.915802363379958
3745 0.915726015819303
3740 0.915649379978921
3735 0.915572454428581
3730 0.915495237729321
3725 0.915417728433382
3720 0.915339925084146
3715 0.915261826216068
3710 0.91518343035462
3705 0.915104736016217
3700 0.915025741708157
3695 0.914946445928552
3690 0.914866847166264
3685 0.914786943900834
3680 0.914706734602418
3675 0.914626217731718
3670 0.914545391739909
3665 0.914464255068577
3660 0.91438280614964
3655 0.914301043405285
3650 0.914218965247892
3645 0.914136570079967
3640 0.914053856294061
3635 0.913970822272708
3630 0.913887466388342
3625 0.913803787003227
3620 0.913719782469382
3615 0.913635451128505
3610 0.913550791311897
3605 0.913465801340383
3600 0.91338047952424
3595 0.913294824163111
3590 0.913208833545933
3585 0.913122505950855
3580 0.913035839645158
3575 0.912948832885173
3570 0.912861483916201
3565 0.91277379097243
3560 0.912685752276855
3555 0.912597366041188
3550 0.91250863046578
3545 0.912419543739532
3540 0.912330104039814
3535 0.912240309532371
3530 0.912150158371243
3525 0.912059648698672
3520 0.911968778645018
3515 0.911877546328663
3510 0.911785949855928
3505 0.911693987320977
3500 0.911601656805727
3495 0.911508956379754
3490 0.911415884100201
3485 0.911322438011685
3480 0.911228616146197
3475 0.911134416523013
3470 0.911039837148591
3465 0.910944876016477
3460 0.910849531107207
3455 0.910753800388205
3450 0.910657681813686
3445 0.910561173324552
3440 0.91046427284829
3435 0.910366978298873
3430 0.910269287576649
3425 0.910171198568248
3420 0.910072709146473
3415 0.909973817170195
3410 0.909874520484237
3405 0.90977481691927
3400 0.909674704291678
3395 0.909574180403469
3390 0.909473243042169
3385 0.909371889980731
3380 0.909270118977482
3375 0.909167927775946
3370 0.909065314104712
3365 0.908962275677238
3360 0.908858810191506
3355 0.908754915330133
3350 0.908650588760327
3345 0.908545828134055
3340 0.908440631088779
3335 0.908334995246476
3330 0.908228918213228
3325 0.908122397578026
3320 0.908015430909445
3315 0.907908015758717
3310 0.907800149660674
3305 0.907691830137605
3300 0.907583054711084
3295 0.907473820889882
3290 0.907364126165845
3285 0.90725396799888
3280 0.907143343772186
3275 0.907032250836752
3270 0.9069206865261
3265 0.906808648211675
3260 0.906696133469293
3255 0.906583139912412
3250 0.906469665136458
3245 0.906355706511447
3240 0.906241260560123
3235 0.906126323579526
3230 0.906010891848083
3225 0.905894962398882
3220 0.905778535339786
3215 0.90566161153302
3210 0.905544191821587
3205 0.905426274142666
3200 0.905307844868093
3195 0.905188887463565
3190 0.905069385374935
3185 0.904949332800438
3180 0.904828767007698
3175 0.904707736016399
3170 0.904586287825728
3165 0.904464430211104
3160 0.904342010114699
3155 0.904218834254579
3150 0.904094709327638
3145 0.903969475909778
3140 0.903843110156775
3135 0.90371562210306
3130 0.903587021761194
3125 0.903457324336749
3120 0.903326565873311
3115 0.903194787607116
3110 0.903062030751802
3105 0.902928336498222
3100 0.90279374601426
3095 0.902658300444639
3090 0.902522040910732
3085 0.902385008510366
3080 0.90224724431763
3075 0.902108789382679
3070 0.901969684731531
3065 0.901829971365874
3060 0.901689690262857
3055 0.901548882374891
3050 0.901407588629442
3045 0.901265849928819
3040 0.90112370714997
3035 0.900981201144269
3030 0.900838372737298
3025 0.900695262728637
3020 0.900551911891641
3015 0.900408360973225
3010 0.900264650693638
3005 0.900120821746241
3000 0.899976914797282
2995 0.899832970485663
2990 0.899689029422715
2985 0.899545132191961
2980 0.899401319348884
2975 0.899257631420689
2970 0.899114108906062
2965 0.898970792274931
2960 0.898827721968219
2955 0.898684938397602
2950 0.898542481945254
2945 0.898400392963601
2940 0.898258711775067
2935 0.898117478671815
2930 0.897976733915491
2925 0.897836517736964
2920 0.897696870336059
2915 0.897557831881297
2910 0.897419442509617
2905 0.897281742326117
2900 0.897144771403769
2895 0.897002467756032
2890 0.896865285889799
2885 0.896731283384994
2880 0.896592103952978
2875 0.896456669655086
2870 0.896323541085295
2865 0.896193700086877
2860 0.896053767789905
2855 0.895920649649565
2850 0.89577758217837
2845 0.895637273150364
2840 0.895493263313068
2835 0.895352922650254
2830 0.89521709553962
2825 0.895086943872716
2820 0.894930169825402
2815 0.89502818841505
2810 0.896014137553513
2805 0.8961418440121
2800 0.895988486563815
2795 0.895835423500614
2790 0.895646163824204
2785 0.895449445582745
2780 0.895294598072977
2775 0.89514202502682
2770 0.894981222078324
2765 0.894824869559779
2760 0.894648470840396
2755 0.894470016601278
2750 0.894293062028052
2745 0.8941149325433
2740 0.893973983220596
2735 0.893839041922431
2730 0.893683164938866
2725 0.893532757858908
2720 0.893357931586754
2715 0.893184475974844
2710 0.893029488650175
2705 0.892878146589476
2700 0.89269228254677
2695 0.892504502226219
2690 0.892327779572794
2685 0.89215487729176
2680 0.891966652260763
2675 0.891777276883791
2670 0.891629934966932
2665 0.891487203900378
2660 0.891301563991607
2655 0.891116402629494
2650 0.890943191010169
2645 0.890776543628131
2640 0.890601368788693
2635 0.890427430716386
2630 0.890237715195761
2625 0.890048826192755
2620 0.889849196157711
2615 0.889648784445503
2610 0.889470949937247
2605 0.889291667188687
2600 0.88909295070145
2595 0.888899102302614
2590 0.88871687227495
2585 0.888537484836943
2580 0.888310975556644
2575 0.888082081716793
2570 0.887884980101995
2565 0.88769132986934
2560 0.887487549243143
2555 0.887283196600924
2550 0.887085212994343
2545 0.886892794532397
2540 0.886692010907869
2535 0.886496735779442
2530 0.886287878865912
2525 0.886082673289098
2520 0.885877454563277
2515 0.885677142798805
2510 0.885464801344591
2505 0.885255156021262
2500 0.885046430262863
2495 0.88484101040557
2490 0.884631257673492
2485 0.884425978429472
2480 0.884203590695151
2475 0.88398472689664
2470 0.88376565709153
2465 0.883542992391907
2460 0.883316408373225
2455 0.883092511726748
2450 0.882846566214583
2445 0.882604092446163
2440 0.882388159129138
2435 0.882173062019564
2430 0.881955981507018
2425 0.881739816464335
2420 0.881527252315
2415 0.881317228536802
2410 0.881090558249477
2405 0.880868818824406
2400 0.880625090407429
2395 0.880381304870517
2390 0.880155091745165
2385 0.879929071521402
2380 0.879675041284987
2375 0.879421268104593
2370 0.879200553766053
2365 0.878987800351899
2360 0.8787464432097
2355 0.878511856259036
2350 0.878269876693199
2345 0.878035341030548
2340 0.877761716418891
2335 0.877491409769993
2330 0.877234416946362
2325 0.876978240245027
2320 0.876710089158691
2315 0.876445376878542
2310 0.876179350696779
2305 0.875915918152915
2300 0.875625661203265
2295 0.875332510800048
2290 0.875084900174691
2285 0.874845608913956
2280 0.874556738527854
2275 0.87426780100568
2270 0.873987304012695
2265 0.873708112512843
2260 0.873279997494541
2255 0.872763031076712
2250 0.872264841091987
2245 0.871784753892621
2240 0.871322095723333
2235 0.870876192720248
2230 0.870446370909843
2225 0.870031956207873
2220 0.869632274418292
2215 0.869246651232153
2210 0.868874412226509
2205 0.868514882863294
2200 0.868167388488194
2195 0.867831254329507
2190 0.867505805496993
2185 0.867190366980704
2180 0.866884263649816
2175 0.866586820251434
2170 0.866297361409391
2165 0.866015211623039
2160 0.865739695266016
2155 0.865470136585012
2150 0.865205859698515
2145 0.864946188595545
2140 0.864690447134376
2135 0.864437959041243
2130 0.86418804790904
2125 0.863940037195995
2120 0.863693250224344
2115 0.863447010178978
2110 0.863200640106089
2105 0.862953462911786
2100 0.862704801360714
2095 0.862453978074648
2090 0.86220031553107
2085 0.861943136061742
2080 0.861681761851255
2075 0.861415514935565
2070 0.861143717200518
2065 0.860865690380351
2060 0.860580756056188
2055 0.860288235654514
2050 0.85998745044563
2045 0.859677721542103
2040 0.859358369897189
2035 0.859028716303244
2030 0.858688081390121
2025 0.858335785623548
2020 0.857971149303485
2015 0.857593492562474
2010 0.857202135363962
2005 0.856796397500614
2000 0.856375598592606
1995 0.855939058085898
1990 0.855486095250491
1985 0.855016029178674
1980 0.854528178783234
1975 0.854021862795671
1970 0.853496399764376
1965 0.8529511080528
1960 0.852385305837604
1955 0.851798311106785
1950 0.851189441657789
1945 0.850558015095601
1940 0.849903348830817
1935 0.84933202551726
1930 0.849396620560655
1925 0.849642517159558
1920 0.84921547819412
1915 0.848793685600542
1910 0.84834319096584
1905 0.847893654211809
1900 0.847480839734545
1895 0.847071858751668
1890 0.846657211089368
1885 0.846255309276472
1880 0.845831707440334
1875 0.845414164883854
1870 0.844943586877408
1865 0.844471258795258
1860 0.844039614947746
1855 0.843610464581682
1850 0.843156670329506
1845 0.84270775808279
1840 0.842226462755516
1835 0.841746613835463
1830 0.841285262516836
1825 0.840827231667109
1820 0.840378709961827
1815 0.839925435616932
1810 0.839443989869163
1805 0.8389671928606
1800 0.83847258405886
1795 0.83798190521266
1790 0.837504614549657
1785 0.837027787302321
1780 0.836536984863371
1775 0.836046481225373
1770 0.83551842414014
1765 0.834987198926179
1760 0.834459814264791
1755 0.833934533882907
1750 0.833429714844293
1745 0.832932816257062
1740 0.83238898880409
1735 0.831861857274406
1730 0.83135123363309
1725 0.830854198915635
1720 0.830338412122683
1715 0.829805652565907
1710 0.829288150352532
1705 0.82877266270249
1700 0.828213599565866
1695 0.82766435526808
1690 0.827101479410029
1685 0.826533091879195
1680 0.825963067489468
1675 0.825398702443285
1670 0.824838859309533
1665 0.824284169840598
1660 0.82369733845902
1655 0.823107394599964
1650 0.822529788992248
1645 0.821953472082339
1640 0.821370810315074
1635 0.820794100363458
1630 0.820192872663984
1625 0.819326824740883
1620 0.818689283447045
1615 0.818913297186045
1610 0.818921664607843
1605 0.818729704034773
1600 0.818352733410185
1595 0.817806070294853
1590 0.817105031863371
1585 0.816264934900517
1580 0.815301095797589
1575 0.814228830548722
1570 0.81306345474718
1565 0.811820283581616
1560 0.810514631832318
1555 0.809161813867422
1550 0.807777143639109
1545 0.806375934679771
1540 0.804973500098156
1535 0.803585152575498
1530 0.802226204361611
1525 0.800911967270967
1520 0.79965775267876
1515 0.798478871516932
1510 0.797390634270193
1505 0.796408350972011
1500 0.795547331200589
1495 0.794822884074814
1490 0.794250318250193
1485 0.793844941914772
1480 0.793622062785029
1475 0.793596988101758
1470 0.793785024625932
1465 0.79420147863455
1460 0.794861655916468
1455 0.79518608863773
1450 0.794374236905477
1445 0.793557147369488
1440 0.793024863936756
1435 0.792453137805032
1430 0.791662122296651
1425 0.790864827526277
1420 0.79010650422958
1415 0.789349307919534
1410 0.788518621974886
1405 0.787690480330116
1400 0.786802130490314
1395 0.785914650232277
1390 0.785047868653565
1385 0.784180435756752
1380 0.783324131985064
1375 0.782447930206426
1370 0.781574107074101
1365 0.780697027174438
1360 0.779802855093661
1355 0.778911397433057
1350 0.777989362076961
1345 0.777055145663496
1340 0.776090809022438
1335 0.775114301518313
1330 0.774143394278726
1325 0.773159425180531
1320 0.772215834721494
1315 0.771229453132987
1310 0.769723579751532
1305 0.768474257630502
1300 0.768384261246718
1295 0.768687457067216
1290 0.768441084774707
1285 0.767722413827792
1280 0.766608713045688
1275 0.765177250604363
1270 0.763505294032708
1265 0.761670110208758
1260 0.75974896535597
1255 0.757819125039547
1250 0.755957854162822
1245 0.754242416963705
1240 0.752750077011188
1235 0.751558097201924
1230 0.75074373975687
1225 0.750384266218004
1220 0.750556937445128
1215 0.750319043108307
1210 0.749124547994143
1205 0.747917055650251
1200 0.74682150563411
1195 0.745705775180167
1190 0.744496459608362
1185 0.743284821116405
1180 0.742055257502254
1175 0.740818161352834
1170 0.739553354234364
1165 0.738291009707257
1160 0.737036732433033
1155 0.73578424892083
1150 0.734539958251562
1145 0.733283003686662
1140 0.732255708277853
1135 0.731263876658326
1130 0.729946075955984
1125 0.728407545320041
1120 0.726753523176578
1115 0.725089247228038
1110 0.723519954452917
1105 0.722150881105654
1100 0.721087262716723
1095 0.719976742784837
1090 0.718547871115871
1085 0.717099877485035
1080 0.715688902875373
1075 0.714105396440793
1070 0.710559185316291
1065 0.707849998373864
1060 0.706733969535098
1055 0.705473530813014
1050 0.703666547040235
1045 0.701859431396514
1040 0.700598596357413
1035 0.699543095371497
1030 0.698050155827166
1025 0.696545109165273
1020 0.695378700665479
1015 0.693828828985721
1010 0.692102401529587
1005 0.690940310093619
1000 0.688766972581575
995 0.68665488844148
990 0.684873278607382
985 0.68308459090363
980 0.681461880590946
975 0.679803419972375
970 0.677700818759378
965 0.675501490146882
960 0.673528470876469
955 0.671758563364361
950 0.670218142716022
945 0.668689725358119
940 0.666570062345238
935 0.664574507222213
930 0.663176451449438
925 0.661823275797938
920 0.659633161501646
915 0.657351466621501
910 0.6556218836795
905 0.653661172722663
900 0.650674519718121
895 0.648128917795741
890 0.646380191267703
885 0.644922335368568
880 0.643550975305526
875 0.641971164900668
870 0.639820910361599
865 0.637684794103503
860 0.635675883292191
855 0.633676098103088
850 0.632095716876914
845 0.630615192325071
840 0.62795560855363
835 0.625101407421465
830 0.623327924105705
825 0.621701863013512
820 0.621074849897689
815 0.620564080470993
810 0.616488697996118
805 0.613723330461684
800 0.611347630026662
795 0.608952099088991
790 0.605968776994858
785 0.603113713411341
780 0.601051943132173
775 0.59892823399818
770 0.596648842161881
765 0.594381208585074
760 0.593436062460061
755 0.592936251930666
750 0.590320897837756
745 0.587731638676602
740 0.585195620269503
735 0.582467358581129
730 0.577943159746238
725 0.574502330767644
720 0.573213756023344
715 0.572335947465061
710 0.569860812951746
705 0.567420946098847
700 0.564724882210214
695 0.561982875531639
690 0.559292082998419
685 0.556628926285861
680 0.553705860934378
675 0.550821071359005
670 0.547887454248283
665 0.544952555188091
660 0.542183235807109
655 0.539364298337137
650 0.536475006695296
645 0.533575260721672
640 0.530819305189094
635 0.528097603960182
630 0.523283193404139
625 0.518903406005017
620 0.51725880511399
615 0.516046316340184
610 0.512473793424293
605 0.509005931461657
600 0.505851732044038
595 0.502668912957886
590 0.499572313463254
585 0.496440172373779
580 0.493243527060988
575 0.490052015463704
570 0.487093022600529
565 0.48415733581103
560 0.481165275464002
555 0.478255134387222
550 0.474903393997436
545 0.471551583673954
540 0.467795168203969
535 0.464094135586639
530 0.45856199324901
525 0.453452535588774
520 0.451343945332399
515 0.44963751933734
510 0.446103976718764
505 0.44258505802421
500 0.438953545984207
495 0.435292610217835
490 0.431547259883682
485 0.427815932443364
480 0.424161292572267
475 0.42051594537352
470 0.416802313952134
465 0.413093309078338
460 0.409311904787468
455 0.405489173653708
450 0.401602207268556
445 0.397688963246289
440 0.393840959830932
435 0.389943477759442
430 0.386200266874223
425 0.382418905544621
420 0.378843522394318
415 0.375180785347462
410 0.371013065238263
405 0.366746192624462
400 0.360645943912255
395 0.355182531612108
390 0.350855397117277
385 0.346695257875426
380 0.34256974336277
375 0.338415947822725
370 0.334060334233803
365 0.329663979752251
360 0.325615367171385
355 0.321551834839864
350 0.317551722662827
345 0.313604645456125
340 0.310433399833705
335 0.307370342438485
330 0.303480794071924
325 0.299609665240583
320 0.294402390993562
315 0.289152835462302
310 0.284579892591983
305 0.280321865808142
300 0.276017064962945
295 0.27140403634257
290 0.266622252642341
285 0.261867251237058
280 0.257157888845121
275 0.252468856895828
270 0.247774853318892
265 0.243055007288853
260 0.238306153457003
255 0.233529557704139
250 0.228726492380697
245 0.223898236288374
240 0.21904607465736
235 0.214171299119102
230 0.209275207674576
225 0.204359085453291
220 0.199424147058284
215 0.194471594134736
210 0.189502634524505
205 0.184518482211274
200 0.179520357260981
195 0.174509485757539
190 0.169487099733825
185 0.164454437097934
180 0.159412741554713
175 0.154363262522577
170 0.149307255045622
165 0.144245979701072
160 0.139180702502071
155 0.134112694795869
150 0.129041043173872
145 0.123956079410034
140 0.11884595029621
135 0.113702146849783
130 0.108529522220995
125 0.103336273533202
120 0.0981306024065667
115 0.0929191533688444
110 0.0877023293569022
105 0.0824789759301991
100 0.0772479425752136
100 0.168814963844614

# p_cut_35sig | p_cut_35sig |  |  | 1759
100 0.176445548950397
105 0.181737536653395
110 0.186997462688905
115 0.192202095831245
120 0.19732820878175
125 0.202375398603554
130 0.207434547725721
135 0.212619363224111
140 0.218043556671394
145 0.223771789021027
150 0.229672504990032
155 0.235565098928632
160 0.241301426330404
165 0.246863172373262
170 0.25226448360473
175 0.257519511906435
180 0.262642414595926
185 0.267647354523877
190 0.272548500166645
195 0.277360025714157
200 0.282096111153087
205 0.286770942345332
210 0.291398711101751
215 0.295993615251176
220 0.300569858704698
225 0.305141651515229
230 0.309723209932362
235 0.314326175402684
240 0.318951871465741
245 0.323599046944464
250 0.328266457031311
255 0.332952863320001
260 0.337657033832744
265 0.342377743043011
270 0.347113771893912
275 0.351840613954103
280 0.356440593853156
285 0.360772748861508
290 0.364696122750013
295 0.368312161666364
300 0.372691901765622
305 0.378606095742735
310 0.384654759479677
315 0.388895229486902
320 0.389384848701495
325 0.390078171539753
330 0.393871379056742
335 0.397703705324317
340 0.402579814832014
345 0.407396175866762
350 0.41186273054845
355 0.416245157537822
360 0.420257303755876
365 0.424235882152552
370 0.427913688474295
375 0.431543021270743
380 0.435117226433406
385 0.438646757530952
390 0.442191752579687
395 0.445681228102693
400 0.447667095159112
405 0.449031736322295
410 0.452455786785272
415 0.456004664505327
420 0.460226485769348
425 0.464431454828657
430 0.468457611251148
435 0.472380648918378
440 0.476048784006937
445 0.479584392863136
450 0.483440237904698
455 0.487249058802443
460 0.490936212976912
465 0.494532720141743
470 0.498482142962962
475 0.502372519484872
480 0.50604939272688
485 0.509727156366992
490 0.513284199696306
495 0.516792271095327
500 0.520408723252851
505 0.523979851225326
510 0.527363302137463
515 0.530712502502565
520 0.536030127770536
525 0.540790697294724
530 0.542430468974508
535 0.543537293632918
540 0.546705162394575
545 0.549735657053834
550 0.553271744420686
555 0.556758855865084
560 0.560454592419044
565 0.564023737580263
570 0.567566656428356
575 0.570990227827151
580 0.574567381986812
585 0.578047274845488
590 0.581223348794891
595 0.584352307107826
600 0.587372485700794
605 0.590305202913638
610 0.592938826385037
615 0.595375430871358
620 0.600414043532342
625 0.604868389703016
630 0.606467904204326
635 0.60749621346957
640 0.610710555864613
645 0.613828427338841
650 0.616589140244529
655 0.619288784100802
660 0.622089416528914
665 0.624834043333158
670 0.627622690961337
675 0.630357015940704
680 0.632986657491989
685 0.635562099795021
690 0.638595977276691
695 0.641559159974937
700 0.644162527495595
705 0.646756102808027
710 0.649716874728651
715 0.65257460341384
720 0.656988223037092
725 0.660873249409922
730 0.662616228604578
735 0.663122298823526
740 0.66542972537745
745 0.667887668358188
750 0.670269163037094
755 0.672609594003625
760 0.677099791768567
765 0.680973479569355
770 0.683564535468167
775 0.686081493367536
780 0.688761568534008
785 0.691502725745038
790 0.693414714717803
795 0.695124736877563
800 0.697489757353684
805 0.699823896057054
810 0.701585687272613
815 0.701791223300652
820 0.70570677830679
825 0.709414473188561
830 0.712317173300967
835 0.715028271954919
840 0.716469414315429
845 0.718091324182241
850 0.720942173705
855 0.723558935120541
860 0.725677016408798
865 0.727772806290673
870 0.729777880585646
875 0.731749678970134
880 0.734262811214445
885 0.736835370619531
890 0.739512188075639
895 0.741851114034335
900 0.743300340897311
905 0.744430917697292
910 0.746327494277513
915 0.748300551762581
920 0.749684095800155
925 0.751051622637814
930 0.753316254513179
935 0.755577860647796
940 0.757479071704321
945 0.759360053313871
950 0.761486236767774
955 0.763509306512334
960 0.765312945887622
965 0.766699430506454
970 0.76797402286242
975 0.769560489957598
980 0.771258321635532
985 0.772932573042091
990 0.774755698191356
995 0.776584291183671
1000 0.777889058472581
1005 0.779112397259667
1010 0.781287136141679
1015 0.782914936689569
1020 0.784671546872384
1025 0.7867349670608
1030 0.788384997795049
1035 0.790042319490988
1040 0.791855249183683
1045 0.793556756054434
1050 0.795082148988744
1055 0.79658237117829
1060 0.79820836511056
1065 0.799833096933776
1070 0.80010074611644
1075 0.799450940663382
1080 0.80079575743022
1085 0.802298523020437
1090 0.803806944875796
1095 0.805317864832005
1100 0.806968620833677
1105 0.808639045020974
1110 0.810115741051277
1115 0.811459868228016
1120 0.812732585130652
1125 0.813995049614588
1130 0.815308418811283
1135 0.816733849128559
1140 0.8183324962511
1145 0.819900027329703
1150 0.821349571221696
1155 0.82279436559924
1160 0.824173637408818
1165 0.825523903249969
1170 0.826866577091019
1175 0.828190401007198
1180 0.829505790001697
1185 0.830808350305277
1190 0.832147751058242
1195 0.833468671030981
1200 0.834809624606879
1205 0.836139458168293
1210 0.837353858904186
1215 0.838553434929128
1220 0.840410665521542
1225 0.842538296514369
1230 0.84429159755096
1235 0.845722879685989
1240 0.84688445329195
1245 0.847828628062361
1250 0.848607713015045
1255 0.849274016495483
1260 0.849879846180239
1265 0.850477509080455
1270 0.851119311545403
1275 0.851857559266099
1280 0.852744557278983
1285 0.853832609969639
1290 0.855174021076572
1295 0.856821093695041
1300 0.858826130280918
1305 0.860556002783373
1310 0.861404982532126
1315 0.861962622299966
1320 0.863037331618264
1325 0.864138509062767
1330 0.865178055149891
1335 0.866224670390312
1340 0.867239777468022
1345 0.86824651477012
1350 0.869270851055647
1355 0.870298328000542
1360 0.87133758336314
1365 0.872365469097935
1370 0.873366731058064
1375 0.874364962822096
1380 0.875364848813951
1385 0.876379417971022
1390 0.877364862105535
1395 0.878338029231758
1400 0.879264310280694
1405 0.880184951459967
1410 0.881164354878502
1415 0.882132554811355
1420 0.883131086274371
1425 0.884125764170897
1430 0.885077698456391
1435 0.886031068744427
1440 0.887173087310111
1445 0.888361408549802
1450 0.889242246233814
1455 0.890108563636386
1460 0.891970124853972
1465 0.894043836579664
1470 0.895917734812066
1475 0.897603317283232
1480 0.899112081237075
1485 0.900455523433532
1490 0.901645140152723
1495 0.902692427199078
1500 0.903608879905465
1505 0.904405993137286
1510 0.905095261296565
1515 0.905688178326013
1520 0.906196237713072
1525 0.906630932493943
1530 0.907003755257594
1535 0.907326198149745
1540 0.907609752876833
1545 0.907865910709956
1550 0.908106162488792
1555 0.908341998625503
1560 0.908584909108609
1565 0.90884638350684
1570 0.909137910972972
1575 0.909470980247627
1580 0.909857079663064
1585 0.91030769714693
1590 0.910834320226002
1595 0.911448436029892
1600 0.912161531294734
1605 0.912985092366846
1610 0.913930605206363
1615 0.915009555390849
1620 0.91623342811888
1625 0.916637114042003
1630 0.917023182106957
1635 0.917711115418006
1640 0.918425058904548
1645 0.919125479321445
1650 0.919828573994155
1655 0.920522343805061
1660 0.921190941778597
1665 0.921851966202068
1670 0.922524581069458
1675 0.923183526607638
1680 0.9238408131872
1685 0.924484107575366
1690 0.925144062590667
1695 0.925798904115858
1700 0.926428921399786
1705 0.927048630309586
1710 0.927706770337044
1715 0.92835788182912
1720 0.928975043766798
1725 0.929600762697795
1730 0.930248879688668
1735 0.930878964954001
1740 0.931505683805278
1745 0.932103017837028
1750 0.932721648519058
1755 0.933325320086871
1760 0.933906251804866
1765 0.93448000054946
1770 0.935028867267911
1775 0.935569886120223
1780 0.936154607497871
1785 0.936733913065921
1790 0.937325585693755
1795 0.937910288438113
1800 0.938448819923922
1805 0.938978875984919
1810 0.939530076036637
1815 0.940069027120478
1820 0.940604788809008
1825 0.941142060758657
1830 0.941701553470544
1835 0.942249824335728
1840 0.942751086506786
1845 0.943248065478338
1850 0.943774716305423
1855 0.944294516552218
1860 0.944830029258962
1865 0.945358499901611
1870 0.945823406132659
1875 0.94628854090426
1880 0.946808611383327
1885 0.947319134323698
1890 0.947832940514362
1895 0.948334906729498
1900 0.948817682139175
1905 0.94929150452952
1910 0.949727022465939
1915 0.95015840833805
1920 0.950610165440241
1925 0.951059306877337
1930 0.952056279762862
1935 0.95290420604119
1940 0.953106540505748
1945 0.953145704250002
1950 0.953220056542636
1955 0.953328395068449
1960 0.953469517317856
1965 0.953642220588809
1970 0.95384530198871
1975 0.954077558436295
1980 0.954337786663512
1985 0.954624783217367
1990 0.954937344461761
1995 0.955274266579301
2000 0.955634345573101
2005 0.956016377268555
2010 0.956419157315102
2015 0.956841481187965
2020 0.957282144189877
2025 0.957739941452788
2030 0.958213667939556
2035 0.958702118445617
2040 0.959204087600644
2045 0.959718369870181
2050 0.96024375955727
2055 0.960779050804053
2060 0.961323037593363
2065 0.961874513750295
2070 0.962432272943763
2075 0.962995108688042
2080 0.963561814344292
2085 0.964131183122066
2090 0.964702008080806
2095 0.96527308213132
2100 0.965843198037244
2105 0.966411148416493
2110 0.966975725742691
2115 0.967535722346593
2120 0.968089930417485
2125 0.968637142004575
2130 0.96917614901837
2135 0.969705743232034
2140 0.970224716282734
2145 0.970731859672977
2150 0.971225964771924
2155 0.971705822816701
2160 0.972170224913685
2165 0.972617962039788
2170 0.973047825043717
2175 0.973458604647231
2180 0.973849091446379
2185 0.974218075912724
2190 0.97456434839456
2195 0.974886699118111
2200 0.97518391818872
2205 0.975454795592027
2210 0.975698121195132
2215 0.975912684747748
2220 0.976097275883338
2225 0.976250684120248
2230 0.976371698862822
2235 0.976459109402507
2240 0.976511704918944
2245 0.976528274481055
2250 0.976507607048112
2255 0.976448491470797
2260 0.97634971649225
2265 0.976408836465778
2270 0.976709519477123
2275 0.977005959400839
2280 0.977293035188703
2285 0.977579239636021
2290 0.977896932716378
2295 0.978207790112325
2300 0.978479160008784
2305 0.978753251230606
2310 0.979042957034003
2315 0.979330818709606
2320 0.979634106886919
2325 0.979930650330937
2330 0.980197009355246
2335 0.980467937772432
2340 0.980724072056695
2345 0.980978569261525
2350 0.981274152441879
2355 0.981562438517069
2360 0.98185557114151
2365 0.982140067520895
2370 0.982446964281427
2375 0.982743280513782
2380 0.982993609740701
2385 0.98324518436612
2390 0.98352752566359
2395 0.983806747425921
2400 0.984056458434245
2405 0.984307786782073
2410 0.984590605254564
2415 0.984867412182029
2420 0.985148412359265
2425 0.985425451214721
2430 0.985703626426459
2435 0.985979619294137
2440 0.986252192941632
2445 0.986520885971515
2450 0.986745228633985
2455 0.986966358294313
2460 0.987226232967083
2465 0.987480514060426
2470 0.987737642032509
2475 0.987995672933393
2480 0.988230182323571
2485 0.988464005248344
2490 0.988715910330613
2495 0.988964136163165
2500 0.989225233467643
2505 0.989480280765714
2510 0.989723892357449
2515 0.989962861013139
2520 0.990202296272472
2525 0.990436607676546
2530 0.990659491726704
2535 0.990881570784342
2540 0.991127315657663
2545 0.991365078139215
2550 0.991585432575658
2555 0.991805282092433
2560 0.992038310854034
2565 0.992269426447951
2570 0.992496525650837
2575 0.99271823544992
2580 0.992901842348847
2585 0.993088792692802
2590 0.993327691709364
2595 0.993558409304105
2600 0.993800625560336
2605 0.994034790054079
2610 0.994267676758292
2615 0.994499019295576
2620 0.994702678348176
2625 0.994906662218172
2630 0.995133348589018
2635 0.995357206485055
2640 0.995592621817017
2645 0.995823424739718
2650 0.996052422296693
2655 0.996271395084976
2660 0.996461684019821
2665 0.996652699976137
2670 0.996867792067525
2675 0.99708608718314
2680 0.997268146166741
2685 0.997450989853729
2690 0.997663323422034
2695 0.997869003798374
2700 0.998035687834087
2705 0.998205899045409
2710 0.998402870062708
2715 0.998599356058448
2720 0.998784837945881
2725 0.998968738903234
2730 0.999155215239643
2735 0.999341289867907
2740 0.999569061497153
2745 0.999785385152307
2750 0.999948087369686
2755 1.00011367874686
2760 1.00026447084988
2765 1.00042058314111
2770 1.00061034719577
2775 1.00079568685484
2780 1.00097179678629
2785 1.00114582914005
2790 1.00129006787458
2795 1.00144080134585
2800 1.00160249259633
2805 1.00176746606728
2810 1.00212830112758
2815 1.00305229192621
2820 1.00337530912504
2825 1.00353290910188
2830 1.00372335027228
2835 1.00390810384646
2840 1.00409499519088
2845 1.00427612590357
2850 1.00445788674151
2855 1.00463701171299
2860 1.00480682037899
2865 1.0049737187875
2870 1.00517147098152
2875 1.00536321166177
2880 1.00553861170787
2885 1.00570731938248
2890 1.00586860344224
2895 1.00602853435381
2900 1.00620010123879
2905 1.00637631119381
2910 1.00655010314433
2915 1.00672153331699
2920 1.0068906579063
2925 1.00705753307493
2930 1.00722221495398
2935 1.00738475964324
2940 1.00754522321143
2945 1.00770366169654
2950 1.00786013110601
2955 1.00801468741702
2960 1.00816738657677
2965 1.00831828450268
2970 1.0084674370827
2975 1.00861490017551
2980 1.0087607296108
2985 1.0089049811895
2990 1.009047710684
2995 1.00918897383844
3000 1.00932882636891
3005 1.00946732396369
3010 1.00960452228348
3015 1.00974047696165
3020 1.00987524360446
3025 1.01000887779126
3030 1.01014143507475
3035 1.01027297098119
3040 1.0104035410106
3045 1.01053320063703
3050 1.0106620053087
3055 1.01079001044828
3060 1.01091727145307
3065 1.01104384369522
3070 1.01116978252193
3075 1.01129514325566
3080 1.01141998119434
3085 1.01154435161155
3090 1.01166830975676
3095 1.01179191085549
3100 1.01191521010951
3105 1.01203826269708
3110 1.01216112377308
3115 1.01228384846924
3120 1.01240649189431
3125 1.01252910913427
3130 1.0126517552525
3135 1.01277447920533
3140 1.0128973055884
3145 1.01302025289065
3150 1.01314333957918
3155 1.01326654455711
3160 1.013389688537
3165 1.01351255266779
3170 1.01363491807727
3175 1.01375661276754
3180 1.01387765230112
3185 1.01399809911521
3190 1.01411801562648
3195 1.01423745166574
3200 1.01435640678137
3205 1.01447486793618
3210 1.01459282207313
3215 1.01471025948244
3220 1.01482718390251
3225 1.01494360241933
3230 1.01505952209963
3235 1.01517494908894
3240 1.0152898859052
3245 1.01540433414542
3250 1.015518295388
3255 1.01563177143461
3260 1.01574476503552
3265 1.0158572791646
3270 1.01596931677764
3275 1.01608088074783
3280 1.01619197367146
3285 1.01630259806249
3290 1.01641275641739
3295 1.01652245123266
3300 1.01663168505702
3305 1.01674046043951
3310 1.01684877991222
3315 1.01695664598582
3320 1.0170640611357
3325 1.01717102781608
3330 1.01727754846477
3335 1.01738362550457
3340 1.0174892613471
3345 1.01759445838922
3350 1.01769921901187
3355 1.01780354557992
3360 1.01790744044124
3365 1.01801090592781
3370 1.01811394435626
3375 1.01821655802796
3380 1.01831874922951
3385 1.01842052023254
3390 1.01852187329371
3395 1.01862281065489
3400 1.01872333454309
3405 1.01882344717075
3410 1.01892315073578
3415 1.01902244742177
3420 1.01912133939805
3425 1.01921982881981
3430 1.01931791782819
3435 1.01941560855041
3440 1.01951290309983
3445 1.01960980357609
3450 1.01970631206523
3455 1.01980243063975
3460 1.01989816135875
3465 1.01999350626802
3470 1.02008846740014
3475 1.02018304677456
3480 1.02027724639774
3485 1.02037106826323
3490 1.02046451435175
3495 1.0205575866313
3500 1.02065028705727
3505 1.02074261757252
3510 1.02083458010747
3515 1.02092617658021
3520 1.02101740889656
3525 1.02110827895022
3530 1.02119878862279
3535 1.02128893978392
3540 1.02137873429136
3545 1.02146817399108
3550 1.02155726071732
3555 1.02164599629273
3560 1.0217343825284
3565 1.02182242122398
3570 1.02191011416775
3575 1.02199746313672
3580 1.0220844698967
3585 1.0221711362024
3590 1.02225746379748
3595 1.02234345441466
3600 1.02242910977578
3605 1.02251443159193
3610 1.02259942156344
3615 1.02268408138005
3620 1.02276841272093
3625 1.02285241725477
3630 1.02293609663989
3635 1.02301945252425
3640 1.02310248654561
3645 1.02318520033151
3650 1.02326759549944
3655 1.02334967365683
3660 1.02343143640118
3665 1.02351288532012
3670 1.02359402199145
3675 1.02367484798326
3680 1.02375536485396
3685 1.02383557415238
3690 1.02391547741781
3695 1.0239950761801
3700 1.0240743719597
3705 1.02415336626776
3710 1.02423206060616
3715 1.02431045646761
3720 1.02438855533569
3725 1.02446635868493
3730 1.02454386798087
3735 1.02462108468013
3740 1.02469801023047
3745 1.02477464607085
3750 1.0248509936315
3755 1.02492705433399
3760 1.02500282959126
3765 1.02507832080771
3770 1.02515352937926
3775 1.02522845669339
3780 1.02530310412924
3785 1.02537747305762
3790 1.02545156484109
3795 1.02552538083404
3800 1.0255989223827
3805 1.02567219082526
3810 1.02574518749188
3815 1.02581791370473
3820 1.02589037077813
3825 1.02596256001851
3830 1.02603448272452
3835 1.02610614018707
3840 1.0261775336894
3845 1.02624866450709
3850 1.02631953390817
3855 1.02639014315313
3860 1.02646049349501
3865 1.0265305861794
3870 1.02660042244455
3875 1.02667000352138
3880 1.02673933063355
3885 1.02680840499751
3890 1.02687722782253
3895 1.02694580031079
3900 1.02701412365738
3905 1.0270821990504
3910 1.02715002767096
3915 1.02721761069326
3920 1.02728494928463
3925 1.02735204460557
3930 1.02741889780981
3935 1.02748551004435
3940 1.0275518824495
3945 1.02761801615895
3950 1.02768391229976
3955 1.02774957199248
3960 1.02781499635114
3965 1.02788018648332
3970 1.02794514349018
3975 1.02800986846652
3980 1.0280743625008
3985 1.0281386266752
3990 1.02820266206568
3995 1.02826646974197
4000 1.02833005076766
4005 1.02839340620024
4010 1.02845653709111
4015 1.02851944448564
4020 1.02858212942321
4025 1.02864459293726
4030 1.02870683605532
4035 1.02876885979903
4040 1.02883066518421
4045 1.02889225322091
4050 1.02895362491341
4055 1.02901478126026
4060 1.02907572325438
4065 1.029136451883
4070 1.0291969681278
4075 1.02925727296487
4080 1.02931736736477
4085 1.02937725229261
4090 1.029436928708
4095 1.02949639756518
4100 1.02955565981298
4105 1.02961471639491
4110 1.02967356824916
4115 1.02973221630865
4120 1.02979066150106
4125 1.02984890474889
4130 1.02990694696945
4135 1.02996478907492
4140 1.03002243197238
4145 1.03007987656386
4150 1.03013712374635
4155 1.03019417441183
4160 1.03025102944732
4165 1.03030768973491
4170 1.0303641561518
4175 1.03042042957029
4180 1.03047651085788
4185 1.03053240087725
4190 1.03058810048629
4195 1.03064361053818
4200 1.03069893188135
4205 1.03075406535959
4210 1.03080901181201
4215 1.03086377207311
4220 1.03091834697281
4225 1.03097273733646
4230 1.03102694398487
4235 1.03108096773438
4240 1.03113480939682
4245 1.03118846977961
4250 1.03124194968574
4255 1.03129524991382
4260 1.03134837125809
4265 1.03140131450849
4270 1.03145408045062
4275 1.03150666986584
4280 1.03155908353126
4285 1.03161132221974
4290 1.03166338669999
4295 1.03171527773654
4300 1.03176699608977
4305 1.03181854251597
4310 1.03186991776732
4315 1.03192112259196
4320 1.031972157734
4325 1.03202302393353
4330 1.03207372192666
4335 1.03212425244555
4340 1.03217461621843
4345 1.03222481396961
4350 1.03227484641954
4355 1.03232471428479
4360 1.03237441827812
4365 1.03242395910846
4370 1.03247333748098
4375 1.03252255409707
4380 1.03257160965438
4385 1.03262050484688
4390 1.03266924036482
4395 1.03271781689479
4400 1.03276623511974
4405 1.032814495719
4410 1.0328625993683
4415 1.03291054673981
4420 1.03295833850211
4425 1.03300597532029
4430 1.03305345785592
4435 1.03310078676707
4440 1.03314796270836
4445 1.03319498633096
4450 1.03324185828261
4455 1.03328857920769
4460 1.03333514974714
4465 1.03338157053859
4470 1.03342784221631
4475 1.03347396541126
4480 1.03351994075111
4485 1.03356576886024
4490 1.03361145035978
4490 0.916174463935042
4485 0.916128782435497
4480 0.916082954326368
4475 0.916036978986521
4470 0.915990855791568
4465 0.915944584113847
4460 0.915898163322398
4455 0.915851592782945
4450 0.915804871857874
4445 0.915757999906215
4440 0.915710976283617
4435 0.915663800342329
4430 0.915616471431179
4425 0.915568988895552
4420 0.91552135207737
4415 0.915473560315065
4410 0.915425612943563
4405 0.91537750929426
4400 0.915329248695
4395 0.91528083047005
4390 0.915232253940081
4385 0.915183518422143
4380 0.915134623229644
4375 0.915085567672325
4370 0.915036351056238
4365 0.914986972683721
4360 0.914937431853377
4355 0.91488772786005
4350 0.914837859994798
4345 0.914787827544872
4340 0.914737629793689
4335 0.914687266020812
4330 0.91463673550192
4325 0.914586037508789
4320 0.914535171309261
4315 0.914484136167222
4310 0.914432931342578
4305 0.914381556091226
4300 0.914330009665032
4295 0.9142782913118
4290 0.914226400275254
4285 0.914174335795001
4280 0.914122097106515
4275 0.914069683441103
4270 0.914017094025881
4265 0.913964328083747
4260 0.913911384833354
4255 0.91385826348908
4250 0.913804963261004
4245 0.913751483354874
4240 0.913697822972083
4235 0.913643981309638
4230 0.913589957560133
4225 0.913535750911717
4220 0.91348136054807
4215 0.91342678564837
4210 0.913372025387266
4205 0.913317078934846
4200 0.91326194545661
4195 0.913206624113435
4190 0.913151114061552
4185 0.913095414452509
4180 0.913039524433144
4175 0.912983443145552
4170 0.912927169727055
4165 0.91287070331017
4160 0.912814043022576
4155 0.912757187987085
4150 0.912700137321609
4145 0.912642890139124
4140 0.912585445547642
4135 0.912527802650176
4130 0.912469960544707
4125 0.91241191832415
4120 0.912353675076321
4115 0.912295229883905
4110 0.912236581824415
4105 0.912177729970168
4100 0.91211867338824
4095 0.912059411140437
4090 0.91199994228326
4085 0.911940265867865
4080 0.911880380940032
4075 0.911820286540125
4070 0.911759981703059
4065 0.911699465458262
4060 0.911638736829636
4055 0.911577794835523
4050 0.911516638488666
4045 0.911455266796172
4040 0.911393678759472
4035 0.911331873374285
4030 0.911269849630577
4025 0.911207606512525
4020 0.911145142998473
4015 0.9110824580609
4010 0.91101955066637
4005 0.910956419775502
4000 0.910893064342922
3995 0.910829483317225
3990 0.910765675640935
3985 0.910701640250461
3980 0.910637376076057
3975 0.910572882041778
3970 0.910508157065442
3965 0.91044320005858
3960 0.9103780099264
3955 0.910312585567738
3950 0.910246925875017
3945 0.910181029734205
3940 0.910114896024764
3935 0.91004852361961
3930 0.909981911385069
3925 0.909915058180826
3920 0.909847962859885
3915 0.909780624268517
3910 0.909713041246218
3905 0.909645212625661
3900 0.909577137232644
3895 0.90950881388605
3890 0.909440241397792
3885 0.909371418572768
3880 0.909302344208811
3875 0.90923301709664
3870 0.909163436019809
3865 0.90909359975466
3860 0.909023507070268
3855 0.908953156728393
3850 0.908882547483429
3845 0.908811678082349
3840 0.908740547264657
3835 0.908669153762333
3830 0.90859749629978
3825 0.90852557359377
3820 0.908453384353391
3815 0.908380927279994
3810 0.908308201067135
3805 0.908235204400523
3800 0.908161935957962
3795 0.908088394409295
3790 0.908014578416349
3785 0.907940486632878
3780 0.907866117704502
3775 0.907791470268653
3770 0.907716542954516
3765 0.907641334382966
3760 0.907565843166516
3755 0.907490067909249
3750 0.907414007206762
3745 0.907337659646108
3740 0.907261023805725
3735 0.907184098255385
3730 0.907106881556126
3725 0.907029372260187
3720 0.90695156891095
3715 0.906873470042872
3710 0.906795074181424
3705 0.906716379843021
3700 0.906637385534961
3695 0.906558089755356
3690 0.906478490993068
3685 0.906398587727638
3680 0.906318378429222
3675 0.906237861558522
3670 0.906157035566714
3665 0.906075898895381
3660 0.905994449976444
3655 0.905912687232089
3650 0.905830609074697
3645 0.905748213906771
3640 0.905665500120866
3635 0.905582466099512
3630 0.905499110215146
3625 0.905415430830031
3620 0.905331426296186
3615 0.905247094955309
3610 0.905162435138701
3605 0.905077445167187
3600 0.904992123351044
3595 0.904906467989915
3590 0.904820477372737
3585 0.90473414977766
3580 0.904647483471962
3575 0.904560476711977
3570 0.904473127743005
3565 0.904385434799235
3560 0.904297396103659
3555 0.904209009867992
3550 0.904120274292584
3545 0.904031187566337
3540 0.903941747866618
3535 0.903851953359175
3530 0.903761802198047
3525 0.903671292525476
3520 0.903580422471822
3515 0.903489190155467
3510 0.903397593682733
3505 0.903305631147781
3500 0.903213300632531
3495 0.903120600206558
3490 0.903027527927005
3485 0.902934081838489
3480 0.902840259973002
3475 0.902746060349817
3470 0.902651480975395
3465 0.902556519843281
3460 0.902461174934011
3455 0.902365444215009
3450 0.90226932564049
3445 0.902172817151356
3440 0.902075916675095
3435 0.901978622125678
3430 0.901880931403453
3425 0.901782842395051
3420 0.901684352973275
3415 0.901585460996996
3410 0.901486164311042
3405 0.90138646074608
3400 0.901286348118492
3395 0.901185824230283
3390 0.901084886868974
3385 0.900983533807516
3380 0.900881762804249
3375 0.900779571602714
3370 0.900676957931516
3365 0.900573919504117
3360 0.90047045401845
3355 0.900366559157072
3350 0.900262232587131
3345 0.900157471960581
3340 0.900052274915062
3335 0.899946639072777
3330 0.899840562040032
3325 0.899734041405868
3320 0.899627074738195
3315 0.899519659587402
3310 0.899411793487479
3305 0.899303473960535
3300 0.899194698530627
3295 0.899085464709669
3290 0.898975769992649
3285 0.89886561184014
3280 0.898754987626087
3275 0.898643894689746
3270 0.898532330352904
3265 0.898420291984528
3260 0.898307777194968
3255 0.898194783641474
3250 0.898081308963262
3245 0.897967350539603
3240 0.897852904764347
3235 0.897737967771109
3230 0.897622535674887
3225 0.897506605474232
3220 0.897390177758038
3215 0.89727325399845
3210 0.897155835648392
3205 0.897037920773934
3200 0.896919493951687
3195 0.89680053637109
3190 0.89668102920174
3185 0.896560966160841
3180 0.896440391215896
3175 0.896319360881696
3170 0.896197931652532
3165 0.896076113099052
3160 0.895953727159138
3155 0.895830548846692
3150 0.895706353154443
3145 0.895580954603557
3140 0.895454325892804
3135 0.895326479249039
3130 0.895197426877248
3125 0.895067187044632
3120 0.894935802333234
3115 0.894803321386953
3110 0.894669792827088
3105 0.894535265252156
3100 0.894399787237702
3095 0.894263407336113
3090 0.894126174076422
3085 0.893988135964121
3080 0.893849341480961
3075 0.893709839084757
3070 0.893569677209192
3065 0.893428904263616
3060 0.893287568632841
3055 0.893145718676939
3050 0.893003402731037
3045 0.892860669105111
3040 0.892717566083768
3035 0.892574141926045
3030 0.892430444865187
3025 0.892286523108435
3020 0.892142424836809
3015 0.891998198204884
3010 0.891853891340573
3005 0.891709552344899
3000 0.891565229291772
2995 0.891420970227757
2990 0.891276823171847
2985 0.891132836115227
2980 0.890989057021044
2975 0.890845533824164
2970 0.890702314430936
2965 0.89055944671895
2960 0.890416978536793
2955 0.890274957703801
2950 0.890133432009811
2945 0.889992449214913
2940 0.889852057049192
2935 0.889712303212475
2930 0.889573235374069
2925 0.889434901172505
2920 0.889297348215272
2915 0.889160624078551
2910 0.889024776306947
2905 0.888889852413218
2900 0.888755899877999
2895 0.888615847248511
2890 0.888480415308842
2885 0.888348511385188
2880 0.888211603356448
2875 0.88807924334688
2870 0.887950623400969
2865 0.887826006340675
2860 0.887688148359975
2855 0.887557852567763
2850 0.887417558750436
2845 0.887280438323194
2840 0.887139283937851
2835 0.8870025240967
2830 0.886870460560185
2825 0.886744946547395
2820 0.886588236033122
2815 0.886718641991115
2810 0.887851509586277
2805 0.888016796161702
2800 0.887864332253621
2795 0.887711932897134
2790 0.887519709666483
2785 0.887318954539875
2780 0.887165582787337
2775 0.887014820270818
2770 0.886855904761597
2765 0.886702122361215
2760 0.886524163147358
2755 0.886343581051618
2750 0.886165752386388
2745 0.885986436188761
2740 0.88585128489163
2735 0.885723484388164
2730 0.885569930300345
2725 0.885422297778576
2720 0.885248169559129
2715 0.885075639045335
2710 0.884923843926134
2705 0.884776011785173
2700 0.884588943678515
2695 0.884399540566823
2690 0.884225045430545
2685 0.884055176325455
2680 0.883866537344918
2675 0.883676599168456
2670 0.883534715189964
2665 0.883397550356089
2660 0.883212323989437
2655 0.883027557055996
2650 0.88285786552659
2645 0.882696014311855
2640 0.882525118555745
2635 0.882355909503411
2630 0.882168820319357
2625 0.881982838806184
2620 0.881783543681521
2615 0.881583381764728
2610 0.881409663258706
2605 0.881234503891349
2600 0.881038514173843
2595 0.880848386379422
2590 0.880669886164611
2585 0.880495076540338
2580 0.880265524264937
2575 0.880033146814245
2570 0.879837938136699
2565 0.879646860901754
2560 0.879445182965382
2555 0.879243036178501
2550 0.879046734565011
2545 0.87885646502418
2540 0.878658525927116
2535 0.878467133086757
2530 0.878259293261236
2525 0.878055447566986
2520 0.877852466739493
2515 0.877655164474626
2510 0.877444871266679
2505 0.877237838733227
2500 0.877032676170187
2495 0.876831539193447
2490 0.876624745930637
2485 0.876423053289559
2480 0.876201545185272
2475 0.875983884893813
2470 0.87576781209607
2465 0.875547798417406
2460 0.875323344942928
2455 0.875102215836936
2450 0.87485436141309
2445 0.874610492944212
2440 0.874398618066638
2435 0.874187942229212
2430 0.873975393436291
2425 0.873763998406613
2420 0.873556393850056
2415 0.873351829794861
2410 0.873129016172163
2405 0.872911975135355
2400 0.872668831328444
2395 0.872425501597024
2390 0.872203366059132
2385 0.871981678225654
2380 0.871727459096086
2375 0.871473420996194
2370 0.871258522187947
2365 0.871053010569669
2360 0.87081497183033
2355 0.870584888393033
2350 0.870346470866378
2345 0.870116631166626
2340 0.869841535215983
2335 0.86957013838519
2330 0.869314217530293
2325 0.869058824084572
2320 0.86879285702575
2315 0.868531112122307
2310 0.868266765593915
2305 0.868005354070016
2300 0.867713853602841
2295 0.867419027776027
2290 0.867176282286869
2285 0.866943021935336
2280 0.866653946477019
2275 0.866364865744514
2270 0.866085595130816
2265 0.865808056824156
2260 0.86535155757164
2255 0.864787226431014
2250 0.864246166787669
2245 0.863727560001203
2240 0.86323058732367
2235 0.862754429898535
2230 0.862298268759613
2225 0.861861284829998
2220 0.861442658920981
2215 0.861041571730953
2210 0.860657203844307
2205 0.860288735730315
2200 0.859935347742
2195 0.859596220114999
2190 0.85927053296641
2185 0.858957466293626
2180 0.858656199973158
2175 0.858365913759449
2170 0.858085787283674
2165 0.85781500005252
2160 0.857552731446964
2155 0.857298160721036
2150 0.857050467000561
2145 0.856808829281897
2140 0.856572426430656
2135 0.856340437180413
2130 0.856112040131399
2125 0.855886413749181
2120 0.855662736363333
2115 0.855440186166085
2110 0.855217941210965
2105 0.854995179411424
2100 0.854771078539443
2095 0.854544816224134
2090 0.854315569950321
2085 0.854082517057102
2080 0.853844834736406
2075 0.853601700031529
2070 0.853352289835653
2065 0.853095780890355
2060 0.852831349784098
2055 0.852558172950703
2050 0.852275426667811
2045 0.851982287055328
2040 0.851677930073846
2035 0.851361531523061
2030 0.851032267040165
2025 0.850689312098222
2020 0.850331842004532
2015 0.849959031898974
2010 0.849570056752335
2005 0.849164091364619
2000 0.848740310363337
1995 0.84829788820179
1990 0.847835999157317
1985 0.847353817329544
1980 0.846850516638597
1975 0.846325270823315
1970 0.845777253439427
1965 0.845205637857722
1960 0.8446095972622
1955 0.843988304648195
1950 0.843340932820493
1945 0.842666654391416
1940 0.841964641778899
1935 0.841364934707727
1930 0.841499723698947
1925 0.841841225642805
1920 0.841415886867496
1915 0.840996399236119
1910 0.840544434696602
1905 0.840093819571985
1900 0.839685698011112
1895 0.839282393522604
1890 0.838874462672061
1885 0.838481168888224
1880 0.838064253290873
1875 0.837654597497668
1870 0.837183600780851
1865 0.836710701787077
1860 0.836286506154575
1855 0.835865537507026
1850 0.835416820639051
1845 0.834973888283132
1840 0.834493799390034
1835 0.834015597643135
1830 0.833560932443474
1825 0.833110706352375
1820 0.832669011588967
1815 0.832222082424352
1810 0.831745060163973
1805 0.831273986466421
1800 0.830782104376933
1795 0.83029510650301
1790 0.829826078307803
1785 0.829358085320505
1780 0.828874090814563
1775 0.828390834695
1770 0.827863774668773
1765 0.827333906493619
1760 0.82681008830017
1755 0.826289088790295
1750 0.825791873792388
1745 0.82530433921245
1740 0.824764627650152
1735 0.824245156683668
1730 0.823743722398045
1725 0.823258309393931
1720 0.82275097891929
1715 0.822224711853352
1710 0.821717487276801
1705 0.821212972886559
1700 0.820658574809411
1695 0.82011554381825
1690 0.819559742242288
1685 0.818998398364105
1680 0.818434010128104
1675 0.817876792892181
1670 0.817324573020308
1665 0.81677895473587
1660 0.816197830511361
1655 0.815613936968802
1650 0.815045267069025
1645 0.814478702294716
1640 0.813905098885115
1635 0.813338945359262
1630 0.812744387322217
1625 0.811841417871566
1620 0.811185887703058
1615 0.811521277324137
1610 0.811613284561803
1605 0.811479289547691
1600 0.81113667203445
1595 0.810602811392157
1590 0.809895086604707
1585 0.809030876266177
1580 0.808027558577167
1575 0.806902511341114
1570 0.80567311196058
1565 0.804356737433522
1560 0.802970764349526
1555 0.801532568886031
1550 0.800059526804518
1545 0.798569013446679
1540 0.797078403730566
1535 0.79560507214671
1530 0.794166392754227
1525 0.792779739176892
1520 0.791462484599198
1515 0.790232001762387
1510 0.789105662960472
1505 0.788100840036221
1500 0.787234904377138
1495 0.786525226911409
1490 0.785989178103844
1485 0.78564412795179
1480 0.785507445981025
1475 0.785596501241644
1470 0.785928662303922
1465 0.786521297254156
1460 0.787391773690506
1455 0.78788435979168
1450 0.787076697726374
1445 0.786264511894079
1440 0.785782692908037
1435 0.785254835425079
1430 0.784476308745902
1425 0.783690909322844
1420 0.782950767149211
1415 0.782212135081701
1410 0.781392027136147
1405 0.780575521012435
1400 0.779689655121823
1395 0.778805159540009
1390 0.777946561464952
1385 0.777088206355655
1380 0.77624407684438
1375 0.775377389235989
1370 0.774513135998411
1365 0.773645608564938
1360 0.772761722149854
1355 0.77188163354325
1350 0.770967709078601
1345 0.770040424962986
1340 0.769079349911239
1335 0.768105811605082
1330 0.767140728057867
1325 0.766161034112666
1320 0.765229565729435
1315 0.76424997858168
1310 0.762671164153025
1305 0.761391046464896
1300 0.761427194397934
1295 0.761907946557383
1290 0.761769320443795
1285 0.761098552586111
1280 0.759982878873896
1275 0.758509534553461
1270 0.756765754224039
1265 0.754838771834012
1260 0.75281582067718
1255 0.75078413338909
1250 0.74883094194342
1245 0.747043477648423
1240 0.745508971143437
1235 0.744314652395458
1230 0.743547750695786
1225 0.743295494656745
1220 0.743645112208481
1215 0.743531782199013
1210 0.74233767792414
1205 0.741130716995017
1200 0.740053188790051
1195 0.738954783191643
1190 0.737754052573755
1185 0.73655224194803
1180 0.735328293463835
1175 0.73409721984096
1170 0.732836952476159
1165 0.731580787127049
1160 0.730333893588742
1155 0.72909116302249
1150 0.727862295715398
1145 0.726620155714121
1140 0.725634416895295
1135 0.724689263391385
1130 0.723379741890192
1125 0.721823891143538
1120 0.720139749180111
1115 0.718445353304963
1110 0.716858740099196
1105 0.71549794541986
1100 0.714481004400035
1095 0.713412041088901
1090 0.711989480826646
1085 0.710546135520774
1080 0.709142221755769
1075 0.707540354577517
1070 0.703671372947049
1065 0.700774375407717
1060 0.699697477567755
1055 0.698465158477223
1050 0.696634577659581
1045 0.694805791038213
1040 0.693578853832316
1035 0.692581616593075
1030 0.691101321829637
1025 0.689607427788694
1020 0.688510020188025
1015 0.686976051470041
1010 0.685242037328657
1005 0.684157841850077
1000 0.681911427513036
995 0.679737242076696
990 0.677959246331692
985 0.67617320766221
980 0.674554462049054
975 0.672899029973511
970 0.670756726136067
965 0.668486263965377
960 0.666468126644841
955 0.66470081389144
950 0.663197520096656
945 0.661715084746138
940 0.659577061625309
935 0.657574249266399
930 0.656242620444535
925 0.654959556810256
920 0.652706166555607
915 0.650355383149111
910 0.648644529018115
905 0.646678884647692
900 0.643549456550491
895 0.64091951808508
890 0.639216191513246
885 0.637852101887725
880 0.63657314177407
875 0.635065125356862
870 0.632901143421288
865 0.630754947012183
860 0.628752719206299
855 0.62676203371713
850 0.625261374043984
845 0.623886259105289
840 0.621146854264261
835 0.618183956303507
830 0.616482597244531
825 0.614954739153893
820 0.614564701558527
815 0.614315838714865
810 0.60994277574408
805 0.607100210031271
800 0.604721312539968
795 0.602323434643716
790 0.599242166400785
785 0.596314558616441
780 0.594305048870494
775 0.592224137123615
770 0.589963019599859
765 0.587720264663206
760 0.587000390974791
755 0.586807533309669
750 0.584171031283961
745 0.581565790239556
740 0.57902376603043
735 0.576263132408637
730 0.571429846757135
725 0.567858413949007
720 0.566769566253055
715 0.566163743161309
710 0.563718038968907
705 0.561318241736602
700 0.558614294111339
695 0.555861622882154
690 0.553191783438552
685 0.550557143708234
680 0.547607338122254
675 0.544702921775798
670 0.541753974501126
665 0.538807825330779
660 0.536036606520817
655 0.533216260970701
650 0.530312381037662
645 0.527401940212659
640 0.5246738243679
635 0.521990018613306
630 0.516884369496432
625 0.512290714951324
620 0.510862248312579
615 0.509944076760863
610 0.506284175504236
605 0.502752141349967
600 0.499580904839672
595 0.496385574946352
590 0.49329146459159
585 0.490162702952879
580 0.486987845912848
575 0.483825999128055
570 0.480902743075312
565 0.478013766444166
560 0.475066097236691
555 0.472216386581233
550 0.468875059349494
545 0.465537424183194
540 0.461725168650846
535 0.457983123429233
530 0.452110572039356
525 0.446734215457547
520 0.444829623606389
515 0.443400982170784
510 0.439853259378864
505 0.436323920085662
500 0.432687763117389
495 0.429023405534951
490 0.425259802975018
485 0.421515069064624
480 0.417862207944989
475 0.414219285826493
470 0.410519250182071
465 0.406828738996537
460 0.403033111849818
455 0.39919995171919
450 0.395306974142699
445 0.391389314814223
440 0.387517281048163
435 0.383602156901062
430 0.379872778845228
425 0.376110247907388
420 0.372583294442393
415 0.36896356387378
410 0.364748240503877
405 0.360416535416936
400 0.353952009200958
395 0.348221093420525
390 0.343829523620168
385 0.339622065594232
380 0.335450706203491
375 0.331252326788262
370 0.326840845446073
365 0.322389218029151
360 0.318335218203348
355 0.314267733093867
350 0.310297029748549
345 0.306389912347615
340 0.303345214064604
335 0.300421622216498
330 0.296527672150015
325 0.292650549371417
320 0.287096048092952
315 0.281480343614256
310 0.276881825908315
305 0.272761540428558
300 0.268580539055047
295 0.263949565163817
290 0.259078108787905
285 0.254259136035177
280 0.249520757690657
275 0.244824875583653
270 0.24013339804389
265 0.235414796846225
260 0.230663778043485
255 0.225881611118304
250 0.221069572022957
245 0.216228943160983
240 0.211361013364407
235 0.206467077866519
230 0.201548438270131
225 0.196606580371604
220 0.191643707700868
215 0.186662207895009
210 0.181664474787794
205 0.176652908354808
200 0.171629914653896
195 0.166597905760876
190 0.161559299700531
185 0.156516520372862
180 0.15147199747462
175 0.146428166416126
170 0.141387468233383
165 0.136352349495519
160 0.131325262207584
155 0.126308663708733
150 0.121300161495706
145 0.116277947901496
140 0.111215365190427
135 0.106093130205604
130 0.100921443336017
125 0.095717879297021
120 0.0905000173007834
115 0.0852820039486597
110 0.0800642421775174
105 0.0748437020284148
100 0.0696173574694303
100 0.176445548950397

# p_cut_5sig | p_cut_5sig |  |  | 1759
100 0.199337304267747
105 0.204643358358748
110 0.20991172422706
115 0.215113544091799
120 0.2202199640991
125 0.225230581312097
130 0.230258784380657
135 0.235446413156648
140 0.240935311988744
145 0.24680618354664
150 0.25289515002453
155 0.258977192190039
160 0.264867747213865
165 0.270544062989922
170 0.276023844041447
175 0.281324800225787
180 0.286464646836205
185 0.291461104699094
190 0.296331900266527
195 0.301094765704145
200 0.305767438974342
205 0.310367663914731
210 0.314913190311885
215 0.319421773970355
220 0.323911176776947
225 0.328399166760292
230 0.332903518145697
235 0.337438839160434
240 0.342007055344599
245 0.346606926326639
250 0.35123721810453
255 0.355896703077508
260 0.3605841600733
265 0.365298374370893
270 0.370038137718917
275 0.374772557890629
280 0.379351987316549
285 0.38359709446715
290 0.387328554313322
295 0.390675575202624
300 0.395001479489317
305 0.401287071881487
310 0.407748959530683
315 0.41191270503104
320 0.411303877403326
325 0.410955519147254
330 0.41473074482247
335 0.418549865990279
340 0.423844372139316
345 0.429040375192294
350 0.433626809291286
355 0.438097462775812
360 0.442097750659989
365 0.446060167321852
370 0.449572154837485
375 0.453033884374132
380 0.456474337911244
385 0.459866334374535
390 0.463269373071012
395 0.466565542677443
400 0.467748899293002
405 0.468020707944872
410 0.471250260988428
415 0.474656328926372
420 0.479007169625124
425 0.483357427740358
430 0.487440075338131
435 0.491404611493517
440 0.495019820355246
445 0.498483338159332
450 0.502325937282269
455 0.506116724605997
460 0.509772591789861
465 0.513326430387144
470 0.517331334273152
475 0.521262498125953
480 0.524946646608713
485 0.528629746503214
490 0.532146570422296
495 0.535599885143979
500 0.539206071853307
505 0.542763265040968
510 0.546115454157163
515 0.549422114002233
520 0.555573092948567
525 0.560945657688404
530 0.561784732603469
535 0.561870330105137
540 0.564915161053945
545 0.567778135526113
550 0.571356748364513
555 0.574875099283052
560 0.578752127100977
565 0.582454445680855
570 0.586137495004008
575 0.5896682768341
580 0.593334425431233
585 0.59687968310819
590 0.600065895409884
595 0.603202321142427
600 0.606184967313892
605 0.609066573248711
610 0.611507680145209
615 0.613682149609321
620 0.619603713936576
625 0.624706462864093
630 0.625664375927446
635 0.625818969510198
640 0.629146998328194
645 0.63234838886588
650 0.635077017217429
655 0.63773289620011
660 0.640529304387792
665 0.643268232905096
670 0.646023130202811
675 0.648711464690326
680 0.651282225928361
685 0.653777447527904
690 0.656896875956293
695 0.659922917923391
700 0.662494291792222
705 0.665064215894761
710 0.668145196677168
715 0.671091216325097
720 0.676320792347957
725 0.680804999865833
730 0.682156167571887
735 0.681734977341002
740 0.683945288094668
745 0.686385213669324
750 0.688718762698479
755 0.690995749866615
760 0.696406806224376
765 0.700956311334958
770 0.703622003154233
775 0.706193783991233
780 0.709002251319047
785 0.711900190129737
790 0.713594546500021
795 0.715010730213388
800 0.717368709813765
805 0.719693257348294
810 0.721223454028727
815 0.720535948569035
820 0.725237223324275
825 0.729655844767418
830 0.732853153884489
835 0.735780625308794
840 0.736895677183536
845 0.738278123841588
850 0.741445202203789
855 0.744301128278415
860 0.746446508666476
865 0.748562347564635
870 0.750537181406579
875 0.75246779760155
880 0.755196311808811
885 0.758046071062061
890 0.761004187339009
895 0.763479313166319
900 0.764675530400201
905 0.765377781922206
910 0.767259558261669
915 0.769288802179754
920 0.770465080638273
925 0.771642779600862
930 0.774117747527889
935 0.776578634515238
940 0.77845807386411
945 0.780283975149814
950 0.782548104625871
955 0.784682554931097
960 0.786493978582503
965 0.78774510905097
970 0.788806300732353
975 0.790273659954187
980 0.791980577261206
985 0.793666722766351
990 0.795497795018427
995 0.797337230278023
1000 0.798455693678198
1005 0.799459801990293
1010 0.80186822874447
1015 0.80347326923661
1020 0.805277588304746
1025 0.807548011190537
1030 0.809231499787637
1035 0.810926755826256
1040 0.812914476758975
1045 0.814717677129338
1050 0.816178057130707
1055 0.817607488185662
1060 0.819317841012589
1065 0.821059965832218
1070 0.820764183224167
1075 0.819146066253211
1080 0.82043580078903
1085 0.821959748913222
1090 0.823482115743471
1095 0.825011969919813
1100 0.826787395783744
1105 0.828597852078355
1110 0.830099384112438
1115 0.831391549997242
1120 0.832573907120053
1125 0.833746012144099
1130 0.83500742100866
1135 0.836457688929382
1140 0.838196370398773
1145 0.839888571247328
1150 0.841382558830188
1155 0.842873623294258
1160 0.844282153941691
1165 0.845654570990595
1170 0.847015782365631
1175 0.84835322554282
1180 0.849686682116953
1185 0.851006087810401
1190 0.852374972162061
1195 0.853721646996553
1200 0.855114575139056
1205 0.856498474133995
1210 0.857714469114196
1215 0.858915217657009
1220 0.861146141231484
1225 0.863804611198145
1230 0.865879564734212
1235 0.867453214105388
1240 0.868607770895203
1245 0.869425446008205
1250 0.86998844967325
1255 0.870378991446852
1260 0.870679280216609
1265 0.870971524204693
1270 0.871337930971409
1275 0.871860707418808
1280 0.872622059794359
1285 0.87370419369468
1290 0.875189314069311
1295 0.877159625224538
1300 0.879697330827272
1305 0.88180563628019
1310 0.882562229327648
1315 0.882901045953885
1320 0.883996138594441
1325 0.88513368226636
1330 0.886186053812467
1335 0.887250140130004
1340 0.888274154801618
1345 0.889290676871648
1350 0.890335810050729
1355 0.891387619669961
1360 0.892460982194558
1365 0.893519724926435
1370 0.894549644285133
1375 0.895576585733405
1380 0.896605014236001
1385 0.897656106174314
1390 0.898668783671374
1395 0.899666501308562
1400 0.900601736386166
1405 0.90152982941301
1410 0.902544139394721
1415 0.903544073324852
1420 0.904598297515476
1425 0.905647518781194
1430 0.906635139108639
1435 0.907625975884288
1440 0.90889960039627
1445 0.910239314976029
1450 0.911134863771123
1455 0.912013750174537
1460 0.914379771531858
1465 0.917084380720845
1470 0.919486821778097
1475 0.921604777863573
1480 0.923455931649085
1485 0.925057965322477
1490 0.926428560591768
1495 0.927585398689293
1500 0.92854616037582
1505 0.929328525944657
1510 0.929950175225728
1515 0.930428787589648
1520 0.930782041951759
1525 0.931027616776168
1530 0.931183190079744
1535 0.93126643943611
1540 0.931295041979605
1545 0.931286674409229
1550 0.931259012992565
1555 0.931229733569676
1560 0.931216511556984
1565 0.931237021951123
1570 0.93130893933277
1575 0.931449937870451
1580 0.931677691324327
1585 0.932009873049948
1590 0.932464156001994
1595 0.933058212737978
1600 0.933809715421938
1605 0.934736335828094
1610 0.935855745344484
1615 0.937185614976573
1620 0.938743615350842
1625 0.939093334649954
1630 0.939368638132259
1635 0.940076580430594
1640 0.940822193194427
1645 0.941549788684316
1650 0.942282139763826
1655 0.943002716698546
1660 0.943689465621576
1665 0.944367611516253
1670 0.945067439937133
1675 0.94574925526095
1680 0.946427985271291
1685 0.947088188120637
1690 0.947769274093891
1695 0.948445338465346
1700 0.949093995669152
1705 0.949727699757377
1710 0.950418759564238
1715 0.951100703966784
1720 0.951737343376978
1725 0.952388431262909
1730 0.953071413393801
1735 0.953729066726216
1740 0.95437876726709
1745 0.954988448970866
1750 0.955635171674774
1755 0.956261655364708
1760 0.956855429698729
1765 0.957439877847141
1770 0.957992815682012
1775 0.958536825711342
1780 0.959143289644294
1785 0.959743019011367
1790 0.960361194419316
1795 0.960970684567064
1800 0.961520258969706
1805 0.962058495167454
1810 0.962626865152208
1815 0.963179086698219
1820 0.963733883927588
1825 0.964291636702861
1830 0.964874543690631
1835 0.965442872912713
1840 0.965949076603232
1845 0.966449674877311
1850 0.966994265376788
1855 0.967529297776187
1860 0.968089355638473
1865 0.968640170926154
1870 0.969103364422332
1875 0.969567243062815
1880 0.97011097383171
1885 0.970641555488442
1890 0.971181185766284
1895 0.97170330241669
1900 0.972203107309474
1905 0.972691008448991
1910 0.973123291273654
1915 0.973550267431321
1920 0.974008939420115
1925 0.974463181427594
1930 0.975746970347986
1935 0.976805478469789
1940 0.976922661661501
1945 0.976819786362557
1950 0.976765583054523
1955 0.976758414444218
1960 0.976796643044068
1965 0.976878631174042
1970 0.977002740963556
1975 0.977167334353362
1980 0.977370773097422
1985 0.977611418764758
1990 0.977887632741284
1995 0.978197776231625
2000 0.978540210260907
2005 0.978913295676541
2010 0.97931539314998
2015 0.979744863178463
2020 0.980200066086736
2025 0.980679362028766
2030 0.981181110989426
2035 0.981703672786165
2040 0.982245407070672
2045 0.982804673330507
2050 0.983379830890726
2055 0.983969238915486
2060 0.984571256409634
2065 0.985184242220282
2070 0.985806555038358
2075 0.986436553400152
2080 0.987072595688839
2085 0.987713040135987
2090 0.988356244823053
2095 0.989000567682859
2100 0.989644366501058
2105 0.990285998917579
2110 0.990923822428061
2115 0.991556194385273
2120 0.992181472000517
2125 0.992798012345017
2130 0.993404172351293
2135 0.993998308814524
2140 0.994578778393894
2145 0.995143937613923
2150 0.995692142865788
2155 0.99622175040863
2160 0.99673111637084
2165 0.997218596751345
2170 0.997682547420869
2175 0.998121324123185
2180 0.998533282476355
2185 0.99891677797396
2190 0.999270165986307
2195 0.999591801761635
2200 0.999880040427303
2205 1.00013323699097
2210 1.00034974634174
2215 1.00052792325135
2220 1.00066612237527
2225 1.00076269825387
2230 1.00081600531351
2235 1.00082439786764
2240 1.00078623011793
2245 1.00069985615531
2250 1.00056362996106
2255 1.00037590540789
2260 1.00013503626095
2265 1.00010900353184
2270 1.00041464612276
2275 1.00071476518434
2280 1.00100141134121
2285 1.00128700057188
2290 1.00162278637984
2295 1.00194823918439
2300 1.00221458281006
2305 1.0024849434793
2310 1.00278071234259
2315 1.00307361297831
2320 1.00338580328574
2325 1.0036888988123
2330 1.00395760760345
2335 1.00423175192684
2340 1.00448461566542
2345 1.00473469885329
2350 1.00504436992234
2355 1.00534334211508
2360 1.00564998527962
2365 1.00594443686759
2370 1.00627305901574
2375 1.00658682183898
2380 1.0068363563074
2385 1.00708736425336
2390 1.00738270272169
2395 1.0076741572464
2400 1.0079252356712
2405 1.00817831784923
2410 1.00847523148651
2415 1.00876360840785
2420 1.0090609877541
2425 1.00935290538789
2430 1.00964539063864
2435 1.00993497866519
2440 1.01022081612913
2445 1.01050168447737
2450 1.01072184303846
2455 1.01093724596375
2460 1.01120542325797
2465 1.01146609598393
2470 1.01173117701889
2475 1.01199819894187
2480 1.01223631885321
2485 1.01247278066808
2490 1.01273544555918
2495 1.01299254979953
2500 1.01326649574567
2505 1.01353223262982
2510 1.01378368259119
2515 1.01402879598568
2520 1.01427725974382
2525 1.01451828484288
2530 1.01474524854073
2535 1.0149703788624
2540 1.01522777059992
2545 1.01547406666387
2550 1.01570086786365
2555 1.0159257633597
2560 1.01616540968732
2565 1.01640283335071
2570 1.01663765154672
2575 1.01686504015756
2580 1.01703819622397
2585 1.01721601758262
2590 1.01746865004038
2595 1.01771055707368
2600 1.01796393514316
2605 1.01820627994609
2610 1.01845153679392
2615 1.0186952273379
2620 1.01889963577674
2625 1.01910462437788
2630 1.01934003321823
2635 1.01957177012398
2640 1.01982137251586
2645 1.02006501268855
2650 1.02030839874743
2655 1.02053793180547
2660 1.02072940402633
2665 1.020921660609
2670 1.02115345139843
2675 1.02138812032914
2680 1.02156849091427
2685 1.02175009275264
2690 1.02197152584878
2695 1.02218388877656
2700 1.02234570443885
2705 1.02251230345832
2710 1.02271980423483
2715 1.02292586684697
2720 1.02311412402876
2725 1.02330011914423
2730 1.02349491915521
2735 1.02368796247071
2740 1.02393715648405
2745 1.02417087421592
2750 1.02433001629468
2755 1.02449298539584
2760 1.02463739392899
2765 1.0247888247368
2770 1.02498629914595
2775 1.02517730112284
2780 1.02535884264321
2785 1.02553730226866
2790 1.02566943034775
2795 1.02581127315629
2800 1.02597495552692
2805 1.02614260961848
2810 1.02661618502929
2815 1.02798093119801
2820 1.02840111050188
2825 1.02855890107785
2830 1.02876325521059
2835 1.02895929950712
2840 1.02915693331653
2845 1.02934663038508
2850 1.02953795702531
2855 1.0297254029584
2860 1.02990367866878
2865 1.03007680002611
2870 1.0302902240345
2875 1.03049549058638
2880 1.03068011349747
2885 1.0308556353819
2890 1.03102321518511
2895 1.03118839587638
2900 1.0313667158161
2905 1.03155198093251
2910 1.03173410175234
2915 1.03191315672522
2920 1.03208922426866
2925 1.03226238276831
2930 1.03243271057825
2935 1.03260028602126
2940 1.03276518738906
2945 1.0329274929426
2950 1.03308728091234
2955 1.03324462949842
2960 1.03339961687105
2965 1.03355232117062
2970 1.03370282050808
2975 1.03385119296509
2980 1.03399751659432
2985 1.0341418694197
2990 1.0342843294366
2995 1.03442497461216
3000 1.03456388288544
3005 1.03470113216771
3010 1.03483680034267
3015 1.03497096526667
3020 1.03510370476896
3025 1.03523509665186
3030 1.03536521869108
3035 1.03549414863586
3040 1.03562196420921
3045 1.03574874310815
3050 1.03587456300391
3055 1.03599950154214
3060 1.03612363634312
3065 1.03624704500199
3070 1.03636980508895
3075 1.03649199414943
3080 1.03661368970435
3085 1.03673496925029
3090 1.03685591025969
3095 1.03697659018107
3100 1.03709708643919
3105 1.03721747643528
3110 1.03733783754722
3115 1.03745824712973
3120 1.03757878251454
3125 1.03769952101062
3130 1.03782053990434
3135 1.03794190776739
3140 1.03806365838031
3145 1.03818581680932
3150 1.03830840809877
3155 1.03843140078077
3160 1.03855453740368
3165 1.03867750400395
3170 1.03879998659686
3175 1.03892173817165
3180 1.03904277967653
3185 1.039163199034
3190 1.03928308414607
3195 1.03940250494317
3200 1.03952145953059
3205 1.03963992804238
3210 1.03975789059272
3215 1.03987533208615
3220 1.03999225664776
3225 1.04010867319327
3230 1.04022459061922
3235 1.04034001651419
3240 1.04045495329253
3245 1.04056940206096
3250 1.04068336390759
3255 1.04079684024742
3260 1.0409098338585
3265 1.04102234784604
3270 1.04113438529723
3275 1.04124594918884
3280 1.04135704210976
3285 1.04146766653871
3290 1.04157782493698
3295 1.0416875197733
3300 1.04179675359839
3305 1.04190552897071
3310 1.04201384843181
3315 1.04212171449976
3320 1.04222912964945
3325 1.04233609633255
3330 1.04244261698436
3335 1.04254869402567
3340 1.04265432986825
3345 1.04275952690964
3350 1.04286428753146
3355 1.04296861409911
3360 1.0430725089604
3365 1.04317597444718
3370 1.04327901287584
3375 1.04338162654766
3380 1.04348381774921
3385 1.04358558875218
3390 1.0436869418133
3395 1.04378787917445
3400 1.04388840306265
3405 1.04398851569032
3410 1.04408821925537
3415 1.04418751594137
3420 1.04428640791765
3425 1.0443848973394
3430 1.04448298634778
3435 1.04458067706999
3440 1.04467797161941
3445 1.04477487209568
3450 1.04487138058482
3455 1.04496749915934
3460 1.04506322987834
3465 1.04515857478761
3470 1.04525353591972
3475 1.04534811529414
3480 1.04544231491733
3485 1.04553613678282
3490 1.04562958287133
3495 1.04572265515089
3500 1.04581535557686
3505 1.04590768609211
3510 1.04599964862706
3515 1.0460912450998
3520 1.04618247741615
3525 1.0462733474698
3530 1.04636385714237
3535 1.0464540083035
3540 1.04654380281095
3545 1.04663324251066
3550 1.04672232923691
3555 1.04681106481232
3560 1.04689945104799
3565 1.04698748974356
3570 1.04707518268733
3575 1.0471625316563
3580 1.04724953841629
3585 1.04733620472199
3590 1.04742253231706
3595 1.04750852293424
3600 1.04759417829537
3605 1.04767950011152
3610 1.04776449008303
3615 1.04784914989964
3620 1.04793348124051
3625 1.04801748577436
3630 1.04810116515947
3635 1.04818452104384
3640 1.04826755506519
3645 1.0483502688511
3650 1.04843266401902
3655 1.04851474217642
3660 1.04859650492077
3665 1.04867795383971
3670 1.04875909051104
3675 1.04883991650285
3680 1.04892043337355
3685 1.04900064267197
3690 1.0490805459374
3695 1.04916014469968
3700 1.04923944047929
3705 1.04931843478735
3710 1.04939712912575
3715 1.0494755249872
3720 1.04955362385528
3725 1.04963142720451
3730 1.04970893650045
3735 1.04978615319971
3740 1.04986307875005
3745 1.04993971459044
3750 1.05001606215109
3755 1.05009212285358
3760 1.05016789811084
3765 1.05024338932729
3770 1.05031859789884
3775 1.05039352521298
3780 1.05046817264883
3785 1.05054254157721
3790 1.05061663336068
3795 1.05069044935362
3800 1.05076399090229
3805 1.05083725934485
3810 1.05091025601146
3815 1.05098298222432
3820 1.05105543929772
3825 1.0511276285381
3830 1.05119955124411
3835 1.05127120870666
3840 1.05134260220899
3845 1.05141373302668
3850 1.05148460242776
3855 1.05155521167272
3860 1.0516255620146
3865 1.05169565469899
3870 1.05176549096414
3875 1.05183507204097
3880 1.05190439915314
3885 1.0519734735171
3890 1.05204229634212
3895 1.05211086883038
3900 1.05217919217697
3905 1.05224726756999
3910 1.05231509619055
3915 1.05238267921285
3920 1.05245001780421
3925 1.05251711312515
3930 1.0525839663294
3935 1.05265057856394
3940 1.05271695096909
3945 1.05278308467853
3950 1.05284898081935
3955 1.05291464051207
3960 1.05298006487073
3965 1.05304525500291
3970 1.05311021200977
3975 1.05317493698611
3980 1.05323943102038
3985 1.05330369519479
3990 1.05336773058526
3995 1.05343153826155
4000 1.05349511928725
4005 1.05355847471983
4010 1.0536216056107
4015 1.05368451300523
4020 1.0537471979428
4025 1.05380966145685
4030 1.0538719045749
4035 1.05393392831861
4040 1.0539957337038
4045 1.0540573217405
4050 1.05411869343299
4055 1.05417984977985
4060 1.05424079177396
4065 1.05430152040259
4070 1.05436203664739
4075 1.05442234148445
4080 1.05448243588436
4085 1.05454232081219
4090 1.05460199722759
4095 1.05466146608477
4100 1.05472072833257
4105 1.0547797849145
4110 1.05483863676874
4115 1.05489728482823
4120 1.05495573002065
4125 1.05501397326848
4130 1.05507201548903
4135 1.0551298575945
4140 1.05518750049197
4145 1.05524494508345
4150 1.05530219226594
4155 1.05535924293141
4160 1.0554160979669
4165 1.0554727582545
4170 1.05552922467138
4175 1.05558549808988
4180 1.05564157937747
4185 1.05569746939684
4190 1.05575316900588
4195 1.05580867905776
4200 1.05586400040094
4205 1.05591913387917
4210 1.05597408033159
4215 1.0560288405927
4220 1.0560834154924
4225 1.05613780585604
4230 1.05619201250446
4235 1.05624603625397
4240 1.05629987791641
4245 1.0563535382992
4250 1.05640701820533
4255 1.05646031843341
4260 1.05651343977768
4265 1.05656638302808
4270 1.05661914897021
4275 1.05667173838543
4280 1.05672415205084
4285 1.05677639073933
4290 1.05682845521958
4295 1.05688034625613
4300 1.05693206460936
4305 1.05698361103555
4310 1.05703498628691
4315 1.05708619111155
4320 1.05713722625359
4325 1.05718809245312
4330 1.05723879044625
4335 1.05728932096514
4340 1.05733968473802
4345 1.0573898824892
4350 1.05743991493913
4355 1.05748978280438
4360 1.05753948679771
4365 1.05758902762805
4370 1.05763840600057
4375 1.05768762261665
4380 1.05773667817397
4385 1.05778557336647
4390 1.05783430888441
4395 1.05788288541438
4400 1.05793130363933
4405 1.05797956423859
4410 1.05802766788789
4415 1.05807561525939
4420 1.0581234070217
4425 1.05817104383988
4430 1.05821852637551
4435 1.05826585528666
4440 1.05831303122794
4445 1.05836005485054
4450 1.0584069268022
4455 1.05845364772727
4460 1.05850021826673
4465 1.05854663905818
4470 1.0585929107359
4475 1.05863903393085
4480 1.0586850092707
4485 1.05873083737982
4490 1.05877651887937
4490 0.891009395415455
4485 0.89096371391591
4480 0.89091788580678
4475 0.890871910466933
4470 0.890825787271981
4465 0.89077951559426
4460 0.890733094802811
4455 0.890686524263357
4450 0.890639803338287
4445 0.890592931386628
4440 0.890545907764029
4435 0.890498731822741
4430 0.890451402911592
4425 0.890403920375965
4420 0.890356283557782
4415 0.890308491795477
4410 0.890260544423976
4405 0.890212440774673
4400 0.890164180175413
4395 0.890115761950463
4390 0.890067185420494
4385 0.890018449902556
4380 0.889969554710057
4375 0.889920499152738
4370 0.88987128253665
4365 0.889821904164134
4360 0.88977236333379
4355 0.889722659340463
4350 0.889672791475211
4345 0.889622759025284
4340 0.889572561274101
4335 0.889522197501224
4330 0.889471666982333
4325 0.889420968989202
4320 0.889370102789674
4315 0.889319067647635
4310 0.889267862822991
4305 0.889216487571639
4300 0.889164941145444
4295 0.889113222792213
4290 0.889061331755666
4285 0.889009267275414
4280 0.888957028586928
4275 0.888904614921515
4270 0.888852025506294
4265 0.88879925956416
4260 0.888746316313767
4255 0.888693194969493
4250 0.888639894741416
4245 0.888586414835287
4240 0.888532754452496
4235 0.888478912790051
4230 0.888424889040546
4225 0.88837068239213
4220 0.888316292028483
4215 0.888261717128783
4210 0.888206956867679
4205 0.888152010415259
4200 0.888096876937022
4195 0.888041555593848
4190 0.887986045541965
4185 0.887930345932922
4180 0.887874455913557
4175 0.887818374625965
4170 0.887762101207468
4165 0.887705634790582
4160 0.887648974502989
4155 0.887592119467498
4150 0.887535068802021
4145 0.887477821619536
4140 0.887420377028054
4135 0.887362734130589
4130 0.88730489202512
4125 0.887246849804563
4120 0.887188606556734
4115 0.887130161364318
4110 0.887071513304828
4105 0.887012661450581
4100 0.886953604868652
4095 0.88689434262085
4090 0.886834873763673
4085 0.886775197348278
4080 0.886715312420445
4075 0.886655218020538
4070 0.886594913183472
4065 0.886534396938675
4060 0.886473668310049
4055 0.886412726315936
4050 0.886351569969079
4045 0.886290198276585
4040 0.886228610239885
4035 0.886166804854698
4030 0.88610478111099
4025 0.886042537992937
4020 0.885980074478886
4015 0.885917389541312
4010 0.885854482146783
4005 0.885791351255915
4000 0.885727995823335
3995 0.885664414797638
3990 0.885600607121348
3985 0.885536571730874
3980 0.885472307556469
3975 0.885407813522191
3970 0.885343088545855
3965 0.885278131538993
3960 0.885212941406813
3955 0.88514751704815
3950 0.88508185735543
3945 0.885015961214618
3940 0.884949827505176
3935 0.884883455100023
3930 0.884816842865482
3925 0.884749989661239
3920 0.884682894340298
3915 0.88461555574893
3910 0.884547972726631
3905 0.884480144106073
3900 0.884412068713057
3895 0.884343745366463
3890 0.884275172878204
3885 0.88420635005318
3880 0.884137275689223
3875 0.884067948577052
3870 0.883998367500222
3865 0.883928531235073
3860 0.88385843855068
3855 0.883788088208806
3850 0.883717478963841
3845 0.883646609562762
3840 0.88357547874507
3835 0.883504085242746
3830 0.883432427780193
3825 0.883360505074183
3820 0.883288315833804
3815 0.883215858760407
3810 0.883143132547548
3805 0.883070135880936
3800 0.882996867438374
3795 0.882923325889707
3790 0.882849509896762
3785 0.88277541811329
3780 0.882701049184914
3775 0.882626401749066
3770 0.882551474434928
3765 0.882476265863379
3760 0.882400774646929
3755 0.882324999389661
3750 0.882248938687175
3745 0.88217259112652
3740 0.882095955286138
3735 0.882019029735798
3730 0.881941813036538
3725 0.881864303740599
3720 0.881786500391363
3715 0.881708401523285
3710 0.881630005661837
3705 0.881551311323434
3700 0.881472317015374
3695 0.881393021235769
3690 0.881313422473481
3685 0.881233519208051
3680 0.881153309909635
3675 0.881072793038935
3670 0.880991967047126
3665 0.880910830375794
3660 0.880829381456857
3655 0.880747618712502
3650 0.880665540555109
3645 0.880583145387184
3640 0.880500431601278
3635 0.880417397579925
3630 0.880334041695559
3625 0.880250362310444
3620 0.880166357776599
3615 0.880082026435722
3610 0.879997366619114
3605 0.8799123766476
3600 0.879827054831457
3595 0.879741399470328
3590 0.87965540885315
3585 0.879569081258072
3580 0.879482414952375
3575 0.87939540819239
3570 0.879308059223418
3565 0.879220366279648
3560 0.879132327584072
3555 0.879043941348405
3550 0.878955205772997
3545 0.878866119046749
3540 0.878776679347031
3535 0.878686884839588
3530 0.87859673367846
3525 0.878506224005889
3520 0.878415353952235
3515 0.87832412163588
3510 0.878232525163145
3505 0.878140562628194
3500 0.878048232112944
3495 0.87795553168697
3490 0.877862459407418
3485 0.877769013318902
3480 0.877675191453415
3475 0.87758099183023
3470 0.877486412455808
3465 0.877391451323694
3460 0.877296106414423
3455 0.877200375695421
3450 0.877104257120903
3445 0.87700774863177
3440 0.87691084815551
3435 0.876813553606092
3430 0.876715862883866
3425 0.876617773875459
3420 0.87651928445368
3415 0.876420392477401
3410 0.876321095791454
3405 0.876221392226508
3400 0.876121279598935
3395 0.876020755710724
3390 0.875919818349386
3385 0.875818465287869
3380 0.875716694284549
3375 0.875614503083018
3370 0.875511889411929
3365 0.875408850984753
3360 0.875305385499282
3355 0.87520149063789
3350 0.875097164067544
3345 0.874992403440159
3340 0.874887206393911
3335 0.874781570551678
3330 0.874675493520445
3325 0.874568972889395
3320 0.874462006224444
3315 0.874354591073456
3310 0.874246724967891
3305 0.874138405429327
3300 0.874029629989258
3295 0.873920396169029
3290 0.873810701473062
3285 0.873700543363922
3280 0.873589919187793
3275 0.873478826248729
3270 0.873367261833317
3265 0.873255223303084
3260 0.873142708371992
3255 0.87302971482866
3250 0.872916240443675
3245 0.87280228262407
3240 0.872687837377022
3235 0.87257290034586
3230 0.8724574671553
3225 0.872341534700283
3220 0.872225105012793
3215 0.872108181394737
3210 0.871990767128804
3205 0.871872860667738
3200 0.871754441202468
3195 0.871635483093665
3190 0.871515960682152
3185 0.871395866242048
3180 0.871275263840491
3175 0.871154235477587
3170 0.871032863132945
3165 0.870911161762893
3160 0.870788878292454
3155 0.870665692623031
3150 0.870541284634855
3145 0.870415390684893
3140 0.870287973100891
3135 0.870159050686977
3130 0.870028642225408
3125 0.86989677516828
3120 0.869763511713004
3115 0.869628922726463
3110 0.869493079052946
3105 0.869356051513957
3100 0.869217910908028
3095 0.869078728010533
3090 0.868938573573493
3085 0.868797518325386
3080 0.868655632970951
3075 0.868512988190992
3070 0.868369654642177
3065 0.868225702956844
3060 0.868081203742791
3055 0.86793622758308
3050 0.867790845035824
3045 0.867645126633986
3040 0.867499142885161
3035 0.867352964271371
3030 0.867206661248852
3025 0.86706030424783
3020 0.866913963672312
3015 0.866767709899862
3010 0.866621613281379
3005 0.866475744140874
3000 0.866330172775243
2995 0.866184969454039
2990 0.866040204419243
2985 0.865895947885027
2980 0.865752270037525
2975 0.86560924103459
2970 0.865466931005559
2965 0.865325410051008
2960 0.865184748242513
2955 0.865045015622397
2950 0.864906282203484
2945 0.86476861796885
2940 0.864632092871569
2935 0.864496776834454
2930 0.864362739749801
2925 0.864230051479127
2920 0.864098781852909
2915 0.863969000670315
2910 0.863840777698937
2905 0.86371418267452
2900 0.863589285300687
2895 0.863455985725946
2890 0.863325803565972
2885 0.863200195385768
2880 0.863070101566856
2875 0.862946964422261
2870 0.862831870347993
2865 0.862722925102069
2860 0.862591290070185
2855 0.862469461322357
2850 0.862337488466635
2845 0.862209933841685
2840 0.862077345812202
2835 0.861951328436038
2830 0.861830555621879
2825 0.861718954571433
2820 0.861562434656284
2815 0.861790002719311
2810 0.863363625684568
2805 0.863641652610505
2800 0.86349186932304
2795 0.863341461086696
2790 0.863140347193318
2785 0.862927481411265
2780 0.862778536930419
2775 0.862633206002815
2770 0.862479952811417
2765 0.862333880765524
2760 0.862151240068247
2755 0.861964274402639
2750 0.861783823461395
2745 0.861600947125144
2740 0.861483189904733
2735 0.861376811785362
2730 0.861230226384781
2725 0.861090917537577
2720 0.860918883476253
2715 0.860749128256811
2710 0.860606909754011
2705 0.860469607372266
2700 0.86027892707375
2695 0.860084655588633
2690 0.859916843003798
2685 0.859756073426539
2680 0.859566192597385
2675 0.859374566022452
2670 0.859249055859058
2665 0.859128589723222
2660 0.858944603982926
2655 0.8587610203355
2650 0.858601889075854
2645 0.858454426363027
2640 0.858296367856901
2635 0.858141345864487
2630 0.857962135690144
2625 0.857784876646472
2620 0.857586586252952
2615 0.857387173722404
2610 0.85722580322308
2605 0.857063013999335
2600 0.856875204591023
2595 0.856696238609847
2590 0.856528927833592
2585 0.856367851650525
2580 0.856129170389813
2575 0.8558863421066
2570 0.855696812240813
2565 0.855513453998998
2560 0.8553180841321
2555 0.85512255491123
2550 0.854931299277015
2545 0.85474747649953
2540 0.854558070984856
2535 0.854378325008703
2530 0.854173536447207
2525 0.853973770400652
2520 0.85377750326814
2515 0.853589229502087
2510 0.853385081032943
2505 0.853185886869123
2500 0.852991413892161
2495 0.852803125557078
2490 0.852605210702071
2485 0.85241427786982
2480 0.852195408655637
2475 0.851981358885332
2470 0.85177427710969
2465 0.851562216493902
2460 0.851344154652037
2455 0.851131328167498
2450 0.850877747008613
2445 0.850629694438362
2440 0.85042999487914
2435 0.850232582858157
2430 0.850033629224113
2425 0.849836544233447
2420 0.849643818455226
2415 0.849455633569039
2410 0.84924438994022
2405 0.849041444068201
2400 0.848800054091486
2395 0.848558091776546
2390 0.848348189001034
2385 0.848139498338411
2380 0.847884712529382
2375 0.847629879670997
2370 0.84743242745363
2365 0.847248641222977
2360 0.84702055769222
2355 0.846803984795026
2350 0.846576253385913
2345 0.846360501574862
2340 0.846080991607259
2335 0.845806324230781
2330 0.845553619282089
2325 0.845300575603208
2320 0.845041160626928
2315 0.8447883178536
2310 0.844529010285325
2305 0.844273661821318
2300 0.843978430801567
2295 0.843678578703963
2290 0.843450428623403
2285 0.843235260999475
2280 0.842945570324515
2275 0.842656059961015
2270 0.842380468485179
2265 0.842107889758094
2260 0.841566237802938
2255 0.840859812493917
2250 0.840190143874717
2245 0.83955597832695
2240 0.838956062124683
2235 0.838389141433399
2230 0.837853962308926
2225 0.837349270696373
2220 0.836873812429047
2215 0.836426333227355
2210 0.836005578697702
2205 0.835610294331377
2200 0.835239225503417
2195 0.834891117471476
2190 0.834564715374664
2185 0.83425876423239
2180 0.833972008943182
2175 0.833703194283496
2170 0.833451064906522
2165 0.833214365340962
2160 0.83299183998981
2155 0.832782233129108
2150 0.832584288906697
2145 0.832396751340951
2140 0.832218364319496
2135 0.832047871597923
2130 0.831884016798476
2125 0.83172554340874
2120 0.8315711947803
2115 0.831419714127405
2110 0.831269844525595
2105 0.831120328910337
2100 0.830969910075628
2095 0.830817330672595
2090 0.830661333208074
2085 0.830500660043181
2080 0.830334053391859
2075 0.830160255319419
2070 0.829978007741058
2065 0.829786052420368
2060 0.829583130967827
2055 0.829367984839271
2050 0.829139355334356
2045 0.828895983595002
2040 0.828636610603818
2035 0.828359977182513
2030 0.828064823990295
2025 0.827749891522243
2020 0.827413920107672
2015 0.827055649908476
2010 0.826673820917457
2005 0.826267172956632
2000 0.825834445675531
1995 0.825374378549466
1990 0.824885710877793
1985 0.824367181782153
1980 0.823817530204687
1975 0.823235494906248
1970 0.822619814464581
1965 0.821969227272489
1960 0.821282471535988
1955 0.820558285272427
1950 0.819795406308605
1945 0.818992572278862
1940 0.818148520623146
1935 0.817463662279127
1930 0.817809033113822
1925 0.818437351092549
1920 0.818017112887622
1915 0.817604540142848
1910 0.817148165888887
1905 0.816694315652513
1900 0.816300272840813
1895 0.815913997835413
1890 0.815526217420139
1885 0.81515874772348
1880 0.81476189084249
1875 0.814375895339113
1870 0.813903642491178
1865 0.813429030762534
1860 0.813027179775064
1855 0.812630756283056
1850 0.812197271567685
1845 0.811772278884159
1840 0.811295809293587
1835 0.810822549066151
1830 0.810387942223387
1825 0.809961130408171
1820 0.809539916470386
1815 0.80911202284661
1810 0.808648271048402
1805 0.808194367283886
1800 0.807710665331149
1795 0.80723471037406
1790 0.806790469582242
1785 0.806348979375059
1780 0.80588540866814
1775 0.80542389510388
1770 0.804899826254672
1765 0.804374029195939
1760 0.803860910406306
1755 0.803352753512457
1750 0.802878350636672
1745 0.802418908078611
1740 0.80189154418834
1735 0.801395054911454
1730 0.800921188692912
1725 0.800470640828817
1720 0.799988679309109
1715 0.799481889715688
1710 0.799005498049606
1705 0.798533903438768
1700 0.797993500540044
1695 0.797469109468763
1690 0.796934530739064
1685 0.796394317818834
1680 0.795846838044013
1675 0.795311064238869
1670 0.794781714152633
1665 0.794263309421684
1660 0.793699306668382
1655 0.793133564075318
1650 0.792591701299354
1645 0.792054392931845
1640 0.791507964595236
1635 0.790973480346674
1630 0.790398931296915
1625 0.789385197263615
1620 0.788675700471096
1615 0.789345217738413
1610 0.789688144423683
1605 0.789728046086443
1600 0.789488487907246
1595 0.788993034684071
1590 0.788265250828715
1585 0.787328700363159
1580 0.786206946915904
1575 0.78492355371829
1570 0.783502083600782
1565 0.781966098989239
1560 0.780339161901151
1555 0.778644833941859
1550 0.776906676300745
1545 0.775148249747406
1540 0.773393114627794
1535 0.771664830860346
1530 0.769986957932077
1525 0.768383054894667
1520 0.76687668036051
1515 0.765491392498753
1510 0.764250749031309
1505 0.76317830722885
1500 0.762297623906782
1495 0.761632255421194
1490 0.761205757664799
1485 0.761041686062845
1480 0.761163595569014
1475 0.761595040661304
1470 0.762359575337891
1465 0.763480753112976
1460 0.76498212701262
1455 0.765979173253529
1450 0.765184080189066
1445 0.764386605467853
1440 0.764056179821878
1435 0.763659928285218
1430 0.762918868093654
1425 0.762169154712548
1420 0.761483555908106
1415 0.760800616568204
1410 0.760012242619928
1405 0.759230643059393
1400 0.758352229016351
1395 0.757476687463206
1390 0.756642639899113
1385 0.755811518152362
1380 0.75500391142233
1375 0.754165766324681
1370 0.753330222771343
1365 0.752491352736438
1360 0.751638323318436
1355 0.75079234187383
1350 0.749902750083519
1345 0.748996262861457
1340 0.748044972577643
1335 0.74708034186539
1330 0.746132729395291
1325 0.745165860909073
1320 0.744270758753258
1315 0.743311554927762
1310 0.741513917357503
1305 0.740141412968079
1300 0.74055599385158
1295 0.741569415027885
1290 0.741754027451056
1285 0.74122696886107
1280 0.74010537635852
1275 0.738506386400752
1270 0.736547134798033
1265 0.734344756709775
1260 0.732016386640811
1255 0.729679158437721
1250 0.727450205285215
1245 0.72544665970258
1240 0.723785653540185
1235 0.722584317976058
1230 0.721959783512534
1225 0.722029179972968
1220 0.722909636498539
1215 0.723169999471131
1210 0.72197706771413
1205 0.720771701029315
1200 0.719748238257874
1195 0.718701807226071
1190 0.717526831469937
1185 0.716354504442906
1180 0.715147401348579
1175 0.713934395305337
1170 0.712687747201547
1165 0.711450119386423
1160 0.710225377055868
1155 0.709011905327472
1150 0.707829308106906
1145 0.706631611796496
1140 0.705770542747623
1135 0.704965423590562
1130 0.703680739692815
1125 0.702072928614027
1120 0.70029842719071
1115 0.698513671535737
1110 0.696875097038036
1105 0.695539138362478
1100 0.694662229449968
1095 0.693717936001093
1090 0.692314309958971
1085 0.690884909627989
1080 0.689502178396958
1075 0.687845228987689
1070 0.683007935839322
1065 0.679547506509276
1060 0.678588001665726
1055 0.677440041469852
1050 0.675538669517617
1045 0.673644869963308
1040 0.672519626257023
1035 0.671697180257807
1030 0.670254819837048
1025 0.668794383658957
1020 0.667903978755663
1015 0.666417718922999
1010 0.664660944725866
1005 0.66381043711945
1000 0.661344792307419
995 0.658984302982344
990 0.657217149504621
985 0.65543905793795
980 0.653832206423381
975 0.652185859976922
970 0.649924448266134
965 0.64744058542086
960 0.64528709394996
955 0.643527565472677
950 0.64213565223856
945 0.640791162910195
940 0.63859805946552
935 0.636573475398957
930 0.635441127429825
925 0.634368399847207
920 0.631925181717489
915 0.629367132731938
910 0.627712465033958
905 0.625732020422777
900 0.622174267047602
895 0.619291318953097
890 0.617724192249876
885 0.616641401445195
880 0.615639641179704
875 0.614347006725447
870 0.612141842600354
865 0.609965405738221
860 0.60798322694862
855 0.606019840559256
850 0.604758345545195
845 0.603699459445942
840 0.600720591396154
835 0.597431602949633
830 0.595946616661009
825 0.594713367575036
820 0.595034256541043
815 0.595571113446482
810 0.590305008987966
805 0.587230848740032
800 0.584842360079886
795 0.582437441307892
790 0.579062334618567
785 0.575917094231742
780 0.574064366085455
775 0.572111846499917
770 0.569905551913793
765 0.567737432897603
760 0.567693376518982
755 0.568421377446679
750 0.565721431622575
745 0.563068244928421
740 0.560508203313211
735 0.557650453891161
730 0.551889907789826
725 0.547926663493096
720 0.54743699694219
715 0.547647130250052
710 0.54528971702039
705 0.543010128649868
700 0.540282529814712
695 0.537497864933701
690 0.534890884758951
685 0.532341795975351
680 0.529311769685883
675 0.526348473026175
670 0.523353535259652
665 0.52037363575884
660 0.517596718661939
655 0.514772148871393
650 0.511824504064762
645 0.50888197868562
640 0.506237381904319
635 0.503667262572678
630 0.497687897773312
625 0.492452641790248
620 0.491672577908344
615 0.4916373580229
610 0.487715321744064
605 0.483990771014894
600 0.480768423226574
595 0.47753556091175
590 0.474448917976597
585 0.471330294690177
580 0.468220802468427
575 0.465147950121106
570 0.46233190449966
565 0.459583058343574
560 0.456768562554759
555 0.454100143163264
550 0.450790055405667
545 0.447494945710914
540 0.443515169991475
535 0.439650086957015
530 0.432756308410395
525 0.426579255063866
520 0.425286658428357
515 0.424691370671117
510 0.421101107359164
505 0.41754050627002
500 0.413890414516933
495 0.4102157914863
490 0.406397432249028
485 0.402612478928402
480 0.398964954063155
475 0.395329307185412
470 0.39167005887188
465 0.388035028751136
460 0.38419673303687
455 0.380332285915636
450 0.376421274765128
445 0.372490369518028
440 0.368546244699854
435 0.364578194325923
430 0.360890314758246
425 0.357184274995687
420 0.353802610586617
415 0.350311899452735
410 0.345953766300721
405 0.341427563794359
400 0.333870205067068
395 0.327336778845774
390 0.322751903128843
385 0.318402488750649
380 0.314093594725652
375 0.309761463684873
370 0.305182379082883
365 0.300564932859851
360 0.296494771299234
355 0.292415427855877
350 0.288532951005713
345 0.284745713022083
340 0.282080656757302
335 0.279575461550537
330 0.275668306384288
325 0.271773201763916
320 0.265177019391121
315 0.258462868070117
310 0.253787625857309
305 0.250080564289805
300 0.246270961331352
295 0.241586151627557
290 0.236445677224596
285 0.231434790429534
280 0.226609364227264
275 0.221892931647128
270 0.217209032218886
265 0.212494165518343
260 0.207736651802929
255 0.202937771360797
250 0.198098810949739
245 0.193221063778808
240 0.18830582948555
235 0.183354414108769
230 0.178368130056796
225 0.173349065126541
220 0.168302389628618
215 0.163234049175831
210 0.15814999557766
205 0.15305618678541
200 0.14795858683264
195 0.142863165770888
190 0.13777589960065
185 0.132702770197644
180 0.12764976523434
175 0.122622878096774
170 0.117628107796666
165 0.11267145887886
160 0.107758941324122
155 0.102896570447326
150 0.0980775164612073
145 0.093243553375882
140 0.088323609873077
135 0.0832660802730672
130 0.0780972066810799
125 0.0728626965884783
120 0.0676082619834334
115 0.0623705556881058
110 0.0571499806393629
105 0.051937880323062
100 0.0467256021520802
100 0.199337304267747

# pip_cut_1sig | pip_cut_1sig |  |  | 775
60 0.422530315503703
65 0.449489379093237
70 0.475379080940251
75 0.500222476289606
80 0.524051615130592
85 0.546878402207951
90 0.568609526704578
95 0.589129238692534
100 0.608326256782786
105 0.626302724346987
110 0.644003124526222
115 0.662122701509612
120 0.679513834894365
125 0.694568476450482
130 0.705678667935211
135 0.715940662989433
140 0.728274358987889
145 0.739981575287538
150 0.751063671830411
155 0.761607992084766
160 0.771605211442978
165 0.781091363200892
170 0.790128067516586
175 0.798705671588515
180 0.806994049747822
185 0.814988918626071
190 0.822545437390648
195 0.829801147243929
200 0.836665680943313
205 0.842606307543892
210 0.848364263670383
215 0.853939009704522
220 0.85922769025783
225 0.86451435353313
230 0.869588218141987
235 0.874476165252809
240 0.87915981235269
245 0.883627278123222
250 0.88792499270532
255 0.891958822598648
260 0.895839468275793
265 0.899602094045508
270 0.903310047048572
275 0.906881065899216
280 0.910104508888764
285 0.913202652256069
290 0.916725130310472
295 0.919611877064893
300 0.921861097203669
305 0.925052240055475
310 0.928067928167691
315 0.930240093429461
320 0.9326135715308
325 0.93522943864664
330 0.937421923593243
335 0.939414674033116
340 0.941337234794185
345 0.942845977075415
350 0.944022289080435
355 0.945644728825652
360 0.94817280833671
365 0.950346907042489
370 0.951781527965015
375 0.953259488841023
380 0.954009121392386
385 0.954661025985791
390 0.956496396247527
395 0.957942289085417
400 0.959283776372493
405 0.960495985596177
410 0.961651118397247
415 0.963181031993721
420 0.964799908019635
425 0.965916518876224
430 0.96630619991955
435 0.967382210079484
440 0.969108160662284
445 0.969993893448097
450 0.970819916529847
455 0.971662539317211
460 0.972523354275001
465 0.97338518011125
470 0.974221875777861
475 0.97501645491721
480 0.975773099174672
485 0.976500732068634
490 0.97718113560506
495 0.977849951195011
500 0.978566806288283
505 0.979263640650324
510 0.979860618415541
515 0.980484227727842
520 0.981151898635968
525 0.981724370728052
530 0.982250867707165
535 0.9828152006897
540 0.983425272078982
545 0.98406150301849
550 0.984589027512839
555 0.985006850047572
560 0.985451548051258
565 0.985867190035144
570 0.986191521602078
575 0.986611405545734
580 0.987214167842521
585 0.987715872687942
590 0.988130772510977
595 0.988588264332837
600 0.988921700328
605 0.989227932944308
610 0.98956825704327
615 0.989909858078306
620 0.990311111800304
625 0.990754245939802
630 0.991177614979416
635 0.991598276098534
640 0.991982593029125
645 0.992283053532656
650 0.992535196002249
655 0.992852728636161
660 0.993195696894486
665 0.993525714909594
670 0.993858418666628
675 0.994224824166053
680 0.994527178099497
685 0.994669714432924
690 0.994881835621113
695 0.995160031113765
700 0.995377467857204
705 0.995587471336716
710 0.99583966970987
715 0.996085568294438
720 0.996348863647644
725 0.996644353824878
730 0.996949920084424
735 0.997211240683659
740 0.997282536010379
745 0.997416981312233
750 0.997702124627184
755 0.997984857833897
760 0.998112069380176
765 0.998215978548826
770 0.998446452555217
775 0.998639429770598
780 0.998843847245102
785 0.999027347932888
790 0.999179526814549
795 0.999326370384038
800 0.999424831183274
805 0.999528312407234
810 0.999690885626755
815 0.999891990583531
820 1.00011106480183
825 1.00032754366489
830 1.00052086048828
835 1.00067044659038
840 1.00075573136009
845 1.00069595769401
850 1.00022647221123
855 1.00023649326131
860 1.0003745001281
865 1.00049781288236
870 1.00062485688878
875 1.00076268139513
880 1.00091278040284
885 1.00105607077908
890 1.00117328943701
895 1.00130207769073
900 1.00146698242716
905 1.00163512426545
910 1.0017902883118
915 1.00191243390019
920 1.00208603742518
925 1.00230211912264
930 1.00247841210035
935 1.00262037462306
940 1.00273346395121
945 1.00282313637149
950 1.0028948472264
955 1.0029540509427
960 1.00300620105892
965 1.00305675025189
970 1.00311115036234
975 1.0031748524197
980 1.00325330666594
985 1.00335196257868
990 1.0034762688935
995 1.00363167362549
1000 1.00382362409006
1005 1.00398248972601
1010 1.00407643565046
1015 1.00452740260001
1020 1.00486628111143
1025 1.00492560723654
1030 1.00499492192133
1035 1.00506566441788
1040 1.00514057160933
1045 1.00522462834336
1050 1.0052938859906
1055 1.00535054933817
1060 1.00541410908729
1065 1.00549635942498
1070 1.00558121598921
1075 1.0056536304823
1080 1.00572671819078
1085 1.00580480927377
1090 1.00589077174058
1095 1.00596711808261
1100 1.00602280204985
1105 1.00607310034303
1110 1.00613326261736
1115 1.00620421082561
1120 1.00626987429678
1125 1.00632727891726
1130 1.0063846951079
1135 1.00644665849139
1140 1.0065108990014
1145 1.00655269482927
1150 1.00659830739099
1155 1.00664958556873
1160 1.00670287820424
1165 1.00676363152687
1170 1.0068235839127
1175 1.00688275340343
1180 1.00694115777636
1185 1.00699881455089
1190 1.00705574099486
1195 1.00711195413071
1200 1.00716747074143
1205 1.00722230737641
1210 1.00727648035705
1215 1.00733000578226
1220 1.00738289953382
1225 1.00743517728151
1230 1.0074868544882
1235 1.00753794641476
1240 1.00758846812479
1245 1.00763843448928
1250 1.00768786019112
1255 1.00773675239728
1260 1.00778508876632
1265 1.00783283944932
1270 1.00787997442608
1275 1.00792647529292
1280 1.00797237061778
1285 1.00801770059263
1290 1.00806250525334
1295 1.0081068177255
1300 1.00815064395473
1305 1.00819398298314
1310 1.00823683371034
1315 1.00827919670734
1320 1.00832107965184
1325 1.00836249189903
1330 1.00840344267386
1335 1.00844394058868
1340 1.00848399219051
1345 1.00852360341931
1350 1.0085627800958
1355 1.00860152805406
1360 1.00863985353408
1365 1.00867776279415
1370 1.00871526198332
1375 1.00875235710887
1380 1.00878905393407
1385 1.00882535808493
1390 1.00886127508722
1395 1.00889681037785
1400 1.00893196933502
1405 1.00896675725216
1410 1.00900117933062
1415 1.00903524067902
1420 1.00906894630768
1425 1.0091023011379
1430 1.00913531000628
1435 1.0091679776671
1440 1.00920030879605
1445 1.00923230798985
1450 1.00926397976722
1455 1.00929532857027
1460 1.00932635876553
1465 1.00935707464594
1470 1.00938748043255
1475 1.00941758027599
1480 1.00944737825802
1485 1.00947687839273
1490 1.0095060846279
1495 1.00953500084621
1500 1.00956363086654
1505 1.00959197844524
1510 1.00962004727737
1515 1.00964784099788
1520 1.00967536318281
1525 1.0097026173504
1530 1.00972960696222
1535 1.00975633542425
1540 1.00978280608794
1545 1.00980902225125
1550 1.00983498715968
1555 1.00986070400728
1560 1.0098861759376
1565 1.00991140604463
1570 1.00993639737378
1575 1.00996115292275
1580 1.00998567564245
1585 1.01000996843783
1590 1.01003403416881
1595 1.01005787565101
1600 1.01008149565666
1605 1.01010489691537
1610 1.01012808211488
1615 1.01015105390188
1620 1.01017381488271
1625 1.01019636762412
1630 1.010218714654
1635 1.01024085846206
1640 1.01026280150051
1645 1.01028454618478
1650 1.01030609489412
1655 1.01032744997229
1660 1.01034861372819
1665 1.01036958843644
1670 1.01039037633805
1675 1.01041097964094
1680 1.0104314005206
1685 1.0104516411206
1690 1.01047170355316
1695 1.01049158989975
1700 1.01051130221153
1705 1.01053084250998
1710 1.01055021278733
1715 1.01056941500711
1720 1.01058845110463
1725 1.01060732298748
1730 1.01062603253597
1735 1.01064458160363
1740 1.01066297201766
1745 1.01068120557936
1750 1.01069928406458
1755 1.01071720922416
1760 1.01073498278431
1765 1.01075260644709
1770 1.01077008189074
1775 1.01078741077016
1780 1.01080459471721
1785 1.01082163534116
1790 1.01083853422903
1795 1.01085529294597
1800 1.01087191303562
1805 1.01088839602047
1810 1.01090474340217
1815 1.01092095666192
1820 1.01093703726078
1825 1.01095298663999
1830 1.0109688062213
1835 1.01098449740729
1840 1.01100006158167
1845 1.01101550010959
1850 1.01103081433792
1855 1.01104600559558
1860 1.01106107519377
1865 1.01107602442632
1870 1.01109085456992
1875 1.01110556688437
1880 1.01112016261293
1885 1.01113464298249
1890 1.01114900920387
1895 1.01116326247209
1900 1.01117740396657
1905 1.01119143485139
1910 1.01120535627558
1915 1.01121916937325
1920 1.01123287526392
1925 1.01124647505268
1930 1.01125996983046
1935 1.01127336067421
1940 1.01128664864712
1945 1.01129983479884
1950 1.0113129201657
1955 1.01132590577088
1960 1.01133879262463
1965 1.01135158172445
1970 1.01136427405531
1975 1.01137687058981
1980 1.01138937228839
1985 1.01140178009947
1990 1.01141409495968
1990 0.977150886843799
1985 0.977138571983585
1980 0.977126164172505
1975 0.977113662473933
1970 0.977101065939431
1965 0.97708837360857
1960 0.977075584508747
1955 0.977062697655001
1950 0.977049712049822
1945 0.977036626682962
1940 0.977023440531237
1935 0.977010152558328
1930 0.976996761714582
1925 0.976983266936801
1920 0.976969667148035
1915 0.976955961257366
1910 0.976942148159695
1905 0.976928226735514
1900 0.976914195850685
1895 0.97690005435621
1890 0.976885801087993
1885 0.976871434866608
1880 0.97685695449705
1875 0.976842358768493
1870 0.976827646454035
1865 0.976812816310443
1860 0.976797867077891
1855 0.976782797479695
1850 0.976767606222041
1845 0.97675229199371
1840 0.976736853465794
1835 0.976721289291414
1830 0.976705598105422
1825 0.97668977852411
1820 0.9766738291449
1815 0.97665774854604
1810 0.976641535286287
1805 0.976625187904586
1800 0.976608704919742
1795 0.976592084830088
1790 0.976575326113146
1785 0.976558427225276
1780 0.976541386601328
1775 0.976524202654279
1770 0.976506873774863
1765 0.976489398331205
1760 0.976471774668429
1755 0.976454001108275
1750 0.976436075948703
1745 0.976417997463482
1740 0.976399763901782
1735 0.976381373487751
1730 0.976362824420087
1725 0.976344114871597
1720 0.976325242988752
1715 0.976306206891229
1710 0.97628700467145
1705 0.976267634394101
1700 0.976248094095654
1695 0.976228381783867
1690 0.976208495437283
1685 0.976188433004715
1680 0.97616819240472
1675 0.976147771525062
1670 0.976127168222167
1665 0.976106380320563
1660 0.976085405612308
1655 0.976064241856411
1650 0.976042886778236
1645 0.976021338068895
1640 0.97599959338463
1635 0.975977650346175
1630 0.97595550653812
1625 0.975933159508239
1620 0.975910606766825
1615 0.975887845785998
1610 0.975864873999003
1605 0.97584168879949
1600 0.975818287540783
1595 0.975794667535127
1590 0.975770826052925
1585 0.975746760321955
1580 0.975722467526567
1575 0.97569794480687
1570 0.975673189257897
1565 0.975648197928745
1560 0.975622967821713
1555 0.9755974958914
1550 0.975571779043801
1545 0.97554581413537
1540 0.975519597972066
1535 0.97549312730838
1530 0.975466398846342
1525 0.975439409234501
1520 0.975412155066894
1515 0.975384632881967
1510 0.97535683916149
1505 0.975328770329431
1500 0.975300422750788
1495 0.975271792730452
1490 0.975242876512019
1485 0.975213670276598
1480 0.975184170141656
1475 0.975154372159647
1470 0.975124272316668
1465 0.975093866531008
1460 0.975063150651431
1455 0.975032120456117
1450 0.975000771651336
1445 0.974969099870415
1440 0.974937100673512
1435 0.974904769544789
1430 0.974872101890401
1425 0.974839093035276
1420 0.974805738216645
1415 0.974772032587156
1410 0.974737971214738
1405 0.97470354908681
1400 0.974668761126403
1395 0.974633602172341
1390 0.974598066971337
1385 0.974562150153694
1380 0.974525846164285
1375 0.974489149327493
1370 0.974452053867442
1365 0.974414553989181
1360 0.974376644126543
1355 0.974338318689792
1350 0.974299571979919
1345 0.974260397875144
1340 0.974220788895147
1335 0.974180737131859
1330 0.974140234557979
1325 0.974099274185378
1320 0.974057853545541
1315 0.974015971203609
1310 0.973973625594459
1305 0.973930810686643
1300 0.973887502980014
1295 0.973843674501983
1290 0.973799297137456
1285 0.973754358796987
1280 0.973708911927673
1275 0.973663024995463
1270 0.973616766310201
1265 0.973570176085445
1260 0.973523182625074
1255 0.973475686129114
1250 0.973427586626361
1245 0.97337880095075
1240 0.973329313678479
1235 0.973279126182459
1230 0.973228239647502
1225 0.973176655065814
1220 0.973124373232349
1215 0.973071394740042
1210 0.973017719974906
1205 0.972963349110988
1200 0.972908282105179
1195 0.972852518691884
1190 0.972796058377531
1185 0.972738900434928
1180 0.97268104389745
1175 0.972622487553063
1170 0.972563229938173
1165 0.972503269331296
1160 0.972442603746534
1155 0.972365501821239
1150 0.972270746564791
1145 0.972184155632516
1140 0.972101480156267
1135 0.972026708944572
1130 0.971952640314747
1125 0.971843041873757
1120 0.971727430663617
1115 0.971616366342833
1110 0.971518051221585
1105 0.971442778882088
1100 0.971355089245453
1095 0.971252841933074
1090 0.971151518896402
1085 0.971061293293148
1080 0.97098114667066
1075 0.970903146123474
1070 0.970806571586222
1065 0.970697688688689
1060 0.970581243473956
1055 0.970471777361641
1050 0.970360803893512
1045 0.970238992104167
1040 0.970124904159076
1035 0.970020746407763
1030 0.96989845055222
1025 0.969764000238976
1020 0.969639699311412
1015 0.969806384121029
1010 0.970101301311632
1005 0.970024486544217
1000 0.969843986552535
995 0.969628082165591
990 0.969458578739335
985 0.969328590924345
980 0.969231232671534
975 0.969159617211314
970 0.969106857032054
965 0.969066063857769
960 0.969030348625038
955 0.968992821459107
950 0.968946591649143
945 0.968884767622615
940 0.968800456918752
935 0.968686766161055
930 0.968536801028809
925 0.968343666227576
920 0.968100465458595
915 0.967880187489413
910 0.96777156099682
905 0.967704775452665
900 0.967639218670626
895 0.967542694710374
890 0.967415520914235
885 0.967297843485208
880 0.967218988906282
875 0.967130268562988
870 0.967014318325242
865 0.966876003035651
860 0.966700830707457
855 0.966536844780721
850 0.966174595262998
845 0.965074389271039
840 0.964671945230456
835 0.964486861455444
830 0.96432155075046
825 0.964168194345616
820 0.964018971541536
815 0.963866059641653
810 0.963701633881736
805 0.963517867356521
800 0.963306930943322
795 0.963111808182972
790 0.962933293577952
785 0.962720042835849
780 0.962502363117423
775 0.962278281717083
770 0.962062189777978
765 0.961836188564447
760 0.961556102255644
755 0.961306442378859
750 0.961112562037497
745 0.960916548244896
740 0.960660484583533
735 0.960418479145368
730 0.960189865651373
725 0.959913463981432
720 0.959675940519535
715 0.959429753982834
710 0.959172781551848
705 0.958916463188236
700 0.95869974253572
695 0.958531103204929
690 0.958381977617794
685 0.958145793450092
680 0.957806360940584
675 0.95746376655302
670 0.95720942026873
665 0.956957820879569
660 0.956619990098997
655 0.956234122151026
650 0.955807002171859
645 0.955298194352546
640 0.95476331126781
635 0.954379834810206
630 0.95411590240929
625 0.953756188066208
620 0.953356114106271
615 0.953027103535799
610 0.952706342453493
605 0.952366858537307
600 0.952023375432403
595 0.951751552690474
590 0.951474323012949
585 0.951050991553515
580 0.950554287193548
575 0.950062251400564
570 0.949576205040465
565 0.949035847237983
560 0.948495104329239
555 0.948051368264346
550 0.94752132675672
545 0.946899433779274
540 0.946384836419905
535 0.945872612423903
530 0.945311544270332
525 0.944751764979301
520 0.944152661147196
515 0.943573187632234
510 0.942925866436307
505 0.942167275585851
500 0.941435992121115
495 0.940714999701132
490 0.939913624652174
485 0.939129928490448
480 0.938381843925866
475 0.937587392826072
470 0.93685778598701
465 0.936173305476754
460 0.935342325042658
455 0.934508094595826
450 0.933625898559448
445 0.93256090902079
440 0.931528241185955
435 0.931154897325278
430 0.930146919130318
425 0.928629816518908
420 0.92765564003558
415 0.926516513718797
410 0.925358204247535
405 0.924059370847492
400 0.922677035036541
395 0.921330019427401
390 0.919958817044725
385 0.918312521268011
380 0.917044727161657
375 0.915774743602093
370 0.914299086238446
365 0.912750785683675
360 0.911008848221891
355 0.909203782012719
350 0.907513912108357
345 0.905600952813478
340 0.903679054040285
335 0.901766851842866
330 0.899689094803799
325 0.897527291190053
320 0.895346909188021
315 0.892995225025094
310 0.890576087953927
305 0.888245763300571
300 0.885796673454677
295 0.883341747875098
290 0.880558715298218
285 0.87743719390933
280 0.874393053435971
275 0.871256033510182
270 0.867997062701078
265 0.864542235637081
260 0.861021113983643
255 0.85736106198097
250 0.853458386876161
245 0.849441928392082
240 0.845257080086316
235 0.840787556673045
230 0.836103137331664
225 0.831265644451977
220 0.826200699078526
215 0.820812925201451
210 0.815239960541035
205 0.80952216176544
200 0.80356582647579
195 0.797040875008081
190 0.790202627893451
185 0.782948205753451
180 0.775331899480585
175 0.767332224824149
170 0.758884642794738
165 0.74994688804187
160 0.740522485658072
155 0.73051625810052
150 0.719907124264426
145 0.708843363264266
140 0.697235996244575
135 0.684898721137359
130 0.673698331045041
125 0.661668287497939
120 0.64657086008033
115 0.629556518223096
110 0.611775821344369
105 0.594046807984494
100 0.5758562798896
95 0.556511594917908
90 0.535930003155612
85 0.51418406756423
80 0.491350819644187
75 0.467492570196968
70 0.442597288109796
65 0.416640515437242
60 0.389606788978307
60 0.422530315503703

# pip_cut_25sig | pip_cut_25sig |  |  | 775
60 0.447222960397751
65 0.474126026835234
70 0.499965425563093
75 0.524769905859085
80 0.548577211745396
85 0.571399153190742
90 0.593119169366303
95 0.613592471523504
100 0.632678739452675
105 0.650494661618856
110 0.668173601912612
115 0.686547338974499
120 0.704221066004892
125 0.719243618164889
130 0.729663920602839
135 0.739222119378489
140 0.751553131045374
145 0.763335234304993
150 0.7744310825049
155 0.784926792572952
160 0.794917255781657
165 0.804449719570158
170 0.813560636057972
175 0.822235756661791
180 0.830740662448249
185 0.839019453280536
190 0.846802544513545
195 0.854371351420814
200 0.861490571793955
205 0.867419416877731
210 0.873207491017394
215 0.878783573081825
220 0.883997933642309
225 0.889450885343995
230 0.89470202874973
235 0.899742621687632
240 0.90458686155247
245 0.909266290421577
250 0.91377494707719
255 0.917907143061907
260 0.921953233994906
265 0.925896987851828
270 0.929794785309192
275 0.933599840190993
280 0.936888100478359
285 0.940026746016123
290 0.943849941569662
295 0.94681447395724
300 0.948909415015414
305 0.952657097621653
310 0.956186808328015
315 0.958173744732736
320 0.960563568287885
325 0.96350604923908
330 0.965721545185326
335 0.967650540675803
340 0.96958087035961
345 0.970779745271868
350 0.971403571809493
355 0.972975438935351
360 0.976045778422824
365 0.9785439980616
370 0.979893359259941
375 0.98137304777022
380 0.981732417065433
385 0.981922404524125
390 0.983899580649628
395 0.985401491328929
400 0.986738832374457
405 0.987823446657691
410 0.988870804009531
415 0.990679420699914
420 0.992658109007677
425 0.993881545644212
430 0.993425660511473
435 0.994552694645138
440 0.997293100269531
445 0.998068631768578
450 0.998715430007647
455 0.999528372858249
460 1.00040912619926
465 1.00129408608712
470 1.002244943121
475 1.00308825148556
480 1.00381654061128
485 1.00452883475227
490 1.00513176881972
495 1.00570116481542
500 1.00641491691366
505 1.00708591444868
510 1.00756168239997
515 1.00816750779955
520 1.00890132675255
525 1.00945382503962
530 1.00995536028479
535 1.01052214188905
540 1.01120559882329
545 1.0119330549479
550 1.01238980307993
555 1.01272346138499
560 1.01316888084277
565 1.01349069713301
570 1.01365300902329
575 1.01402327115461
580 1.01470907832925
585 1.01521453353876
590 1.0156231096345
595 1.01621579806461
600 1.0165954439997
605 1.01687373874956
610 1.0172146929856
615 1.01757192398519
620 1.01802736007083
625 1.018502789345
630 1.01897389940701
635 1.01951210706478
640 1.01989705435011
645 1.02002169791774
650 1.02008134137504
655 1.02031668350001
660 1.0206274769911
665 1.02095163543211
670 1.02134516746505
675 1.02179561737583
680 1.02206779096868
685 1.02206265517005
690 1.0222567291236
695 1.02263172704539
700 1.02288576184832
705 1.02309072744808
710 1.02333983582839
715 1.02357742902814
720 1.02385355599373
725 1.02419252120746
730 1.02451996090921
735 1.02480581183738
740 1.02474907458051
745 1.02479230611274
750 1.02514429656945
755 1.02549366942518
760 1.02552904472357
765 1.02550082103711
770 1.02573464963815
775 1.02591029081074
780 1.02609996034086
785 1.02625782675567
790 1.026364201742
795 1.02648729203484
800 1.02651325636324
805 1.02653614619527
810 1.02668282443552
815 1.02691143878994
820 1.02718013474705
825 1.02744705565434
830 1.02767034279164
835 1.02780813544158
840 1.02781857095731
845 1.02741213401123
850 1.0257653799224
855 1.02551122962176
860 1.02562975219358
865 1.02571417026739
870 1.02583276081144
875 1.02598699101924
880 1.02618312402526
885 1.02637474124948
890 1.02649161582909
895 1.026621614926
900 1.02683780524457
905 1.02708288587504
910 1.02730433379803
915 1.02743661870828
920 1.02757521640012
925 1.02777095879394
930 1.02793462040401
935 1.02807058096957
940 1.02818321922555
945 1.02827691293314
950 1.02835603890934
955 1.0284249730554
960 1.02848809038434
965 1.02854976504748
970 1.02861437036006
975 1.02868627882599
980 1.02876986216174
985 1.02886949131943
990 1.02898953650913
995 1.02913436722042
1000 1.0293083522432
1005 1.02945099211235
1010 1.02955778640457
1015 1.03056816645924
1020 1.03128621746144
1025 1.03129681248471
1030 1.03131727544817
1035 1.03134935292547
1040 1.03140232219702
1045 1.03146385552275
1050 1.03149369756341
1055 1.03150962832057
1060 1.03153875829729
1065 1.0315953624772
1070 1.03166219929145
1075 1.03171649375142
1080 1.03178589683087
1085 1.03186244625924
1090 1.03194521137372
1095 1.03200282519477
1100 1.03202358665315
1105 1.03204584143873
1110 1.03209467116419
1115 1.03214509418769
1120 1.03217670702165
1125 1.03219045669988
1130 1.03220873620276
1135 1.03226162065151
1140 1.03231796313524
1145 1.03232909922684
1150 1.03234397801063
1155 1.03236264837935
1160 1.03239808404751
1165 1.03245890317355
1170 1.03251884939359
1175 1.03257795279121
1180 1.03263624318554
1185 1.03269375013786
1190 1.03275050295786
1195 1.03280653070982
1200 1.03286186221862
1205 1.03291652607547
1210 1.03297055064365
1215 1.03302396406393
1220 1.03307679425992
1225 1.03312906894327
1230 1.03318081561873
1235 1.03323206158899
1240 1.03328283395952
1245 1.03333315964317
1250 1.03338306536469
1255 1.0334325520984
1260 1.03348151837226
1265 1.03352983697222
1270 1.03357738051299
1275 1.03362406301602
1280 1.03366996463536
1285 1.03371520693935
1290 1.03375991134025
1295 1.03380417514315
1300 1.03384799968577
1305 1.03389136220551
1310 1.03393423979725
1315 1.03397661583515
1320 1.03401849923157
1325 1.03405990518427
1330 1.03410084876077
1335 1.03414134318129
1340 1.03418139466203
1345 1.03422100757743
1350 1.03426018618271
1355 1.03429893507727
1360 1.03433726058973
1365 1.03437516939788
1370 1.03441266807023
1375 1.0344497629449
1380 1.0344864597614
1385 1.03452276403336
1390 1.03455868117413
1395 1.03459421653199
1400 1.03462937549148
1405 1.03466416337618
1410 1.03469858541753
1415 1.03473264674792
1420 1.03476635237595
1425 1.03479970721487
1430 1.03483271609319
1435 1.03486538375884
1440 1.03489771488795
1445 1.03492971407942
1450 1.03496138585413
1455 1.03499273465589
1460 1.0350237648511
1465 1.03505448073213
1470 1.03508488651946
1475 1.03511498636325
1480 1.03514478434528
1485 1.03517428447984
1490 1.03520349071481
1495 1.03523240693303
1500 1.03526103695336
1505 1.0352893845321
1510 1.03531745336428
1515 1.03534524708482
1520 1.03537276926974
1525 1.03540002343732
1530 1.03542701304913
1535 1.03545374151116
1540 1.03548021217484
1545 1.03550642833815
1550 1.03553239324659
1555 1.0355581100942
1560 1.03558358202451
1565 1.03560881213154
1570 1.03563380346069
1575 1.03565855900966
1580 1.03568308172936
1585 1.03570737452475
1590 1.03573144025572
1595 1.03575528173792
1600 1.03577890174357
1605 1.03580230300228
1610 1.03582548820179
1615 1.03584845998879
1620 1.03587122096962
1625 1.03589377371103
1630 1.03591612074091
1635 1.03593826454897
1640 1.03596020758742
1645 1.03598195227169
1650 1.03600350098103
1655 1.0360248560592
1660 1.0360460198151
1665 1.03606699452335
1670 1.03608778242496
1675 1.03610838572785
1680 1.03612880660751
1685 1.03614904720751
1690 1.03616910964007
1695 1.03618899598666
1700 1.03620870829845
1705 1.03622824859689
1710 1.03624761887424
1715 1.03626682109402
1720 1.03628585719154
1725 1.03630472907439
1730 1.03632343862288
1735 1.03634198769054
1740 1.03636037810457
1745 1.03637861166627
1750 1.03639669015149
1755 1.03641461531107
1760 1.03643238887122
1765 1.036450012534
1770 1.03646748797765
1775 1.03648481685707
1780 1.03650200080412
1785 1.03651904142807
1790 1.03653594031594
1795 1.03655269903288
1800 1.03656931912253
1805 1.03658580210738
1810 1.03660214948908
1815 1.03661836274883
1820 1.03663444334769
1825 1.0366503927269
1830 1.03666621230821
1835 1.0366819034942
1840 1.03669746766859
1845 1.0367129061965
1850 1.03672822042483
1855 1.03674341168249
1860 1.03675848128068
1865 1.03677343051323
1870 1.03678826065683
1875 1.03680297297128
1880 1.03681756869984
1885 1.0368320490694
1890 1.03684641529078
1895 1.036860668559
1900 1.03687481005348
1905 1.03688884093831
1910 1.03690276236249
1915 1.03691657546016
1920 1.03693028135083
1925 1.03694388113959
1930 1.03695737591737
1935 1.03697076676112
1940 1.03698405473403
1945 1.03699724088575
1950 1.03701032625261
1955 1.03702331185779
1960 1.03703619871154
1965 1.03704898781136
1970 1.03706168014222
1975 1.03707427667672
1980 1.0370867783753
1985 1.03709918618638
1990 1.03711150104659
1990 0.951453480756889
1985 0.951441165896675
1980 0.951428758085595
1975 0.951416256387023
1970 0.951403659852521
1965 0.95139096752166
1960 0.951378178421837
1955 0.951365291568091
1950 0.951352305962912
1945 0.951339220596052
1940 0.951326034444327
1935 0.951312746471418
1930 0.951299355627672
1925 0.951285860849891
1920 0.951272261061124
1915 0.951258555170456
1910 0.951244742072785
1905 0.951230820648603
1900 0.951216789763775
1895 0.951202648269299
1890 0.951188395001083
1885 0.951174028779697
1880 0.95115954841014
1875 0.951144952681583
1870 0.951130240367125
1865 0.951115410223533
1860 0.95110046099098
1855 0.951085391392785
1850 0.951070200135131
1845 0.951054885906799
1840 0.951039447378884
1835 0.951023883204503
1830 0.951008192018512
1825 0.9509923724372
1820 0.95097642305799
1815 0.95096034245913
1810 0.950944129199377
1805 0.950927781817675
1800 0.950911298832831
1795 0.950894678743178
1790 0.950877920026235
1785 0.950861021138366
1780 0.950843980514418
1775 0.950826796567368
1770 0.950809467687953
1765 0.950791992244294
1760 0.950774368581518
1755 0.950756595021365
1750 0.950738669861793
1745 0.950720591376572
1740 0.950702357814872
1735 0.950683967400841
1730 0.950665418333177
1725 0.950646708784687
1720 0.950627836901841
1715 0.950608800804319
1710 0.95058959858454
1705 0.950570228307191
1700 0.950550688008744
1695 0.950530975696956
1690 0.950511089350372
1685 0.950491026917804
1680 0.950470786317809
1675 0.950450365438152
1670 0.950429762135257
1665 0.950408974233653
1660 0.950387999525398
1655 0.950366835769501
1650 0.950345480691326
1645 0.950323931981985
1640 0.950302187297719
1635 0.950280244259265
1630 0.950258100451209
1625 0.950235753421328
1620 0.950213200679914
1615 0.950190439699088
1610 0.950167467912093
1605 0.95014428271258
1600 0.950120881453873
1595 0.950097261448217
1590 0.950073419966015
1585 0.950049354235045
1580 0.950025061439657
1575 0.95000053871996
1570 0.949975783170986
1565 0.949950791841834
1560 0.9499255617348
1555 0.949900089804488
1550 0.949874372956891
1545 0.949848408048463
1540 0.949822191885162
1535 0.949795721221476
1530 0.949768992759432
1525 0.949742003147577
1520 0.949714748979957
1515 0.949687226795031
1510 0.94965943307458
1505 0.949631364242571
1500 0.949603016663974
1495 0.949574386643635
1490 0.949545470425109
1485 0.949516264189496
1480 0.949486764054387
1475 0.94945696607239
1470 0.949426866229757
1465 0.949396460444811
1460 0.949365744565859
1455 0.949334714370499
1450 0.949303365564426
1445 0.94927169378084
1440 0.949239694581608
1435 0.949207363453052
1430 0.949174695803491
1425 0.949141686958308
1420 0.949108332148371
1415 0.949074626518257
1410 0.949040565127828
1405 0.949006142962794
1400 0.94897135496994
1395 0.948936196018208
1390 0.948900660884427
1385 0.948864744205265
1380 0.948828440336948
1375 0.948791743491462
1370 0.948754647780532
1365 0.948717147385453
1360 0.948679237070892
1355 0.948640911666588
1350 0.948602165893009
1345 0.94856299371702
1340 0.948523386423625
1335 0.948483334539244
1330 0.948442828471069
1325 0.948401860900136
1320 0.948360433965815
1315 0.948318552075807
1310 0.948276219507549
1305 0.94823343146427
1300 0.948190147248974
1295 0.948146317084342
1290 0.948101891050546
1285 0.948056852450258
1280 0.948011317910093
1275 0.947965437272367
1270 0.947919360223291
1265 0.947873178562542
1260 0.947826753019137
1255 0.947779886427991
1250 0.94773238145279
1245 0.947684075796857
1240 0.947634947843748
1235 0.947585011008231
1230 0.947534278516977
1225 0.947482763404046
1220 0.947430478506248
1215 0.947377436458377
1210 0.947323649688301
1205 0.947269130411923
1200 0.947213890627991
1195 0.947157942112766
1190 0.947101296414533
1185 0.947043964847956
1180 0.946985958488266
1175 0.946927288165287
1170 0.94686796445728
1165 0.946807997684617
1160 0.946747397903258
1155 0.94665243901062
1150 0.946525075945144
1145 0.94640775123495
1140 0.94629441602242
1135 0.946211746784456
1130 0.946128599219883
1125 0.945979864091132
1120 0.945820597938746
1115 0.945675482980753
1110 0.945556642674754
1105 0.945470037786384
1100 0.945354304642155
1095 0.945217134820919
1090 0.945097079263265
1085 0.945003656307679
1080 0.944921968030571
1075 0.944840282854352
1070 0.944725588283983
1065 0.944598685636472
1060 0.944456594263956
1055 0.944312698379243
1050 0.944160992320698
1045 0.943999764924775
1040 0.943863153571386
1035 0.943737057900176
1030 0.943576097025386
1025 0.943392794990806
1020 0.943219762961402
1015 0.943765620261795
1010 0.944619950557514
1005 0.944555984157874
1000 0.944359258399393
995 0.944125388570666
990 0.943945311123709
985 0.943811062183596
980 0.943714677175731
975 0.943648190805025
970 0.943603637034338
965 0.943573049062179
960 0.943548459299624
955 0.943521899346411
950 0.943485399966203
945 0.943430991060962
940 0.943350701644412
935 0.943236559814548
930 0.943080592725152
925 0.942874826556276
920 0.942611286483657
915 0.942356002681327
910 0.942257515510587
905 0.942257013843076
900 0.942268395853222
895 0.942223157475104
890 0.942097194522155
885 0.941979173014807
880 0.941948645283862
875 0.94190595893888
870 0.941806414402585
865 0.941659645650621
860 0.941445578641977
855 0.941262108420277
850 0.940635687551825
845 0.938358212953813
840 0.937609105633234
835 0.937349172604244
830 0.937172068447099
825 0.937048682356163
820 0.936949901596316
815 0.936846611435245
810 0.936709695072972
805 0.936510033568487
800 0.936218505763358
795 0.935950886532172
790 0.935748618650504
785 0.935489564013069
780 0.935246250021663
775 0.935007420676946
770 0.934773992695049
765 0.934551346076162
760 0.934139126912246
755 0.933797630787581
750 0.933670390095232
745 0.933541223444393
740 0.933193946013399
735 0.93282390799165
730 0.932619824826585
725 0.932365296598847
720 0.932171248173453
715 0.931937893249131
710 0.93167261543333
705 0.931413207076875
700 0.931191448544608
695 0.931059407273302
690 0.931007084115305
685 0.930752852712967
680 0.930265748071399
675 0.929892973343245
670 0.929722671470306
665 0.929531900357051
660 0.92918821000238
655 0.928770167287175
650 0.928260856799066
645 0.927559549967464
640 0.926848849946823
635 0.92646600384396
630 0.926319617981694
625 0.926007644661014
620 0.925639865835747
615 0.925365037628919
610 0.92505990651116
605 0.924721052732055
600 0.924349631760706
595 0.924124018958703
590 0.923981985889427
585 0.923552330702695
580 0.923059376706819
575 0.922650385791687
570 0.922114717619256
565 0.921412340140113
560 0.920777771537724
555 0.920334756926926
550 0.919720551189631
545 0.919027881849862
540 0.918604509675598
535 0.918165671224555
530 0.917607051692708
525 0.917022310667738
520 0.916403233030617
515 0.915889907560529
510 0.915224802451882
505 0.914345001787496
500 0.91358788149574
495 0.912863786080723
490 0.91196299143751
485 0.911101825806809
480 0.910338402489262
475 0.909515596257718
470 0.908834718643871
465 0.908264399500881
460 0.907456553118401
455 0.906642261054788
450 0.905730385081648
445 0.904486170700309
440 0.903343301578709
435 0.903984412759624
430 0.903027458538394
425 0.900664789750921
420 0.899797439047538
415 0.899018125012604
410 0.89813851863525
405 0.896731909785978
400 0.895221979034577
395 0.89387081718389
390 0.892555632642623
385 0.891051142729676
380 0.88932143148861
375 0.887661184672896
370 0.88618725494352
365 0.884553694664564
360 0.883135878135776
355 0.881873071903019
350 0.880132629379299
345 0.877667184617025
340 0.87543541847486
335 0.873530985200179
330 0.871389473211715
325 0.869250680597613
320 0.867396912430937
315 0.865061573721819
310 0.862457207793604
305 0.860640905734394
300 0.858748355642933
295 0.856139150982751
290 0.853433904039028
285 0.850613100149276
280 0.847609461846377
275 0.844537259218406
270 0.841512324440457
265 0.83824734183076
260 0.83490734826453
255 0.831412741517711
250 0.827608432504291
245 0.823802916093727
240 0.819830030886535
235 0.815521100238221
230 0.810989326723922
225 0.806329112641112
220 0.801430455694047
215 0.795968361824147
210 0.790396733194024
205 0.7847090524316
200 0.778740935625148
195 0.772470670831195
190 0.765945520770554
185 0.758917671098986
180 0.751585286780157
175 0.743802139750873
170 0.735452074253353
165 0.726588531672604
160 0.717210441319392
155 0.707197457612334
150 0.696539713589938
145 0.685489704246812
140 0.67395722418709
135 0.661617264748303
130 0.649713078377414
125 0.636993145783531
120 0.621863628969803
115 0.605131880758209
110 0.58760534395798
105 0.569854870712625
100 0.551503797219711
95 0.532048362086938
90 0.511420360493887
85 0.489663316581439
80 0.466825223029384
75 0.442945140627489
70 0.418010943486954
65 0.392003867695246
60 0.36491414408426
60 0.447222960397751

# pip_cut_3sig | pip_cut_3sig |  |  | 775
60 0.4554538420291
65 0.482338242749232
70 0.508160873770706
75 0.532952382382244
80 0.556752410616997
85 0.579572736851672
90 0.601289050253545
95 0.621746882467161
100 0.640796233675971
105 0.658558640709479
110 0.676230427708076
115 0.694688884796128
120 0.712456809708401
125 0.727468665403025
130 0.737659004825381
135 0.746982604841507
140 0.759312721731203
145 0.771119787310811
150 0.782220219396396
155 0.792699726069013
160 0.802687937227883
165 0.812235838359913
170 0.821371492238434
175 0.830079118352882
180 0.838656200015058
185 0.847029631498691
190 0.854888246887844
195 0.862561419479776
200 0.869765535410836
205 0.875690453322344
210 0.881488566799731
215 0.887065094207593
220 0.892254681437135
225 0.897763062614284
230 0.903073298952311
235 0.908164773832573
240 0.913062544619064
245 0.917812627854362
250 0.92239159853448
255 0.926556583216327
260 0.930657822567944
265 0.934661952453935
270 0.938623031396065
275 0.942506098288251
280 0.945815964341558
285 0.948968110602808
290 0.952891545322725
295 0.955882006254689
300 0.957925520952662
305 0.961858716810378
310 0.965559768381456
315 0.967484961833827
320 0.969880233873579
325 0.972931586103227
330 0.975154752382688
335 0.977062496223365
340 0.978995415548085
345 0.980091001337353
350 0.980530666052513
355 0.982085675638585
360 0.985336768451529
365 0.987943028401304
370 0.989263969691583
375 0.990744234079953
380 0.990973515623115
385 0.99100953070357
390 0.993033975450329
395 0.994554558743433
400 0.995890517708445
405 0.996932600344862
410 0.997944032546959
415 0.999845550268645
420 1.00194417600369
425 1.00320322123354
430 1.00246548070878
435 1.00360952283369
440 1.00668808013861
445 1.00742687787541
450 1.00801393450025
455 1.0088169840386
460 1.00970438350734
465 1.01059705474575
470 1.01158596556871
475 1.01244551700835
480 1.01316435442348
485 1.01387153564682
490 1.01444864655795
495 1.01498490268889
500 1.01569762045545
505 1.0163600057148
510 1.01679537039477
515 1.01739526782345
520 1.01815113612474
525 1.0186969764768
530 1.019190191144
535 1.0197577889555
540 1.02046570773806
545 1.02122357225771
550 1.02165672826896
555 1.0219623318308
560 1.02240799177328
565 1.0226985328323
570 1.02280683816369
575 1.0231605596909
580 1.02387404849149
585 1.02438075382237
590 1.02478722200901
595 1.0254249759752
600 1.0258200252236
605 1.02608900735131
610 1.02643017163305
615 1.02679261262081
620 1.02726610949434
625 1.02775230381339
630 1.02823932754954
635 1.02881671738686
640 1.02920187479044
645 1.02926791271277
650 1.02926338983264
655 1.0294713351213
660 1.02977140368997
665 1.03009360893962
670 1.03050741706453
675 1.03098588177909
680 1.03124799525841
685 1.03119363541576
690 1.03138169362443
695 1.0317889590226
700 1.03205519317869
705 1.0322584794852
710 1.03250655786789
715 1.03274138260604
720 1.03302178677575
725 1.03337524366832
730 1.03370997451747
735 1.03400400222195
740 1.03390458743722
745 1.03391741437957
750 1.03429168721687
755 1.03466327328894
760 1.03466803650471
765 1.03459576853321
770 1.03483071533246
775 1.03500057782411
780 1.03518533137278
785 1.03533465302993
790 1.03542576005115
795 1.0355409325851
800 1.03554273142323
805 1.03553875745795
810 1.03568013737177
815 1.03591792152541
820 1.03620315806212
825 1.03648689298416
830 1.03672017022609
835 1.03685403172531
840 1.03683951748972
845 1.03631752611697
850 1.03427834915946
855 1.03393614174191
860 1.03404816954874
865 1.03411962272907
870 1.03423539545233
875 1.03439509422727
880 1.0346065718994
885 1.03481429807295
890 1.03493105795978
895 1.03506146067109
900 1.0352947461837
905 1.03556547307823
910 1.03580901562678
915 1.03594468031097
920 1.03607160939176
925 1.03626057201771
930 1.0364200231719
935 1.03655398308507
940 1.03666647098366
945 1.03676150512036
950 1.03684310280365
955 1.0369152804263
960 1.03698205349281
965 1.03704743664601
970 1.03711544369263
975 1.03719008762809
980 1.03727538066034
985 1.03737533423301
990 1.03749395904767
995 1.03763526508539
1000 1.03780326162758
1005 1.0379404929078
1010 1.03805156998928
1015 1.03924842107899
1020 1.04009286291144
1025 1.0400872142341
1030 1.04009139329044
1035 1.040110582428
1040 1.04015623905958
1045 1.04021026458255
1050 1.04022696808768
1055 1.0402293213147
1060 1.04024697470062
1065 1.04029503016127
1070 1.04035586039219
1075 1.04040411484113
1080 1.0404722897109
1085 1.0405483252544
1090 1.04063002458477
1095 1.04068139423215
1100 1.04069051485425
1105 1.04070342180397
1110 1.04074847401313
1115 1.04079205530838
1120 1.04081231792994
1125 1.04081151596076
1130 1.04081674990105
1135 1.04086660803821
1140 1.04092031784653
1145 1.04092123402602
1150 1.04092586821718
1155 1.04093366931622
1160 1.04096315266194
1165 1.04102399372244
1170 1.04108393788722
1175 1.0411430192538
1180 1.04120127165527
1185 1.04125872866685
1190 1.04131542361219
1195 1.04137138956953
1200 1.04142665937768
1205 1.04148126564183
1210 1.04153524073919
1215 1.04158861682448
1220 1.04164142583528
1225 1.0416936994972
1230 1.0417454693289
1235 1.04179676664707
1240 1.0418476225711
1245 1.0418980680278
1250 1.04194813375588
1255 1.04199781866544
1260 1.04204699490757
1265 1.04209550281319
1270 1.04214318254196
1275 1.04218992559038
1280 1.04223582930789
1285 1.04228104238826
1290 1.04232571336922
1295 1.04236996094903
1300 1.04241378492945
1305 1.04245715527964
1310 1.04250004182622
1315 1.04254242221108
1320 1.04258430575814
1325 1.04262570961269
1330 1.04266665078974
1335 1.0427071440455
1340 1.04274719548587
1345 1.04278680896347
1350 1.04282598821168
1355 1.04286473741834
1360 1.04290306294161
1365 1.04294097159912
1370 1.0429784700992
1375 1.04301556489024
1380 1.04305226170385
1385 1.04308856601617
1390 1.0431244832031
1395 1.04316001858336
1400 1.04319517754364
1405 1.04322996541752
1410 1.0432643874465
1415 1.04329844877088
1420 1.04333215439871
1425 1.04336550924052
1430 1.04339851812216
1435 1.04343118578942
1440 1.04346351691859
1445 1.04349551610928
1450 1.0435271878831
1455 1.04355853668443
1460 1.04358956687962
1465 1.04362028276087
1470 1.04365068854843
1475 1.04368078839233
1480 1.04371058637437
1485 1.04374008650887
1490 1.04376929274378
1495 1.04379820896197
1500 1.04382683898229
1505 1.04385518656106
1510 1.04388325539325
1515 1.04391104911379
1520 1.04393857129872
1525 1.0439658254663
1530 1.0439928150781
1535 1.04401954354012
1540 1.04404601420381
1545 1.04407223036712
1550 1.04409819527556
1555 1.04412391212317
1560 1.04414938405348
1565 1.04417461416051
1570 1.04419960548966
1575 1.04422436103863
1580 1.04424888375833
1585 1.04427317655372
1590 1.04429724228469
1595 1.04432108376689
1600 1.04434470377254
1605 1.04436810503125
1610 1.04439129023076
1615 1.04441426201776
1620 1.04443702299859
1625 1.04445957574
1630 1.04448192276988
1635 1.04450406657794
1640 1.04452600961639
1645 1.04454775430066
1650 1.04456930301
1655 1.04459065808817
1660 1.04461182184407
1665 1.04463279655232
1670 1.04465358445393
1675 1.04467418775682
1680 1.04469460863648
1685 1.04471484923648
1690 1.04473491166904
1695 1.04475479801563
1700 1.04477451032742
1705 1.04479405062586
1710 1.04481342090321
1715 1.04483262312299
1720 1.04485165922051
1725 1.04487053110336
1730 1.04488924065185
1735 1.04490778971951
1740 1.04492618013354
1745 1.04494441369524
1750 1.04496249218046
1755 1.04498041734004
1760 1.04499819090019
1765 1.04501581456297
1770 1.04503329000662
1775 1.04505061888604
1780 1.04506780283309
1785 1.04508484345704
1790 1.04510174234491
1795 1.04511850106185
1800 1.0451351211515
1805 1.04515160413635
1810 1.04516795151805
1815 1.0451841647778
1820 1.04520024537666
1825 1.04521619475587
1830 1.04523201433718
1835 1.04524770552318
1840 1.04526326969756
1845 1.04527870822547
1850 1.0452940224538
1855 1.04530921371146
1860 1.04532428330965
1865 1.0453392325422
1870 1.0453540626858
1875 1.04536877500025
1880 1.04538337072881
1885 1.04539785109837
1890 1.04541221731975
1895 1.04542647058797
1900 1.04544061208245
1905 1.04545464296728
1910 1.04546856439146
1915 1.04548237748913
1920 1.0454960833798
1925 1.04550968316856
1930 1.04552317794634
1935 1.04553656879009
1940 1.045549856763
1945 1.04556304291472
1950 1.04557612828158
1955 1.04558911388676
1960 1.04560200074051
1965 1.04561478984033
1970 1.04562748217119
1975 1.04564007870569
1980 1.04565258040427
1985 1.04566498821535
1990 1.04567730307556
1990 0.942887678727919
1985 0.942875363867705
1980 0.942862956056624
1975 0.942850454358052
1970 0.942837857823551
1965 0.94282516549269
1960 0.942812376392867
1955 0.942799489539121
1950 0.942786503933942
1945 0.942773418567082
1940 0.942760232415356
1935 0.942746944442448
1930 0.942733553598702
1925 0.942720058820921
1920 0.942706459032154
1915 0.942692753141486
1910 0.942678940043814
1905 0.942665018619633
1900 0.942650987734805
1895 0.942636846240329
1890 0.942622592972112
1885 0.942608226750727
1880 0.94259374638117
1875 0.942579150652613
1870 0.942564438338155
1865 0.942549608194562
1860 0.94253465896201
1855 0.942519589363814
1850 0.94250439810616
1845 0.942489083877829
1840 0.942473645349914
1835 0.942458081175533
1830 0.942442389989542
1825 0.94242657040823
1820 0.94241062102902
1815 0.94239454043016
1810 0.942378327170407
1805 0.942361979788705
1800 0.942345496803861
1795 0.942328876714208
1790 0.942312117997265
1785 0.942295219109396
1780 0.942278178485448
1775 0.942260994538398
1770 0.942243665658983
1765 0.942226190215324
1760 0.942208566552548
1755 0.942190792992395
1750 0.942172867832823
1745 0.942154789347601
1740 0.942136555785901
1735 0.942118165371871
1730 0.942099616304207
1725 0.942080906755717
1720 0.942062034872871
1715 0.942042998775349
1710 0.942023796555569
1705 0.942004426278221
1700 0.941984885979773
1695 0.941965173667986
1690 0.941945287321402
1685 0.941925224888834
1680 0.941904984288839
1675 0.941884563409182
1670 0.941863960106287
1665 0.941843172204682
1660 0.941822197496427
1655 0.941801033740531
1650 0.941779678662356
1645 0.941758129953015
1640 0.941736385268749
1635 0.941714442230295
1630 0.941692298422239
1625 0.941669951392358
1620 0.941647398650944
1615 0.941624637670118
1610 0.941601665883123
1605 0.94157848068361
1600 0.941555079424902
1595 0.941531459419246
1590 0.941507617937045
1585 0.941483552206074
1580 0.941459259410687
1575 0.94143473669099
1570 0.941409981142016
1565 0.941384989812863
1560 0.941359759705829
1555 0.941334287775517
1550 0.941308570927921
1545 0.941282606019495
1540 0.941256389856194
1535 0.941229919192508
1530 0.941203190730461
1525 0.941176201118602
1520 0.941148946950979
1515 0.941121424766053
1510 0.94109363104561
1505 0.941065562213618
1500 0.941037214635035
1495 0.941008584614695
1490 0.940979668396139
1485 0.940950462160462
1480 0.940920962025298
1475 0.940891164043304
1470 0.940861064200787
1465 0.940830658416079
1460 0.940799942537335
1455 0.94076891234196
1450 0.940737563535456
1445 0.940705891750982
1440 0.940673892550973
1435 0.940641561422473
1430 0.940608893774521
1425 0.940575884932652
1420 0.940542530125613
1415 0.940508824495291
1410 0.940474763098858
1405 0.940440340921455
1400 0.940405552917786
1395 0.94037039396683
1390 0.940334858855457
1385 0.940298942222455
1380 0.940262638394502
1375 0.940225941546118
1370 0.940188845751562
1365 0.940151345184211
1360 0.940113434719009
1355 0.94007510932552
1350 0.940036363864039
1345 0.939997192330979
1340 0.939957585599784
1335 0.93991753367504
1330 0.939877026442098
1325 0.939836056471722
1320 0.93979462743924
1315 0.939752745699873
1310 0.939710417478579
1305 0.939667638390146
1300 0.939624362005295
1295 0.939580531278461
1290 0.939536089021576
1285 0.939491017001348
1280 0.939445453237567
1275 0.939399574698002
1270 0.939353558194321
1265 0.939307512721575
1260 0.939261276483824
1255 0.93921461986095
1250 0.939167313061601
1245 0.939119167412226
1240 0.939070159232171
1235 0.939020305950155
1230 0.938969624806802
1225 0.938918132850123
1220 0.938865846930882
1215 0.938812783697823
1210 0.938758959592766
1205 0.938704390845568
1200 0.938649093468928
1195 0.93859308325306
1190 0.938536375760201
1185 0.938478986318966
1180 0.938420930018539
1175 0.938362221702695
1170 0.938302875963649
1165 0.938242907135724
1160 0.938182329288832
1155 0.938081418073747
1150 0.937943185738595
1145 0.937815616435762
1140 0.937692061311137
1135 0.937606759397751
1130 0.937520585521594
1125 0.937358804830257
1120 0.937184987030456
1115 0.93702852186006
1110 0.93690283982581
1105 0.936812457421149
1100 0.936687376441056
1095 0.936538565783534
1090 0.936412266052219
1085 0.936317777312522
1080 0.936235575150542
1075 0.936152661764645
1070 0.936031927183237
1065 0.935899017952399
1060 0.935748377860623
1055 0.93559300538511
1050 0.935427721796426
1045 0.935253355864977
1040 0.935109236708823
1035 0.934975828397647
1030 0.934801979183108
1025 0.934602393241416
1020 0.934413117511398
1015 0.93508536564205
1010 0.936126166972808
1005 0.936066483362426
1000 0.935864349015013
995 0.935624490705691
990 0.935440888585167
985 0.935305219270013
980 0.935209158677131
975 0.935144382002928
970 0.935102563701765
965 0.935075377463649
960 0.935054496191152
955 0.935031591975512
950 0.934998336071889
945 0.934946398873744
940 0.934867449886299
935 0.934753157699046
930 0.934595189957266
925 0.934385213332509
920 0.93411489349201
915 0.933847941078632
910 0.933752833681842
905 0.93377442663988
900 0.933811454914087
895 0.933783311730014
890 0.933657752391462
885 0.93353961619134
880 0.933525197409721
875 0.933497855730844
870 0.9334037797617
865 0.933254193188944
860 0.933027161286817
855 0.932837196300129
850 0.932122718314767
845 0.929452820848072
840 0.928588159100827
835 0.928303276320511
830 0.928122241012645
825 0.928008845026346
820 0.927926878281243
815 0.927840128699776
810 0.927712382136717
805 0.927507422305809
800 0.92718903070337
795 0.926897245981905
790 0.926687060341355
785 0.926412737738809
780 0.926160878989743
775 0.925917133663567
770 0.925677927000739
765 0.925456398580068
760 0.925000135131113
755 0.924628026923822
750 0.92452299944781
745 0.924416115177559
740 0.924038433156688
735 0.923625717607077
730 0.923429811218322
725 0.923182574137986
720 0.923003017391426
715 0.92277393967123
710 0.922505893393825
705 0.922245455039755
700 0.922022017214237
695 0.921902175296093
690 0.921882119614475
685 0.921621872467259
680 0.921085543781671
675 0.920702708939987
670 0.920560421870832
665 0.920389926849545
660 0.920044283303508
655 0.919615515665892
650 0.919078808341469
645 0.918313335172436
640 0.917544029506494
635 0.917161393521879
630 0.917054189839163
625 0.916758130192615
620 0.916401116412239
615 0.916144348993292
610 0.915844427863716
605 0.915505784130305
600 0.915125050536807
595 0.914914841048112
590 0.91481787351492
585 0.914386110419088
580 0.913894406544575
575 0.913513097255394
570 0.912960888478853
565 0.912204504440822
560 0.911538660607219
555 0.911095886481119
550 0.910453626000602
545 0.909737364540058
540 0.909344400760829
535 0.908930024158105
530 0.908372220833499
525 0.90777915923055
520 0.907153423658424
515 0.906662147536627
510 0.905991114457074
505 0.905070910521378
500 0.904305177953948
495 0.903580048207253
490 0.902646113699289
485 0.901759124912263
480 0.90099058867706
475 0.900158330734934
470 0.899493696196158
465 0.898961430842257
460 0.898161295810315
455 0.897353649874442
450 0.896431880589048
445 0.895127924593482
440 0.893948321709626
435 0.894927584571073
430 0.893987638341086
425 0.891343114161592
420 0.890511372051524
415 0.889851995443873
410 0.889065290097822
405 0.887622756098807
400 0.886070293700589
395 0.884717749769386
390 0.883421237841923
385 0.881964016550232
380 0.880080332930928
375 0.878289998363163
370 0.876816644511878
365 0.87515466432486
360 0.873844888107072
355 0.872762835199786
350 0.871005535136279
345 0.868355928551541
340 0.866020873286385
335 0.864119029652617
330 0.861956266014354
325 0.859825143733466
320 0.858080246845242
315 0.855750356620728
310 0.853084247740163
305 0.851439286545668
300 0.849732249705685
295 0.847071618685302
290 0.844392300285964
285 0.841671735562591
280 0.838681597983178
275 0.835631001121147
270 0.832684078353584
265 0.829482377228654
260 0.826202759691492
255 0.822763301363291
250 0.818991781047001
245 0.815256578660941
240 0.811354347819942
235 0.80709894809328
230 0.802618056521341
225 0.798016935370823
220 0.793173707899221
215 0.787686840698379
210 0.782115657411688
205 0.776438015986987
200 0.770465972008268
195 0.764280602772233
190 0.757859818396255
185 0.750907492880831
180 0.743669749213348
175 0.735958778059782
170 0.727641218072891
165 0.718802412882849
160 0.709439759873166
155 0.699424524116273
150 0.688750576698442
145 0.677705151240994
140 0.666197633501262
135 0.653856779285284
130 0.641717994154871
125 0.628768098545396
120 0.613627885266294
115 0.59699033493658
110 0.579548518162516
105 0.561790891622002
100 0.543386302996415
95 0.523893951143281
90 0.503250479606645
85 0.481489732920509
80 0.458650024157783
75 0.43476266410433
70 0.40981549527934
65 0.383791651781247
60 0.356683262452911
60 0.4554538420291

# pip_cut_35sig | pip_cut_35sig |  |  | 775
60 0.463684723660449
65 0.490550458663231
70 0.51635632197832
75 0.541134858905404
80 0.564927609488599
85 0.587746320512602
90 0.609458931140787
95 0.629901293410818
100 0.648913727899268
105 0.666622619800102
110 0.684287253503539
115 0.702830430617757
120 0.72069255341191
125 0.735693712641161
130 0.745654089047924
135 0.754743090304526
140 0.767072312417031
145 0.778904340316629
150 0.790009356287892
155 0.800472659565075
160 0.81045861867411
165 0.820021957149669
170 0.829182348418896
175 0.837922480043974
180 0.846571737581867
185 0.855039809716846
190 0.862973949262143
195 0.870751487538738
200 0.878040499027717
205 0.883961489766957
210 0.889769642582068
215 0.895346615333361
220 0.900511429231961
225 0.906075239884572
230 0.911444569154891
235 0.916586925977514
240 0.921538227685657
245 0.926358965287147
250 0.93100824999177
255 0.935206023370747
260 0.939362411140981
265 0.943426917056042
270 0.947451277482939
275 0.95141235638551
280 0.954743828204756
285 0.957909475189492
290 0.961933149075789
295 0.964949538552137
300 0.96694162688991
305 0.971060335999104
310 0.974932728434897
315 0.976796178934919
320 0.979196899459274
325 0.982357122967373
330 0.984587959580049
335 0.986474451770928
340 0.98840996073656
345 0.989402257402837
350 0.989657760295532
355 0.991195912341818
360 0.994627758480234
365 0.997342058741008
370 0.998634580123225
375 1.00011542038969
380 1.0002146141808
385 1.00009665688302
390 1.00216837025103
395 1.00370762615794
400 1.00504220304243
405 1.00604175403203
410 1.00701726108439
415 1.00901167983738
420 1.0112302429997
425 1.01252489682287
430 1.01150530090609
435 1.01266635102224
440 1.0160830600077
445 1.01678512398223
450 1.01731243899285
455 1.01810559521894
460 1.01899964081543
465 1.01990002340437
470 1.02092698801643
475 1.02180278253113
480 1.02251216823568
485 1.02321423654137
490 1.02376552429617
495 1.02426864056236
500 1.02498032399724
505 1.02563409698092
510 1.02602905838958
515 1.02662302784735
520 1.02740094549693
525 1.02794012791399
530 1.02842502200321
535 1.02899343602195
540 1.02972581665283
545 1.03051408956751
550 1.03092365345799
555 1.03120120227661
560 1.03164710270378
565 1.03190636853159
570 1.03196066730409
575 1.0322978482272
580 1.03303901865374
585 1.03354697410598
590 1.03395133438351
595 1.03463415388579
600 1.0350446064475
605 1.03530427595306
610 1.03564565028049
615 1.03601330125644
620 1.03650485891784
625 1.03700181828179
630 1.03750475569208
635 1.03812132770894
640 1.03850669523077
645 1.03851412750779
650 1.03844543829024
655 1.03862598674258
660 1.03891533038885
665 1.03923558244712
670 1.039669666664
675 1.04017614618235
680 1.04042819954814
685 1.04032461566147
690 1.04050665812526
695 1.04094619099981
700 1.04122462450906
705 1.04142623152232
710 1.0416732799074
715 1.04190533618394
720 1.04219001755778
725 1.04255796612919
730 1.04289998812574
735 1.04320219260652
740 1.04306010029394
745 1.0430425226464
750 1.04343907786429
755 1.04383287715269
760 1.04380702828584
765 1.0436907160293
770 1.04392678102677
775 1.04409086483749
780 1.0442707024047
785 1.04441147930419
790 1.04448731836029
795 1.04459457313537
800 1.04457220648321
805 1.04454136872062
810 1.04467745030803
815 1.04492440426088
820 1.04522618137719
825 1.04552673031397
830 1.04576999766054
835 1.04589992800904
840 1.04586046402212
845 1.04522291822271
850 1.04279131839652
855 1.04236105386205
860 1.0424665869039
865 1.04252507519074
870 1.04263803009321
875 1.04280319743531
880 1.04303001977354
885 1.04325385489641
890 1.04337050009047
895 1.04350130641618
900 1.04375168712284
905 1.04404806028143
910 1.04431369745552
915 1.04445274191367
920 1.04456800238341
925 1.04475018524148
930 1.04490542593978
935 1.04503738520057
940 1.04514972274177
945 1.04524609730758
950 1.04533016669797
955 1.0454055877972
960 1.04547601660128
965 1.04554510824454
970 1.0456165170252
975 1.04569389643018
980 1.04578089915894
985 1.04588117714659
990 1.04599838158621
995 1.04613616295037
1000 1.04629817101196
1005 1.04642999370325
1010 1.04654535357399
1015 1.04792867569873
1020 1.04889950836144
1025 1.04887761598349
1030 1.04886551113272
1035 1.04887181193052
1040 1.04891015592215
1045 1.04895667364234
1050 1.04896023861196
1055 1.04894901430884
1060 1.04895519110396
1065 1.04899469784534
1070 1.04904952149294
1075 1.04909173593084
1080 1.04915868259093
1085 1.04923420424956
1090 1.04931483779581
1095 1.04935996326954
1100 1.04935744305535
1105 1.0493610021692
1110 1.04940227686208
1115 1.04943901642907
1120 1.04944792883823
1125 1.04943257522163
1130 1.04942476359934
1135 1.04947159542492
1140 1.04952267255781
1145 1.04951336882521
1150 1.04950775842373
1155 1.0495046902531
1160 1.04952822127636
1165 1.04958908427133
1170 1.04964902638085
1175 1.04970808571639
1180 1.049766300125
1185 1.04982370719584
1190 1.04988034426652
1195 1.04993624842924
1200 1.04999145653674
1205 1.05004600520818
1210 1.05009993083472
1215 1.05015326958504
1220 1.05020605741065
1225 1.05025833005112
1230 1.05031012303908
1235 1.05036147170514
1240 1.05041241118267
1245 1.05046297641243
1250 1.05051320214707
1255 1.05056308523248
1260 1.05061247144289
1265 1.05066116865416
1270 1.05070898457093
1275 1.05075578816475
1280 1.05080169398041
1285 1.05084687783717
1290 1.05089151539819
1295 1.05093574675491
1300 1.05097957017313
1305 1.05102294835376
1310 1.05106584385519
1315 1.05110822858701
1320 1.05115011228472
1325 1.0511915140411
1330 1.05123245281871
1335 1.0512729449097
1340 1.05131299630971
1345 1.05135261034951
1350 1.05139179024065
1355 1.05143053975941
1360 1.0514688652935
1365 1.05150677380036
1370 1.05154427212817
1375 1.05158136683559
1380 1.0516180636463
1385 1.05165436799898
1390 1.05169028523207
1395 1.05172582063474
1400 1.05176097959579
1405 1.05179576745886
1410 1.05183018947547
1415 1.05186425079385
1420 1.05189795642147
1425 1.05193131126618
1430 1.05196432015113
1435 1.05199698782
1440 1.05202931894922
1445 1.05206131813914
1450 1.05209298991207
1455 1.05212433871297
1460 1.05215536890815
1465 1.0521860847896
1470 1.0522164905774
1475 1.05224659042142
1480 1.05227638840346
1485 1.0523058885379
1490 1.05233509477275
1495 1.05236401099091
1500 1.05239264101123
1505 1.05242098859001
1510 1.05244905742222
1515 1.05247685114277
1520 1.0525043733277
1525 1.05253162749527
1530 1.05255861710707
1535 1.05258534556909
1540 1.05261181623278
1545 1.05263803239609
1550 1.05266399730453
1555 1.05268971415214
1560 1.05271518608245
1565 1.05274041618948
1570 1.05276540751863
1575 1.0527901630676
1580 1.0528146857873
1585 1.05283897858269
1590 1.05286304431366
1595 1.05288688579586
1600 1.05291050580151
1605 1.05293390706022
1610 1.05295709225973
1615 1.05298006404673
1620 1.05300282502756
1625 1.05302537776897
1630 1.05304772479885
1635 1.05306986860691
1640 1.05309181164536
1645 1.05311355632963
1650 1.05313510503897
1655 1.05315646011714
1660 1.05317762387304
1665 1.05319859858129
1670 1.0532193864829
1675 1.05323998978579
1680 1.05326041066545
1685 1.05328065126545
1690 1.05330071369801
1695 1.0533206000446
1700 1.05334031235639
1705 1.05335985265483
1710 1.05337922293218
1715 1.05339842515196
1720 1.05341746124948
1725 1.05343633313233
1730 1.05345504268082
1735 1.05347359174848
1740 1.05349198216251
1745 1.05351021572421
1750 1.05352829420943
1755 1.05354621936901
1760 1.05356399292916
1765 1.05358161659194
1770 1.05359909203559
1775 1.05361642091501
1780 1.05363360486206
1785 1.05365064548601
1790 1.05366754437388
1795 1.05368430309082
1800 1.05370092318047
1805 1.05371740616532
1810 1.05373375354702
1815 1.05374996680677
1820 1.05376604740563
1825 1.05378199678484
1830 1.05379781636615
1835 1.05381350755215
1840 1.05382907172653
1845 1.05384451025444
1850 1.05385982448277
1855 1.05387501574043
1860 1.05389008533862
1865 1.05390503457117
1870 1.05391986471477
1875 1.05393457702922
1880 1.05394917275778
1885 1.05396365312734
1890 1.05397801934872
1895 1.05399227261694
1900 1.05400641411142
1905 1.05402044499625
1910 1.05403436642043
1915 1.0540481795181
1920 1.05406188540877
1925 1.05407548519753
1930 1.05408897997531
1935 1.05410237081906
1940 1.05411565879197
1945 1.05412884494369
1950 1.05414193031055
1955 1.05415491591573
1960 1.05416780276948
1965 1.0541805918693
1970 1.05419328420016
1975 1.05420588073466
1980 1.05421838243324
1985 1.05423079024432
1990 1.05424310510453
1990 0.934321876698949
1985 0.934309561838734
1980 0.934297154027654
1975 0.934284652329082
1970 0.93427205579458
1965 0.934259363463719
1960 0.934246574363897
1955 0.93423368751015
1950 0.934220701904972
1945 0.934207616538111
1940 0.934194430386386
1935 0.934181142413478
1930 0.934167751569732
1925 0.93415425679195
1920 0.934140657003184
1915 0.934126951112516
1910 0.934113138014844
1905 0.934099216590663
1900 0.934085185705834
1895 0.934071044211359
1890 0.934056790943142
1885 0.934042424721757
1880 0.934027944352199
1875 0.934013348623642
1870 0.933998636309184
1865 0.933983806165592
1860 0.93396885693304
1855 0.933953787334844
1850 0.93393859607719
1845 0.933923281848859
1840 0.933907843320943
1835 0.933892279146563
1830 0.933876587960572
1825 0.933860768379259
1820 0.933844819000049
1815 0.93382873840119
1810 0.933812525141437
1805 0.933796177759735
1800 0.933779694774891
1795 0.933763074685237
1790 0.933746315968295
1785 0.933729417080425
1780 0.933712376456478
1775 0.933695192509428
1770 0.933677863630012
1765 0.933660388186354
1760 0.933642764523578
1755 0.933624990963425
1750 0.933607065803852
1745 0.933588987318631
1740 0.933570753756931
1735 0.933552363342901
1730 0.933533814275237
1725 0.933515104726746
1720 0.933496232843901
1715 0.933477196746378
1710 0.933457994526599
1705 0.933438624249251
1700 0.933419083950803
1695 0.933399371639016
1690 0.933379485292432
1685 0.933359422859864
1680 0.933339182259869
1675 0.933318761380211
1670 0.933298158077317
1665 0.933277370175712
1660 0.933256395467457
1655 0.93323523171156
1650 0.933213876633386
1645 0.933192327924045
1640 0.933170583239779
1635 0.933148640201325
1630 0.933126496393269
1625 0.933104149363388
1620 0.933081596621974
1615 0.933058835641148
1610 0.933035863854152
1605 0.933012678654639
1600 0.932989277395932
1595 0.932965657390276
1590 0.932941815908075
1585 0.932917750177104
1580 0.932893457381717
1575 0.93286893466202
1570 0.932844179113046
1565 0.932819187783893
1560 0.932793957676859
1555 0.932768485746546
1550 0.932742768898951
1545 0.932716803990526
1540 0.932690587827227
1535 0.93266411716354
1530 0.932637388701491
1525 0.932610399089628
1520 0.932583144922
1515 0.932555622737075
1510 0.932527829016639
1505 0.932499760184665
1500 0.932471412606097
1495 0.932442782585756
1490 0.932413866367168
1485 0.932384660131429
1480 0.932355159996208
1475 0.932325362014218
1470 0.932295262171817
1465 0.932264856387347
1460 0.93223414050881
1455 0.932203110313421
1450 0.932171761506485
1445 0.932140089721124
1440 0.932108090520338
1435 0.932075759391894
1430 0.93204309174555
1425 0.932010082906996
1420 0.931976728102855
1415 0.931943022472325
1410 0.931908961069887
1405 0.931874538880116
1400 0.931839750865631
1395 0.931804591915452
1390 0.931769056826486
1385 0.931733140239645
1380 0.931696836452056
1375 0.931660139600775
1370 0.931623043722592
1365 0.931585542982968
1360 0.931547632367125
1355 0.931509306984452
1350 0.931470561835068
1345 0.931431390944938
1340 0.931391784775944
1335 0.931351732810835
1330 0.931311224413128
1325 0.931270252043308
1320 0.931228820912665
1315 0.931186939323939
1310 0.931144615449608
1305 0.931101845316021
1300 0.931058576761615
1295 0.931014745472581
1290 0.930970286992606
1285 0.930925181552439
1280 0.93087958856504
1275 0.930833712123636
1270 0.93078775616535
1265 0.930741846880607
1260 0.930695799948512
1255 0.930649353293909
1250 0.93060224467041
1245 0.930554259027594
1240 0.930505370620593
1235 0.930455600892079
1230 0.930404971096626
1225 0.9303535022962
1220 0.930301215355515
1215 0.930248130937268
1210 0.930194269497231
1205 0.930139651279213
1200 0.930084296309866
1195 0.930028224393354
1190 0.929971455105868
1185 0.929914007789975
1180 0.929855901548811
1175 0.929797155240103
1170 0.929737787470018
1165 0.929677816586831
1160 0.929617260674407
1155 0.929510397136874
1150 0.929361295532046
1145 0.929223481636573
1140 0.929089706599855
1135 0.929001772011045
1130 0.928912571823306
1125 0.928737745569383
1120 0.928549376122166
1115 0.928381560739367
1110 0.928249036976866
1105 0.928154877055914
1100 0.928020448239957
1095 0.927859996746149
1090 0.927727452841174
1085 0.927631898317366
1080 0.927549182270512
1075 0.927465040674938
1070 0.927338266082491
1065 0.927199350268327
1060 0.927040161457289
1055 0.926873312390978
1050 0.926694451272155
1045 0.92650694680518
1040 0.926355319846259
1035 0.926214598895118
1030 0.92602786134083
1025 0.925811991492026
1020 0.925606472061395
1015 0.926405111022305
1010 0.927632383388102
1005 0.927576982566978
1000 0.927369439630632
995 0.927123592840716
990 0.926936466046626
985 0.92679937635643
980 0.92670364017853
975 0.926640573200832
970 0.926601490369193
965 0.926577705865119
960 0.926560533082681
955 0.926541284604613
950 0.926511272177575
945 0.926461806686526
940 0.926384198128186
935 0.926269755583544
930 0.92610978718938
925 0.925895600108743
920 0.925618500500364
915 0.925339879475937
910 0.925248151853098
905 0.925291839436684
900 0.925354513974952
895 0.925343465984925
890 0.925218310260769
885 0.925100059367872
880 0.925101749535581
875 0.925089752522808
870 0.925001145120814
865 0.924848740727267
860 0.924608743931656
855 0.924412284179981
850 0.923609749077709
845 0.92054742874233
840 0.91956721256842
835 0.919257380036778
830 0.919072413578191
825 0.918969007696528
820 0.91890385496617
815 0.918833645964306
810 0.918715069200462
805 0.918504811043131
800 0.918159555643382
795 0.917843605431639
790 0.917625502032206
785 0.917335911464549
780 0.917075507957823
775 0.916826846650188
770 0.916581861306429
765 0.916361451083973
760 0.91586114334998
755 0.915458423060062
750 0.915375608800388
745 0.915291006910725
740 0.914882920299977
735 0.914427527222505
730 0.914239797610059
725 0.913999851677124
720 0.913834786609399
715 0.913609986093329
710 0.913339171354319
705 0.913077703002635
700 0.912852585883866
695 0.912744943318883
690 0.912757155113646
685 0.912490892221551
680 0.911905339491943
675 0.911512444536728
670 0.911398172271357
665 0.911247953342039
660 0.910900356604636
655 0.910460864044608
650 0.909896759883872
645 0.909067120377408
640 0.908239209066166
635 0.907856783199797
630 0.907788761696631
625 0.907508615724217
620 0.907162366988731
615 0.906923660357665
610 0.906628949216271
605 0.906290515528554
600 0.905900469312907
595 0.905705663137522
590 0.905653761140413
585 0.905219890135481
580 0.904729436382332
575 0.904375808719102
570 0.90380705933845
565 0.902996668741532
560 0.902299549676715
555 0.901857016035313
550 0.901186700811572
545 0.900446847230254
540 0.90008429184606
535 0.899694377091656
530 0.899137389974291
525 0.898536007793362
520 0.897903614286231
515 0.897434387512725
510 0.896757426462266
505 0.89579681925526
500 0.895022474412156
495 0.894296310333783
490 0.893329235961067
485 0.892416424017716
480 0.891642774864859
475 0.890801065212149
470 0.890152673748445
465 0.889658462183633
460 0.888866038502229
455 0.888065038694096
450 0.887133376096448
445 0.885769678486655
440 0.884553341840544
435 0.885870756382521
430 0.884947818143779
425 0.882021438572263
420 0.88122530505551
415 0.880685865875142
410 0.879992061560394
405 0.878513602411636
400 0.876918608366601
395 0.875564682354882
390 0.874286843041222
385 0.872876890370787
380 0.870839234373246
375 0.868918812053431
370 0.867446034080236
365 0.865755633985157
360 0.864553898078367
355 0.863652598496552
350 0.86187844089326
345 0.859044672486056
340 0.85660632809791
335 0.854707074105054
330 0.852523058816993
325 0.85039960686932
320 0.848763581259547
315 0.846439139519636
310 0.843711287686722
305 0.842237667356942
300 0.840716143768437
295 0.838004086387853
290 0.835350696532901
285 0.832730370975906
280 0.82975373411998
275 0.826724743023888
270 0.82385583226671
265 0.820717412626547
260 0.817498171118454
255 0.814113861208872
250 0.810375129589711
245 0.806710241228156
240 0.802878664753348
235 0.798676795948339
230 0.79424678631876
225 0.789704758100535
220 0.784916960104395
215 0.779405319572611
210 0.773834581629351
205 0.768166979542374
200 0.762191008391387
195 0.756090534713271
190 0.749774116021956
185 0.742897314662676
180 0.735754211646539
175 0.72811541636869
170 0.719830361892429
165 0.711016294093093
160 0.70166907842694
155 0.691651590620211
150 0.680961439806946
145 0.669920598235176
140 0.658438042815433
135 0.646096293822266
130 0.633722909932328
125 0.62054305130726
120 0.605392141562785
115 0.588848789114951
110 0.571491692367053
105 0.553726912531379
100 0.535268808773119
95 0.515739540199624
90 0.495080598719403
85 0.473316149259579
80 0.450474825286181
75 0.42658018758117
70 0.401620047071727
65 0.375579435867248
60 0.348452380821562
60 0.463684723660449

# pip_cut_5sig | pip_cut_5sig |  |  | 775
60 0.488377368554496
65 0.515187106405228
70 0.540942666601162
75 0.565682288474882
80 0.589453206103402
85 0.612267071495393
90 0.633968573802512
95 0.654364526241788
100 0.673266210569157
105 0.690814557071971
110 0.708457730889928
115 0.727255068082644
120 0.745399784522437
125 0.760368854355569
130 0.769639341715551
135 0.778024546693582
140 0.790351084474516
145 0.802257999334083
150 0.81337676696238
155 0.82379146005326
160 0.833770663012789
165 0.843380313518935
170 0.852614916960282
175 0.861452565117249
180 0.870318350282295
185 0.879070344371311
190 0.88723105638504
195 0.895321691715624
200 0.902865389878359
205 0.908774599100796
210 0.914612869929079
215 0.920191178710664
220 0.92528167261644
225 0.931011771695437
230 0.936558379762634
235 0.941853382412338
240 0.946965276885437
245 0.951997977585502
250 0.95685820436364
255 0.961154343834006
260 0.965476176860094
265 0.969721810862362
270 0.973936015743559
275 0.978131130677286
280 0.981527419794351
285 0.984733568949546
290 0.989057960334979
295 0.992152135444484
300 0.993989944701654
305 0.998665193565282
310 1.00305160859522
315 1.00472983023819
320 1.00714689621636
325 1.01063373355981
330 1.01288758117213
335 1.01471031841362
340 1.01665359630199
345 1.01733602559929
350 1.01703904302459
355 1.01852662245152
360 1.02250072856635
365 1.02553914976012
370 1.02674641141815
375 1.02822897931888
380 1.02793790985384
385 1.02735803542135
390 1.02957155465313
395 1.03116682840145
400 1.0324972590444
405 1.03336921509355
410 1.03423694669667
415 1.03651006854357
420 1.03908844398775
425 1.04048992359086
430 1.03862476149801
435 1.03983683558789
440 1.04426799961494
445 1.04485986230271
450 1.04520795247065
455 1.04597142875998
460 1.04688541273969
465 1.04780892938024
470 1.04895005535956
475 1.04987457909949
480 1.05055560967228
485 1.051242339225
490 1.05171615751083
495 1.05211985418277
500 1.05282843462262
505 1.05345637077927
510 1.05373012237401
515 1.05430630791906
520 1.05515037361351
525 1.05566958222555
530 1.05612951458083
535 1.05670037722129
540 1.05750614339714
545 1.05838564149692
550 1.05872442902508
555 1.05891781361402
560 1.0593644354953
565 1.05952987562947
570 1.0594221547253
575 1.05970971383607
580 1.06053392914047
585 1.0610456349568
590 1.06144367150703
595 1.06226168761756
600 1.06271835011919
605 1.06295008175831
610 1.06329208622283
615 1.06367536716332
620 1.06422110718837
625 1.06475036168699
630 1.06530104011967
635 1.06603515867519
640 1.06642115655176
645 1.06625277189288
650 1.06599158366303
655 1.06608994160643
660 1.06634711048546
665 1.06666150296964
670 1.06715641546242
675 1.06774693939212
680 1.06796881241732
685 1.06771755639859
690 1.06788155162775
695 1.06841788693144
700 1.06873291850017
705 1.06892948763368
710 1.06917344602592
715 1.06939719691765
720 1.06969470990386
725 1.07010613351177
730 1.07047002895053
735 1.07079676376024
740 1.07052663886407
745 1.07041784744691
750 1.07088124980656
755 1.07134168874397
760 1.07122400362924
765 1.07097555851758
770 1.07121497810969
775 1.07136172587763
780 1.07152681550046
785 1.07164195812697
790 1.07167199328774
795 1.07175549478617
800 1.07166063166318
805 1.07154920250866
810 1.07166938911679
815 1.07194385246729
820 1.07229525132241
825 1.07264624230343
830 1.07291947996391
835 1.07303761686024
840 1.07292330361934
845 1.07193909453994
850 1.06833022610769
855 1.0676357902225
860 1.06772183896938
865 1.06774143257577
870 1.06784593401587
875 1.06802750705942
880 1.06830036339596
885 1.06857252536681
890 1.06868882648255
895 1.06882084365145
900 1.06912250994024
905 1.06949582189102
910 1.06982774294175
915 1.06997692672175
920 1.07005718135835
925 1.07021902491277
930 1.07036163424344
935 1.07048759154708
940 1.07059947801611
945 1.07069987386923
950 1.07079135838091
955 1.07087650990989
960 1.0709579059267
965 1.07103812304013
970 1.07111973702292
975 1.07120532283647
980 1.07129745465474
985 1.07139870588734
990 1.07151164920184
995 1.07163885654529
1000 1.0717828991651
1005 1.07189849608959
1010 1.0720267043281
1015 1.07396943955797
1020 1.07531944471145
1025 1.07524882123166
1030 1.07518786465955
1035 1.07515550043811
1040 1.07517190650984
1045 1.07519590082173
1050 1.07516005018477
1055 1.07510809329123
1060 1.07507984031396
1065 1.07509370089756
1070 1.07513050479518
1075 1.07515459919996
1080 1.07521786123102
1085 1.07529184123503
1090 1.07536927742895
1095 1.07539567038169
1100 1.07535822765864
1105 1.0753337432649
1110 1.07536368540891
1115 1.07537989979115
1120 1.0753547615631
1125 1.07529575300426
1130 1.0752488046942
1135 1.07528655758503
1140 1.07532973669166
1145 1.07528977322278
1150 1.07525342904338
1155 1.07521775306372
1160 1.07522342711964
1165 1.07528435591801
1170 1.07534429186175
1175 1.07540328510417
1180 1.07546138553418
1185 1.07551864278282
1190 1.07557510622952
1195 1.07563082500835
1200 1.07568584801393
1205 1.07574022390725
1210 1.07579400112133
1215 1.0758472278667
1220 1.07589995213675
1225 1.07595222171289
1230 1.0760040841696
1235 1.07605558687937
1240 1.07610677701741
1245 1.07615770156632
1250 1.07620840732064
1255 1.07625888493361
1260 1.07630890104882
1265 1.07635816617706
1270 1.07640639065784
1275 1.07645337588785
1280 1.07649928799799
1285 1.0765443841839
1290 1.0765889214851
1295 1.07663310417255
1300 1.07667692590417
1305 1.07672032757614
1310 1.0767632499421
1315 1.07680564771482
1320 1.07684753186444
1325 1.07688892732634
1330 1.07692985890562
1335 1.07697034750232
1340 1.07701039878123
1345 1.07705001450764
1350 1.07708919632756
1355 1.07712794678261
1360 1.07716627234915
1365 1.07720418040409
1370 1.07724167821508
1375 1.07727877267162
1380 1.07731546947363
1385 1.07735177394741
1390 1.07738769131898
1395 1.07742322678887
1400 1.07745838575225
1405 1.07749317358287
1410 1.07752759556238
1415 1.07756165686275
1420 1.07759536248974
1425 1.07762871734315
1430 1.07766172623804
1435 1.07769439391174
1440 1.07772672504113
1445 1.07775872422871
1450 1.07779039599898
1455 1.07782174479859
1460 1.07785277499372
1465 1.07788349087579
1470 1.07791389666431
1475 1.07794399650867
1480 1.07797379449073
1485 1.07800329462501
1490 1.07803250085966
1495 1.07806141707772
1500 1.07809004709805
1505 1.07811839467687
1510 1.07814646350913
1515 1.07817425722971
1520 1.07820177941464
1525 1.0782290335822
1530 1.07825602319398
1535 1.078282751656
1540 1.07830922231968
1545 1.078335438483
1550 1.07836140339144
1555 1.07838712023905
1560 1.07841259216936
1565 1.07843782227639
1570 1.07846281360554
1575 1.07848756915451
1580 1.07851209187421
1585 1.0785363846696
1590 1.07856045040057
1595 1.07858429188277
1600 1.07860791188843
1605 1.07863131314713
1610 1.07865449834665
1615 1.07867747013364
1620 1.07870023111447
1625 1.07872278385588
1630 1.07874513088576
1635 1.07876727469382
1640 1.07878921773227
1645 1.07881096241654
1650 1.07883251112588
1655 1.07885386620405
1660 1.07887502995995
1665 1.07889600466821
1670 1.07891679256981
1675 1.0789373958727
1680 1.07895781675236
1685 1.07897805735236
1690 1.07899811978492
1695 1.07901800613151
1700 1.0790377184433
1705 1.07905725874174
1710 1.07907662901909
1715 1.07909583123887
1720 1.07911486733639
1725 1.07913373921924
1730 1.07915244876773
1735 1.07917099783539
1740 1.07918938824942
1745 1.07920762181112
1750 1.07922570029635
1755 1.07924362545592
1760 1.07926139901607
1765 1.07927902267885
1770 1.07929649812251
1775 1.07931382700192
1780 1.07933101094897
1785 1.07934805157292
1790 1.07936495046079
1795 1.07938170917773
1800 1.07939832926738
1805 1.07941481225223
1810 1.07943115963393
1815 1.07944737289368
1820 1.07946345349254
1825 1.07947940287175
1830 1.07949522245306
1835 1.07951091363906
1840 1.07952647781344
1845 1.07954191634135
1850 1.07955723056968
1855 1.07957242182734
1860 1.07958749142553
1865 1.07960244065808
1870 1.07961727080168
1875 1.07963198311613
1880 1.07964657884469
1885 1.07966105921425
1890 1.07967542543563
1895 1.07968967870385
1900 1.07970382019833
1905 1.07971785108316
1910 1.07973177250734
1915 1.07974558560501
1920 1.07975929149568
1925 1.07977289128444
1930 1.07978638606222
1935 1.07979977690597
1940 1.07981306487888
1945 1.0798262510306
1950 1.07983933639746
1955 1.07985232200264
1960 1.07986520885639
1965 1.07987799795621
1970 1.07989069028707
1975 1.07990328682157
1980 1.07991578852015
1985 1.07992819633123
1990 1.07994051119144
1990 0.908624470612038
1985 0.908612155751824
1980 0.908599747940744
1975 0.908587246242172
1970 0.90857464970767
1965 0.908561957376809
1960 0.908549168276986
1955 0.90853628142324
1950 0.908523295818061
1945 0.908510210451201
1940 0.908497024299476
1935 0.908483736326567
1930 0.908470345482821
1925 0.90845685070504
1920 0.908443250916274
1915 0.908429545025605
1910 0.908415731927934
1905 0.908401810503753
1900 0.908387779618924
1895 0.908373638124448
1890 0.908359384856232
1885 0.908345018634847
1880 0.908330538265289
1875 0.908315942536732
1870 0.908301230222274
1865 0.908286400078682
1860 0.90827145084613
1855 0.908256381247934
1850 0.90824118999028
1845 0.908225875761948
1840 0.908210437234033
1835 0.908194873059653
1830 0.908179181873661
1825 0.908163362292349
1820 0.908147412913139
1815 0.908131332314279
1810 0.908115119054526
1805 0.908098771672824
1800 0.90808228868798
1795 0.908065668598327
1790 0.908048909881385
1785 0.908032010993515
1780 0.908014970369567
1775 0.907997786422517
1770 0.907980457543102
1765 0.907962982099443
1760 0.907945358436667
1755 0.907927584876514
1750 0.907909659716942
1745 0.907891581231721
1740 0.907873347670021
1735 0.90785495725599
1730 0.907836408188326
1725 0.907817698639836
1720 0.90779882675699
1715 0.907779790659468
1710 0.907760588439689
1705 0.90774121816234
1700 0.907721677863893
1695 0.907701965552105
1690 0.907682079205521
1685 0.907662016772954
1680 0.907641776172958
1675 0.907621355293301
1670 0.907600751990406
1665 0.907579964088802
1660 0.907558989380547
1655 0.90753782562465
1650 0.907516470546475
1645 0.907494921837134
1640 0.907473177152868
1635 0.907451234114414
1630 0.907429090306358
1625 0.907406743276477
1620 0.907384190535064
1615 0.907361429554237
1610 0.907338457767242
1605 0.907315272567729
1600 0.907291871309021
1595 0.907268251303366
1590 0.907244409821164
1585 0.907220344090194
1580 0.907196051294807
1575 0.90717152857511
1570 0.907146773026135
1565 0.907121781696981
1560 0.907096551589946
1555 0.907071079659634
1550 0.90704536281204
1545 0.907019397903619
1540 0.906993181740323
1535 0.906966711076636
1530 0.906939982614581
1525 0.906912993002704
1520 0.906885738835064
1515 0.906858216650139
1510 0.906830422929729
1505 0.906802354097806
1500 0.906774006519283
1495 0.906745376498939
1490 0.906716460280258
1485 0.906687254044327
1480 0.906657753908939
1475 0.906627955926961
1470 0.906597856084906
1465 0.90656745030115
1460 0.906536734423238
1455 0.906505704227804
1450 0.906474355419575
1445 0.906442683631549
1440 0.906410684428434
1435 0.906378353300157
1430 0.90634568565864
1425 0.906312676830028
1420 0.906279322034581
1415 0.906245616403427
1410 0.906211554982977
1405 0.9061771327561
1400 0.906142344709168
1395 0.906107185761319
1390 0.906071650739576
1385 0.906035734291215
1380 0.905999430624719
1375 0.905962733764743
1370 0.905925637635681
1365 0.905888136379241
1360 0.905850225311474
1355 0.905811899961248
1350 0.905773155748158
1345 0.905733986786814
1340 0.905694382304422
1335 0.905654330218221
1330 0.905613818326218
1325 0.905572838758067
1320 0.905531401332939
1315 0.905489520196137
1310 0.905447209362698
1305 0.905404466093648
1300 0.905361221030575
1295 0.905317388054939
1290 0.905272880905695
1285 0.90522767520571
1280 0.905181994547461
1275 0.905136124400541
1270 0.90509035007844
1265 0.905044849357704
1260 0.904999370342574
1255 0.904953553592786
1250 0.90490703949684
1245 0.904859533873701
1240 0.904811004785862
1235 0.904761485717852
1230 0.904711009966101
1225 0.904659610634432
1220 0.904607320629415
1215 0.904554172655603
1210 0.904500199210627
1205 0.904445432580148
1200 0.904389904832678
1195 0.904333647814237
1190 0.904276693142871
1185 0.904219072203003
1180 0.904160816139627
1175 0.904101955852327
1170 0.904042521989125
1165 0.903982544940153
1160 0.903922054831131
1155 0.903797334326255
1150 0.903615624912398
1145 0.903447077239008
1140 0.903282642466008
1135 0.90318680985093
1130 0.903088530728442
1125 0.902874567786758
1120 0.902642543397296
1115 0.902440677377287
1110 0.902287628430035
1105 0.90218213596021
1100 0.902019663636659
1095 0.901824289633994
1090 0.901673013208037
1085 0.901574261331897
1080 0.901490003630423
1075 0.901402177405816
1070 0.901257282780253
1065 0.90110034721611
1060 0.900915512247289
1055 0.900714233408579
1050 0.900494639699341
1045 0.900267719625788
1040 0.900093569258569
1035 0.89993091038753
1030 0.899705507813996
1025 0.899440786243856
1020 0.899186535711385
1015 0.90036434716307
1010 0.902151032633984
1005 0.902108480180635
1000 0.90188471147749
995 0.901620899245791
990 0.901423198431
985 0.90128184761568
980 0.901187084682728
975 0.901129146794543
970 0.901098270371476
965 0.901084691069529
960 0.901078643757266
955 0.901070362491917
950 0.901050080494635
945 0.901008030124873
940 0.900934442853846
935 0.900819549237038
930 0.900653578885722
925 0.900426760437443
920 0.900129321525426
915 0.899815694667851
910 0.899734106366864
905 0.899844077827095
900 0.899983691157549
895 0.900023928749655
890 0.899899983868689
885 0.899781388897471
880 0.899831405913161
875 0.899865442898701
870 0.899793241198158
865 0.899632383342236
860 0.899353491866176
855 0.899137547819536
850 0.898070841366535
845 0.893831252425105
840 0.892504372971197
835 0.892119691185578
830 0.89192293127483
825 0.891849495707075
820 0.89183478502095
815 0.891814197757898
810 0.891723130391697
805 0.891496977255097
800 0.891071130463419
795 0.890682683780839
790 0.890440827104758
785 0.890105432641769
780 0.889819394862064
775 0.889555985610051
770 0.8892936642235
765 0.889076608595688
760 0.888444168006582
755 0.887949611468784
750 0.887933436858123
745 0.887915682110222
740 0.887416381729842
735 0.886832956068786
730 0.886669756785271
725 0.88645168429454
720 0.886330094263317
715 0.886118125359626
710 0.885839005235802
705 0.885574446891275
700 0.885344291892753
695 0.885273247387256
690 0.885382261611157
685 0.885097951484426
680 0.884364726622758
675 0.883941651326953
670 0.883911423472934
665 0.88382203281952
660 0.88346857650802
655 0.882996909180757
650 0.882350614511079
645 0.881328475992326
640 0.880324747745179
635 0.879942952233551
630 0.879992477269036
625 0.879760072319022
620 0.879446118718207
615 0.879261594450785
610 0.878982513273938
605 0.878644709723303
600 0.87822672564121
595 0.87807812940575
590 0.878161424016892
585 0.877721229284661
580 0.877234525895603
575 0.876963943110224
570 0.876345571917241
565 0.875373161643662
560 0.8745822168852
555 0.874140404697893
550 0.873385925244483
545 0.872575295300842
540 0.872303965101752
535 0.871987435892308
530 0.871432897396667
525 0.870806553481799
520 0.870154186169652
515 0.86975110744102
510 0.86905636247784
505 0.867974545456905
500 0.867174363786781
495 0.866445096713374
490 0.865378602746403
485 0.864388321334077
480 0.863599333428254
475 0.862729268643796
470 0.862129606405306
465 0.861749556207761
460 0.860980266577972
455 0.860199205153057
450 0.859237862618648
445 0.857694940166175
440 0.856368402233297
435 0.858700271816867
430 0.857828357551855
425 0.854056411804275
420 0.853367104067469
415 0.853187477168949
410 0.85277237594811
405 0.851186141350122
400 0.849463552364637
395 0.84810548011137
390 0.846883658639121
385 0.845615511832452
380 0.843115938700199
375 0.840805253124233
370 0.839334202785309
365 0.837558542966046
360 0.836680927992252
355 0.836321888386853
350 0.834497158164201
345 0.831110904289603
340 0.828362692532485
335 0.826471207462367
330 0.82422343722491
325 0.82212299627688
320 0.820813584502463
315 0.818505488216361
310 0.815592407526398
305 0.814632809790764
300 0.813667825956693
295 0.810801489495507
290 0.808225885273711
285 0.805906277215852
280 0.802970142530385
275 0.800005968732112
270 0.79737109400609
265 0.794422518820226
260 0.791384405399341
255 0.788165540745613
250 0.784525175217841
245 0.781071228929801
240 0.777451615553568
235 0.773410339513516
230 0.769132975711018
225 0.76476822628967
220 0.760146716719916
215 0.754560756195308
210 0.74899135428234
205 0.743353870208535
200 0.737366117540745
195 0.731520330536386
190 0.725517008899059
185 0.718866780008211
180 0.712007598946112
175 0.704585331295415
170 0.696397793351043
165 0.687657937723827
160 0.67835703408826
155 0.668332790132026
150 0.657594029132457
145 0.646566939217722
140 0.635159270757948
135 0.62281483743321
130 0.609737657264701
125 0.595867909592852
120 0.580684910452258
115 0.564424151650064
110 0.547321214980663
105 0.52953497525951
100 0.510916326103229
95 0.491276307368654
90 0.470570956057678
85 0.448795398276788
80 0.425949228671378
75 0.402032758011692
70 0.377033702448885
65 0.350942788125252
60 0.323759735927515
60 0.488377368554496

# pim_cut_1sig | pim_cut_1sig |  |  | 775
60 0.42494305800921
65 0.45200592862345
70 0.477989548545362
75 0.50290708407
80 0.526780696236847
85 0.549622289708303
90 0.571378109054798
95 0.591981848603392
100 0.611371671220053
105 0.629625027849962
110 0.647365162481849
115 0.665054830861719
120 0.681965473706526
125 0.697070991296728
130 0.709345373900033
135 0.720557240174282
140 0.732872502912317
145 0.744516081275688
150 0.755609427162284
155 0.766086001382888
160 0.775826665117007
165 0.785147971941163
170 0.794170774612657
175 0.802755879193944
180 0.810919966486984
185 0.818886119071494
190 0.825926554223737
195 0.832505479736932
200 0.838928094137265
205 0.845034740826448
210 0.851185934654562
215 0.85726692560845
220 0.863091215762277
225 0.868730308844433
230 0.874092137830611
235 0.878897463819547
240 0.883509579789183
245 0.887977305487392
250 0.892116235895996
255 0.896256151132154
260 0.900218967953513
265 0.903922729769928
270 0.90811844947492
275 0.912056802418346
280 0.914524991683745
285 0.917994214204573
290 0.92051101261816
295 0.922462333033461
300 0.924972621288168
305 0.927347970052799
310 0.92964371408253
315 0.931909341536713
320 0.934010858502088
325 0.93580161561997
330 0.937496665528986
335 0.939303658088625
340 0.941199691820219
345 0.94325815439718
350 0.945337768040765
355 0.947221046211963
360 0.949061825597931
365 0.950703257287132
370 0.95215971948033
375 0.953688857767704
380 0.955151866646198
385 0.956577626898981
390 0.957915478128704
395 0.958983974133926
400 0.96012437227129
405 0.961376962438968
410 0.962464885185448
415 0.963738890695924
420 0.965241619810167
425 0.966461131134307
430 0.967600701359615
435 0.968770724423374
440 0.969697594658849
445 0.970565950355727
450 0.971591606980931
455 0.972568759611381
460 0.973448674370252
465 0.974393370904583
470 0.975146637546162
475 0.975700402421102
480 0.976396754454187
485 0.977076181929157
490 0.977769975927974
495 0.978752523317655
500 0.979786584927672
505 0.980615935852182
510 0.981267924832604
515 0.981937191831294
520 0.982465664597954
525 0.982780085430471
530 0.983178517423901
535 0.983566380105531
540 0.983843682108029
545 0.984335863762188
550 0.984936195957782
555 0.985576412838216
560 0.986187073946036
565 0.986945783520232
570 0.987480979922217
575 0.987923654776177
580 0.988415766188295
585 0.988711378374028
590 0.98894533714724
595 0.989298527880416
600 0.989502449157561
605 0.989680250398127
610 0.990088427588112
615 0.990371781306732
620 0.990772102174435
625 0.99129681129211
630 0.991648556241996
635 0.991758448060769
640 0.992084822355279
645 0.992557826999547
650 0.992911221616888
655 0.99325320662706
660 0.993793813872587
665 0.994166574174396
670 0.994373041817631
675 0.99469475158247
680 0.994911422378448
685 0.995015033732755
690 0.995308118128606
695 0.995673482176207
700 0.995865048586552
705 0.995991230555643
710 0.996029644174569
715 0.996294323080565
720 0.996509346050247
725 0.996577629210567
730 0.996691319698644
735 0.996817631346253
740 0.996877767790277
745 0.997000893197623
750 0.997293108915877
755 0.997583906339494
760 0.997702773432069
765 0.99777164767135
770 0.997920062695558
775 0.998264317020342
780 0.998632545646434
785 0.998854211051401
790 0.999031096519127
795 0.999183709381515
800 0.999275355323744
805 0.999357834402855
810 0.99951732252166
815 0.999727189785405
820 0.99996080408191
825 1.00019153115796
830 1.0003927346927
835 1.00053777636803
840 1.00060001593643
845 1.00066432056512
850 1.00081309657665
855 1.00094264631479
860 1.00105760123437
865 1.00117967825282
870 1.00131157851788
875 1.00145018486348
880 1.00157852004123
885 1.00170467957401
890 1.00184303634228
895 1.00199843792526
900 1.00215271868194
905 1.00228705809715
910 1.00239131669894
915 1.00251285528715
920 1.0026114858308
925 1.00268111699101
930 1.00276933152033
935 1.00287319376693
940 1.00298976707469
945 1.00311611381376
950 1.00324929541006
955 1.00338637237382
960 1.00352440432698
965 1.00366045002982
970 1.00379156740652
975 1.00391481356994
980 1.00402724484549
985 1.00412591679425
990 1.00420788423522
995 1.00427020126694
1000 1.00430992128826
1005 1.0043659992076
1010 1.00444855249187
1015 1.00453302967406
1020 1.00461658105027
1025 1.00468574132073
1030 1.00476239235621
1035 1.00484981298905
1040 1.00493046325933
1045 1.00500506898241
1050 1.00508771563204
1055 1.00517565590321
1060 1.00524637530263
1065 1.00530152489674
1070 1.00536487644387
1075 1.0054417303487
1080 1.00552682423092
1085 1.00561643941846
1090 1.00570861458342
1095 1.00579992757839
1100 1.00589287038239
1105 1.00598315490437
1110 1.00606011737265
1115 1.00612566007457
1120 1.00619543222526
1125 1.0062722599671
1130 1.006339641337
1135 1.00639696454917
1140 1.00645293333379
1145 1.00650035263754
1150 1.00655584337702
1155 1.00660821131737
1160 1.00665757097532
1165 1.00671616963087
1170 1.00677440846399
1175 1.00683227013445
1180 1.00688973703761
1185 1.00694679131094
1190 1.00700341484034
1195 1.00705958926631
1200 1.00711529598992
1205 1.0071705161786
1210 1.00722523077184
1215 1.0072794204866
1220 1.00733306582272
1225 1.00738614706805
1230 1.00743864430354
1235 1.0074905374081
1240 1.0075418060634
1245 1.00759242975849
1250 1.00764238779435
1255 1.00769166272218
1260 1.00774025064962
1265 1.007788150943
1270 1.0078353627974
1275 1.00788189445425
1280 1.00792779084611
1285 1.00797310595946
1290 1.00801789362465
1295 1.00806219784666
1300 1.00810602378999
1305 1.00814936680052
1310 1.00819222208166
1315 1.00823458728928
1320 1.00827647031039
1325 1.00831788149057
1330 1.00835883104518
1335 1.00839932836766
1340 1.00843937994896
1345 1.00847899146367
1350 1.00851816846712
1355 1.0085569165841
1360 1.00859524206961
1365 1.00863315125307
1370 1.00867065035464
1375 1.00870774543766
1380 1.00874444226138
1385 1.00878074643278
1390 1.00881666345853
1395 1.00885219876056
1400 1.00888735771813
1405 1.00892214562977
1410 1.00895656770193
1415 1.00899062904728
1420 1.00902433467583
1425 1.00905768950753
1430 1.0090906983776
1435 1.00912336603924
1440 1.00915569716821
1445 1.00918769636162
1450 1.00921936813853
1455 1.00925071694137
1460 1.00928174713662
1465 1.00931246301713
1470 1.00934286880386
1475 1.00937296864736
1480 1.00940276662939
1485 1.00943226676408
1490 1.00946147299922
1495 1.00949038921751
1500 1.00951901923784
1505 1.00954736681655
1510 1.00957543564869
1515 1.0096032293692
1520 1.00963075155413
1525 1.00965800572172
1530 1.00968499533354
1535 1.00971172379557
1540 1.00973819445925
1545 1.00976441062256
1550 1.009790375531
1555 1.0098160923786
1560 1.00984156430891
1565 1.00986679441594
1570 1.00989178574509
1575 1.00991654129407
1580 1.00994106401376
1585 1.00996535680915
1590 1.00998942254012
1595 1.01001326402232
1600 1.01003688402798
1605 1.01006028528669
1610 1.0100834704862
1615 1.01010644227319
1620 1.01012920325402
1625 1.01015175599544
1630 1.01017410302532
1635 1.01019624683337
1640 1.01021818987183
1645 1.01023993455609
1650 1.01026148326543
1655 1.01028283834361
1660 1.0103040020995
1665 1.01032497680776
1670 1.01034576470936
1675 1.01036636801226
1680 1.01038678889192
1685 1.01040702949191
1690 1.01042709192448
1695 1.01044697827106
1700 1.01046669058285
1705 1.0104862308813
1710 1.01050560115865
1715 1.01052480337843
1720 1.01054383947595
1725 1.01056271135879
1730 1.01058142090728
1735 1.01059996997495
1740 1.01061836038898
1745 1.01063659395068
1750 1.0106546724359
1755 1.01067259759547
1760 1.01069037115563
1765 1.0107079948184
1770 1.01072547026206
1775 1.01074279914148
1780 1.01075998308853
1785 1.01077702371247
1790 1.01079392260034
1795 1.01081068131729
1800 1.01082730140694
1805 1.01084378439178
1810 1.01086013177348
1815 1.01087634503324
1820 1.0108924256321
1825 1.01090837501131
1830 1.01092419459262
1835 1.01093988577861
1840 1.01095544995299
1845 1.01097088848091
1850 1.01098620270924
1855 1.01100139396689
1860 1.01101646356509
1865 1.01103141279764
1870 1.01104624294123
1875 1.01106095525569
1880 1.01107555098425
1885 1.0110900313538
1890 1.01110439757519
1895 1.01111865084341
1900 1.01113279233788
1905 1.01114682322271
1910 1.01116074464689
1915 1.01117455774456
1920 1.01118826363523
1925 1.011201863424
1930 1.01121535820178
1935 1.01122874904553
1940 1.01124203701843
1945 1.01125522317016
1950 1.01126830853702
1955 1.0112812941422
1960 1.01129418099594
1965 1.01130697009577
1970 1.01131966242663
1975 1.01133225896113
1980 1.0113447606597
1985 1.01135716847078
1990 1.011369483331
1990 0.975465243601044
1985 0.97545292874083
1980 0.97544052092975
1975 0.975428019231178
1970 0.975415422696676
1965 0.975402730365815
1960 0.975389941265993
1955 0.975377054412246
1950 0.975364068807068
1945 0.975350983440207
1940 0.975337797288482
1935 0.975324509315574
1930 0.975311118471828
1925 0.975297623694046
1920 0.97528402390528
1915 0.975270318014612
1910 0.97525650491694
1905 0.975242583492759
1900 0.97522855260793
1895 0.975214411113455
1890 0.975200157845238
1885 0.975185791623853
1880 0.975171311254295
1875 0.975156715525738
1870 0.97514200321128
1865 0.975127173067688
1860 0.975112223835136
1855 0.97509715423694
1850 0.975081962979286
1845 0.975066648750955
1840 0.975051210223039
1835 0.975035646048659
1830 0.975019954862668
1825 0.975004135281355
1820 0.974988185902145
1815 0.974972105303285
1810 0.974955892043533
1805 0.974939544661831
1800 0.974923061676987
1795 0.974906441587333
1790 0.974889682870391
1785 0.974872783982521
1780 0.974855743358574
1775 0.974838559411524
1770 0.974821230532108
1765 0.97480375508845
1760 0.974786131425674
1755 0.974768357865521
1750 0.974750432705948
1745 0.974732354220727
1740 0.974714120659027
1735 0.974695730244997
1730 0.974677181177333
1725 0.974658471628842
1720 0.974639599745997
1715 0.974620563648474
1710 0.974601361428695
1705 0.974581991151347
1700 0.974562450852899
1695 0.974542738541112
1690 0.974522852194528
1685 0.97450278976196
1680 0.974482549161965
1675 0.974462128282307
1670 0.974441524979413
1665 0.974420737077808
1660 0.974399762369553
1655 0.974378598613656
1650 0.974357243535481
1645 0.974335694826141
1640 0.974313950141875
1635 0.974292007103421
1630 0.974269863295365
1625 0.974247516265484
1620 0.97422496352407
1615 0.974202202543243
1610 0.974179230756248
1605 0.974156045556736
1600 0.974132644298028
1595 0.974109024292372
1590 0.974085182810171
1585 0.9740611170792
1580 0.974036824283812
1575 0.974012301564115
1570 0.973987546015142
1565 0.973962554685991
1560 0.973937324578959
1555 0.973911852648646
1550 0.973886135801047
1545 0.973860170892613
1540 0.973833954729307
1535 0.973807484065622
1530 0.973780755603587
1525 0.973753765991754
1520 0.973726511824153
1515 0.973698989639226
1510 0.973671195918735
1505 0.973643127086648
1500 0.973614779507981
1495 0.973586149487647
1490 0.973557233269264
1485 0.973528027033948
1480 0.973498526899097
1475 0.973468728917081
1470 0.973438629073913
1465 0.973408223287863
1460 0.973377507407945
1455 0.973346477212655
1450 0.973315128408581
1445 0.973283456629115
1440 0.973251457433485
1435 0.97321912630467
1430 0.973186458647646
1425 0.97315344978709
1420 0.973120094963709
1415 0.973086389334561
1410 0.973052327971983
1405 0.973017905864325
1400 0.972983117921643
1395 0.972947958966309
1390 0.972912423728582
1385 0.97287650683529
1380 0.97284020277973
1375 0.972803505947688
1370 0.972766410624687
1365 0.972728911028753
1360 0.972691001412992
1355 0.972652675958516
1350 0.972613928737164
1345 0.972574753578731
1340 0.972535143677377
1335 0.97249509198024
1330 0.972454591315224
1325 0.972413634874927
1320 0.972372217673639
1315 0.972330335084831
1310 0.972287982351704
1305 0.972245152768332
1300 0.972201832228859
1295 0.972158004672185
1290 0.972113653894702
1285 0.972068770324156
1280 0.972023371347666
1275 0.971977480976905
1270 0.971931123067446
1265 0.971884311185197
1260 0.971837018212885
1255 0.971789206736011
1250 0.971740839168844
1245 0.971691882013506
1240 0.971642318645215
1235 0.971592136518616
1230 0.971541322900256
1225 0.971489864864074
1220 0.971437749286756
1215 0.971384962842974
1210 0.971331492000471
1205 0.971277323015028
1200 0.971222441925271
1195 0.971166834547338
1190 0.971110486469391
1185 0.97105338304597
1180 0.970995509392184
1175 0.970936850377733
1170 0.970877390620758
1165 0.970817114481504
1160 0.970756006055811
1155 0.970687084948146
1150 0.97060758216085
1145 0.970536057459286
1140 0.970461669008924
1135 0.970371922611764
1130 0.970295319389297
1125 0.970207433870409
1120 0.970119048084929
1115 0.970035093097148
1110 0.969953780559223
1105 0.969889940862391
1100 0.969827484158036
1095 0.969759643090748
1090 0.969693671922037
1085 0.969610878159771
1080 0.969537652905391
1075 0.969462621185019
1070 0.969384598127037
1065 0.969304347063001
1060 0.969208263090839
1055 0.969092878606774
1050 0.968981170401489
1045 0.968886876279155
1040 0.968786777423038
1035 0.968678671840654
1030 0.96857636068187
1025 0.968474295990701
1020 0.968368183175951
1015 0.968271357906425
1010 0.968166512811701
1005 0.968048810047597
1000 0.967858961394773
995 0.96764481936512
990 0.96747538319786
985 0.967344084462734
980 0.967244354029813
975 0.967169622048674
970 0.967113317926843
965 0.967068870307498
960 0.967029707046378
955 0.96698925518789
950 0.966940940940363
945 0.966878189650426
940 0.966794425776468
935 0.966683072861152
930 0.966537553502925
925 0.966351289326507
920 0.9661177009523
915 0.965913760960199
910 0.965799411582199
905 0.965680048638753
900 0.965553022788117
895 0.965444037273347
890 0.96532925281052
885 0.965204689777455
880 0.965072388849824
875 0.964927261674065
870 0.964782527296135
865 0.964635554788904
860 0.964470442703789
855 0.964307154937803
850 0.964142885420176
845 0.963971363865969
840 0.963857433597794
835 0.963750206279777
830 0.963596924685079
825 0.96341203817966
820 0.96320999419999
815 0.963005238185347
810 0.962812213507345
805 0.962645361396567
800 0.962519120866172
795 0.962384350911248
790 0.962170614282964
785 0.961919444464201
780 0.961732543706116
775 0.961546648028846
770 0.961325067870397
765 0.961094585791228
760 0.960786953797906
755 0.960521317043559
750 0.960338067700457
745 0.960153627047899
740 0.959884412934324
735 0.95958147587169
730 0.959300137437912
725 0.959016611034308
720 0.958708809432548
715 0.958464625915841
710 0.958202608096532
705 0.957700959415825
700 0.957285347629278
695 0.957075965414695
690 0.956901073543992
685 0.956661177373988
680 0.956488656245723
675 0.956314556918565
670 0.955978102166354
665 0.955597862905162
660 0.955174272872969
655 0.954314858641089
650 0.953736182297662
645 0.95346389513627
640 0.953291135157552
635 0.953165334514852
630 0.95282189199371
625 0.952462296749128
620 0.95222252351129
615 0.95215673172862
610 0.952181054498557
605 0.951776238312676
600 0.950858039134971
595 0.950061221652547
590 0.949894105357276
585 0.949939376339449
580 0.949465230939526
575 0.949053546760457
570 0.94817957762987
565 0.947266143423049
560 0.946570417479838
555 0.94600458394501
550 0.945453768738173
545 0.944982734400932
540 0.944424612667311
535 0.944185261611059
530 0.943896619808896
525 0.943267013656575
520 0.942628087209862
515 0.942174014337129
510 0.941649424753317
505 0.940619843552215
500 0.939569763278901
495 0.938851716804364
490 0.937940764712523
485 0.93708959223232
480 0.936355385903827
475 0.93555685324881
470 0.934743469168233
465 0.933949096661781
460 0.93297225055872
455 0.931949494157026
450 0.931009660514888
445 0.930088839011854
440 0.92918868170503
435 0.928278298917083
430 0.927332793355179
425 0.926304073746813
420 0.925206952817333
415 0.924129917727386
410 0.922954810432495
405 0.921616274408656
400 0.920334043766184
395 0.918986416712922
390 0.917551886403386
385 0.916263520201355
380 0.915000653237219
375 0.913703281516829
370 0.912433174190679
365 0.911060645174053
360 0.909434451320433
355 0.90773935679049
350 0.90607387448784
345 0.904276511450754
340 0.902304181203513
335 0.90035922860008
330 0.898376985159865
325 0.896230957804997
320 0.894125660529221
315 0.892005487209099
310 0.889689855725273
305 0.887175489312435
300 0.884551961081222
295 0.881798538193699
290 0.87917844371949
285 0.876410503638799
280 0.873342201417087
275 0.870356277212154
270 0.86686732020091
265 0.863142576514306
260 0.859422276557297
255 0.855767384501046
250 0.851973362804669
245 0.847952477560439
240 0.843824408100151
235 0.839461165202165
230 0.83487859524081
225 0.830135103981771
220 0.825175829939236
215 0.819990953731402
210 0.814509730462392
205 0.808687221425277
200 0.802683865668229
195 0.796384460094365
190 0.789931091194391
185 0.783252743222129
180 0.775857987815282
175 0.767901650491935
170 0.759573190269175
165 0.75087634430525
160 0.741567885635482
155 0.731825165440807
150 0.721729293226616
145 0.710900437032175
140 0.699497989141714
135 0.687423780189643
130 0.676065737760191
125 0.663639518153378
120 0.648526394542016
115 0.631677335684594
110 0.614043400326849
105 0.596299060272754
100 0.578011286276148
95 0.558598013716131
90 0.537984968508381
85 0.516227664021044
80 0.493386082161177
75 0.469508909679006
70 0.444584193578954
65 0.418590979574899
60 0.391517308125154
60 0.42494305800921

# pim_cut_25sig | pim_cut_25sig |  |  | 775
60 0.450012370422252
65 0.477067140409862
70 0.503043564770168
75 0.527955714863245
80 0.551826656793599
85 0.574668258973747
90 0.596422964464611
95 0.617019724768838
100 0.636391959927982
105 0.654619503532868
110 0.672356484098099
115 0.690087952244564
120 0.707044783079908
125 0.72214459615424
130 0.734305101004914
135 0.745407335162761
140 0.757903388240269
145 0.769727814458322
150 0.781019527614034
155 0.791781628339449
160 0.80152074972815
165 0.810851692668097
170 0.820118962870269
175 0.828896550720451
180 0.83721645049076
185 0.845611150958518
190 0.852923151495746
195 0.859596244468857
200 0.866111265489041
205 0.872295380377326
210 0.878693087798689
215 0.885223904516235
220 0.891527755129558
225 0.89767671249143
230 0.903502294772961
235 0.908474687782583
240 0.913273458555957
245 0.917995926432607
250 0.92222339071449
255 0.926622726105484
260 0.930816486500676
265 0.934507844711645
270 0.939056796430428
275 0.943332196322989
280 0.945412084383738
285 0.949181997128904
290 0.951510439292163
295 0.952960179163282
300 0.955288116443378
305 0.957477330608071
310 0.959609107850472
315 0.961837232282423
320 0.963924756981739
325 0.9654796089812
330 0.966836425805827
335 0.968511980205033
340 0.970371324782748
345 0.972494386606999
350 0.974785688205458
355 0.976832313278067
360 0.978782356306055
365 0.980435216371941
370 0.981954628447568
375 0.983678039955861
380 0.985265276702932
385 0.986813206922199
390 0.988188171922693
395 0.98898214219968
400 0.989967118650119
405 0.991197478461701
410 0.992097441250163
415 0.993445620422327
420 0.995267620054793
425 0.996578924174927
430 0.997801632362941
435 0.999140043553092
440 1.00007927937421
445 1.00092378386363
450 1.00202806683046
455 1.00303320870215
460 1.0038059922289
465 1.00472657658668
470 1.00544901382961
475 1.00580806430032
480 1.00642778086696
485 1.00706612420179
490 1.00764188433956
495 1.00867812820262
500 1.00994920116425
505 1.01061300507716
510 1.01098179989207
515 1.01175957495192
520 1.01234384763902
525 1.01241488926089
530 1.01263994063515
535 1.01310221897639
540 1.01340798418857
545 1.01385071078313
550 1.01454801637249
555 1.01525528450812
560 1.01589956629568
565 1.01670551359312
570 1.01695703164148
575 1.01707623578797
580 1.01762866762487
585 1.01779037989996
590 1.01823376098971
595 1.01872650755132
600 1.0184857566745
605 1.01810825946221
610 1.01851895740528
615 1.01903306849032
620 1.01968428617179
625 1.02042269719935
630 1.02076855442821
635 1.02070328322021
640 1.02118008775357
645 1.02187827589701
650 1.02229250110631
655 1.02245696761654
660 1.0227584696223
665 1.02309310762632
670 1.02316924655609
675 1.0234798975804
680 1.02372849697799
685 1.02378042600183
690 1.02411340156707
695 1.02462161974734
700 1.02479982430451
705 1.02470893391051
710 1.0243999212331
715 1.02466659595411
720 1.02485974851352
725 1.02474839284276
730 1.02473470639419
735 1.02474474795217
740 1.02462278393224
745 1.02463634280992
750 1.02500938982744
755 1.02538084831145
760 1.02538963815769
765 1.02527944408144
770 1.02536630881443
775 1.02580256876396
780 1.02630754710167
785 1.0265552859918
790 1.02667645819625
795 1.02678322823422
800 1.02684253116692
805 1.02689218915757
810 1.0270461542824
815 1.02726865348545
820 1.02752391149335
825 1.02777615089169
830 1.02798959219841
835 1.02812845393423
840 1.0281569526904
845 1.02818403808948
850 1.02831575494401
855 1.02841926484752
860 1.0284979701323
865 1.02858777085077
870 1.02870836693418
875 1.02884237725555
880 1.02895811843478
885 1.02907967192143
890 1.02922837399109
895 1.02941423841419
900 1.02960249060231
905 1.02974231519095
910 1.0298352455365
915 1.02996217603236
920 1.02998182448967
925 1.02992848773939
930 1.02994316503338
935 1.03001578444626
940 1.03013627304835
945 1.03029455693625
950 1.03048056126234
955 1.03068421026326
960 1.03089542728743
965 1.03110413482156
970 1.03130025451628
975 1.03147370721089
980 1.03161441295725
985 1.03171229104288
990 1.03175726001324
995 1.03173923769331
1000 1.03164814120837
1005 1.0316038910776
1010 1.031660082252
1015 1.03172928349979
1020 1.031802879456
1025 1.03184432531825
1030 1.03190191611197
1035 1.03197816885035
1040 1.03203822763655
1045 1.03209371350985
1050 1.03216762455495
1055 1.03223773887553
1060 1.03227495946147
1065 1.03229940827205
1070 1.0323500851815
1075 1.03242606222146
1080 1.03251870272507
1085 1.03262061036247
1090 1.03271982157945
1095 1.03283014094413
1100 1.03294191005066
1105 1.03305306543585
1110 1.03313986998271
1115 1.03319358530764
1120 1.0332527203305
1125 1.03332087953962
1130 1.03337288279778
1135 1.03341574600223
1140 1.03344638157744
1145 1.03347357402123
1150 1.03351703928914
1155 1.03354905609429
1160 1.03358374466495
1165 1.03364046099289
1170 1.03369717184641
1175 1.03375383495198
1180 1.03381040777168
1185 1.03386684750966
1190 1.03392311111855
1195 1.03397915530554
1200 1.0340349365384
1205 1.03409041105128
1210 1.03414553485036
1215 1.03420026371932
1220 1.03425455322469
1225 1.03430835872104
1230 1.034361635356
1235 1.03441433807521
1240 1.03446642162703
1245 1.03451784056723
1250 1.03456854926347
1255 1.0346185047118
1260 1.03466767497718
1265 1.03471603076135
1270 1.03476354259486
1275 1.03481020456226
1280 1.03485610546995
1285 1.03490135768593
1290 1.03494607342212
1295 1.03499034272752
1300 1.03503416746083
1305 1.03507752732466
1310 1.03512040187912
1315 1.03516277644262
1320 1.03520465978795
1325 1.03524606645231
1330 1.03528701084264
1335 1.03532750565822
1340 1.03536755715265
1345 1.03540716987737
1350 1.03544634826458
1355 1.03548509705328
1360 1.03552342256207
1365 1.03556133142132
1370 1.0355988301521
1375 1.03563592505513
1380 1.03567262187262
1385 1.03570892613089
1390 1.035744843256
1395 1.03578037860625
1400 1.03581553756549
1405 1.03585032545386
1410 1.0358847474994
1415 1.03591880883182
1420 1.03595251445993
1425 1.03598586929786
1430 1.03601887817506
1435 1.03605154584017
1440 1.03608387696926
1445 1.03611587616099
1450 1.036147547936
1455 1.03617889673791
1460 1.03620992693312
1465 1.03624064281408
1470 1.03627104860133
1475 1.03630114844508
1480 1.03633094642711
1485 1.03636044656168
1490 1.03638965279668
1495 1.03641856901491
1500 1.03644719903524
1505 1.03647554661398
1510 1.03650361544615
1515 1.03653140916668
1520 1.03655893135161
1525 1.03658618551919
1530 1.036613175131
1535 1.03663990359303
1540 1.03666637425671
1545 1.03669259042002
1550 1.03671855532846
1555 1.03674427217606
1560 1.03676974410638
1565 1.03679497421341
1570 1.03681996554256
1575 1.03684472109153
1580 1.03686924381123
1585 1.03689353660661
1590 1.03691760233759
1595 1.03694144381979
1600 1.03696506382544
1605 1.03698846508415
1610 1.03701165028366
1615 1.03703462207066
1620 1.03705738305149
1625 1.0370799357929
1630 1.03710228282278
1635 1.03712442663084
1640 1.03714636966929
1645 1.03716811435356
1650 1.0371896630629
1655 1.03721101814107
1660 1.03723218189697
1665 1.03725315660522
1670 1.03727394450683
1675 1.03729454780972
1680 1.03731496868938
1685 1.03733520928938
1690 1.03735527172194
1695 1.03737515806853
1700 1.03739487038031
1705 1.03741441067876
1710 1.03743378095611
1715 1.03745298317589
1720 1.03747201927341
1725 1.03749089115626
1730 1.03750960070475
1735 1.03752814977241
1740 1.03754654018644
1745 1.03756477374814
1750 1.03758285223336
1755 1.03760077739294
1760 1.03761855095309
1765 1.03763617461587
1770 1.03765365005952
1775 1.03767097893894
1780 1.03768816288599
1785 1.03770520350994
1790 1.03772210239781
1795 1.03773886111475
1800 1.0377554812044
1805 1.03777196418925
1810 1.03778831157095
1815 1.0378045248307
1820 1.03782060542956
1825 1.03783655480877
1830 1.03785237439008
1835 1.03786806557607
1840 1.03788362975045
1845 1.03789906827837
1850 1.0379143825067
1855 1.03792957376436
1860 1.03794464336255
1865 1.0379595925951
1870 1.0379744227387
1875 1.03798913505315
1880 1.03800373078171
1885 1.03801821115127
1890 1.03803257737265
1895 1.03804683064087
1900 1.03806097213535
1905 1.03807500302017
1910 1.03808892444436
1915 1.03810273754203
1920 1.0381164434327
1925 1.03813004322146
1930 1.03814353799924
1935 1.03815692884299
1940 1.0381702168159
1945 1.03818340296762
1950 1.03819648833448
1955 1.03820947393966
1960 1.03822236079341
1965 1.03823514989323
1970 1.03824784222409
1975 1.03826043875859
1980 1.03827294045717
1985 1.03828534826825
1990 1.03829766312846
1990 0.948537063803581
1985 0.948524748943367
1980 0.948512341132286
1975 0.948499839433714
1970 0.948487242899213
1965 0.948474550568352
1960 0.948461761468529
1955 0.948448874614783
1950 0.948435889009604
1945 0.948422803642744
1940 0.948409617491018
1935 0.94839632951811
1930 0.948382938674364
1925 0.948369443896583
1920 0.948355844107816
1915 0.948342138217148
1910 0.948328325119476
1905 0.948314403695295
1900 0.948300372810467
1895 0.948286231315991
1890 0.948271978047775
1885 0.948257611826389
1880 0.948243131456832
1875 0.948228535728275
1870 0.948213823413817
1865 0.948198993270224
1860 0.948184044037672
1855 0.948168974439476
1850 0.948153783181823
1845 0.948138468953491
1840 0.948123030425576
1835 0.948107466251195
1830 0.948091775065204
1825 0.948075955483892
1820 0.948060006104682
1815 0.948043925505822
1810 0.948027712246069
1805 0.948011364864367
1800 0.947994881879523
1795 0.94797826178987
1790 0.947961503072927
1785 0.947944604185058
1780 0.94792756356111
1775 0.94791037961406
1770 0.947893050734645
1765 0.947875575290986
1760 0.94785795162821
1755 0.947840178068057
1750 0.947822252908485
1745 0.947804174423263
1740 0.947785940861564
1735 0.947767550447533
1730 0.947749001379869
1725 0.947730291831379
1720 0.947711419948533
1715 0.947692383851011
1710 0.947673181631231
1705 0.947653811353883
1700 0.947634271055435
1695 0.947614558743648
1690 0.947594672397064
1685 0.947574609964496
1680 0.947554369364501
1675 0.947533948484844
1670 0.947513345181949
1665 0.947492557280345
1660 0.94747158257209
1655 0.947450418816193
1650 0.947429063738018
1645 0.947407515028677
1640 0.947385770344411
1635 0.947363827305957
1630 0.947341683497901
1625 0.94731933646802
1620 0.947296783726606
1615 0.94727402274578
1610 0.947251050958785
1605 0.947227865759272
1600 0.947204464500565
1595 0.947180844494909
1590 0.947157003012707
1585 0.947132937281736
1580 0.947108644486348
1575 0.947084121766652
1570 0.947059366217678
1565 0.947034374888526
1560 0.947009144781494
1555 0.946983672851181
1550 0.946957956003583
1545 0.946931991095152
1540 0.946905774931849
1535 0.946879304268163
1530 0.946852575806123
1525 0.946825586194281
1520 0.946798332026671
1515 0.946770809841744
1510 0.946743016121272
1505 0.946714947289221
1500 0.946686599710586
1495 0.94665796969025
1490 0.946629053471801
1485 0.946599847236347
1480 0.946570347101377
1475 0.946540549119369
1470 0.946510449276449
1465 0.946480043490912
1460 0.946449327611442
1455 0.946418297416119
1450 0.946386948611118
1445 0.94635527682974
1440 0.946323277632439
1435 0.946290946503744
1430 0.946258278850183
1425 0.946225269996759
1420 0.946191915179616
1415 0.94615820955002
1410 0.94612414817452
1405 0.946089726040241
1400 0.946054938074281
1395 0.946019779120617
1390 0.945984243931119
1385 0.945948327137176
1380 0.945912023168491
1375 0.945875326330212
1370 0.945838230827224
1365 0.945800730860511
1360 0.945762820920529
1355 0.945724495489331
1350 0.945685748939701
1345 0.94564657516503
1340 0.945606966473688
1335 0.945566914689676
1330 0.94552641151776
1325 0.945485449913192
1320 0.945444028196078
1315 0.945402145931491
1310 0.945359802554241
1305 0.945316992244189
1300 0.945273688558012
1295 0.945229859791326
1290 0.945185474097238
1285 0.94514051859768
1280 0.945095056723831
1275 0.945049170868898
1270 0.945002943269983
1265 0.944956431366844
1260 0.944909593885331
1255 0.944862364746386
1250 0.944814677699718
1245 0.944766471204767
1240 0.944717703081579
1235 0.944668335851503
1230 0.944618331847792
1225 0.944567653211088
1220 0.944516261884784
1215 0.944464119610253
1210 0.944411187921947
1205 0.944357428142348
1200 0.944302801376789
1195 0.944247268508111
1190 0.944190790191181
1185 0.944133326847245
1180 0.944074838658116
1175 0.944015285560198
1170 0.943954627238336
1165 0.943892823119483
1160 0.94382983236618
1155 0.943746240171226
1150 0.943646386248724
1145 0.943562836075595
1140 0.943468220765272
1135 0.943353141158709
1130 0.943262077928517
1125 0.94315881429789
1120 0.943061759979684
1115 0.942967167864081
1110 0.942874027949155
1105 0.942820030330908
1100 0.942778444489769
1095 0.942729429725015
1090 0.942682464926003
1085 0.942606707215756
1080 0.942545774411242
1075 0.942478289312257
1070 0.94239938938941
1065 0.942306463687695
1060 0.942179678931998
1055 0.94203079563445
1050 0.941901261478577
1045 0.941798231751717
1040 0.941679013045816
1035 0.941550315979356
1030 0.941436836926113
1025 0.941315711993181
1020 0.941181884770214
1015 0.941075104080698
1010 0.940954983051574
1005 0.940810918177596
1000 0.940520741474659
995 0.940175782938753
990 0.939926007419837
985 0.939757710214099
980 0.939657185918054
975 0.939610728407726
970 0.939604630817086
965 0.939625185515758
960 0.939658684085927
955 0.939691417298445
950 0.939709675088087
945 0.939699746527928
940 0.939647919802804
935 0.939540482181821
930 0.939363719989873
925 0.939103918578126
920 0.938747362293429
915 0.938464440214986
910 0.93835548274464
905 0.938224791544955
900 0.938103250867747
895 0.938028236784414
890 0.937943915161703
885 0.937829697430036
880 0.937692790456272
875 0.937535069282001
870 0.937385738879829
865 0.937227462190963
860 0.937030073805856
855 0.936830536405066
850 0.936640227052819
845 0.936451646341607
840 0.936300496843822
835 0.936159528713584
830 0.936000067179368
825 0.935827418445932
820 0.93564688678855
815 0.935463774485304
810 0.935283381746609
805 0.935111006641852
800 0.934951945022993
795 0.934784832058547
790 0.934525252605842
785 0.934218369523801
780 0.934057542250877
775 0.934008396285224
770 0.933878821751527
765 0.933586789381136
760 0.933100089072284
755 0.932724375071608
750 0.932621786788892
745 0.932518177435606
740 0.932139396792359
735 0.931654359265769
730 0.931256750742362
725 0.930845847402114
720 0.930358406969274
715 0.930092353042298
710 0.929832331038005
705 0.928983256060962
700 0.928350571911323
695 0.928127827843561
690 0.928095790105532
685 0.927895785104912
680 0.92767158164618
675 0.927529410920637
670 0.927181897427896
665 0.926671329453236
660 0.926209617123256
655 0.92511109765161
650 0.924354902808242
645 0.924143446238812
640 0.924195869759257
635 0.924220499355413
630 0.923701893807495
625 0.923336410841891
620 0.923310339513931
615 0.923495444545036
610 0.92375052468139
605 0.923348229248589
600 0.921874731618028
595 0.920633241981645
590 0.920605681514803
585 0.920860374813515
580 0.92025232950295
575 0.919900965748666
570 0.91870352591061
565 0.917506413350163
560 0.91685792513019
555 0.916325712275106
550 0.915841948323466
545 0.915467887379991
540 0.914860310586773
535 0.914649422740205
530 0.914435196597641
525 0.913632209826153
520 0.912749904168793
515 0.912351631216505
510 0.911935549693851
505 0.910622774327241
500 0.909407147042323
495 0.908926111919397
490 0.908068856300935
485 0.907099649959692
480 0.906324359491057
475 0.905449191369592
470 0.904441092884785
465 0.90361589097968
460 0.902614932700072
455 0.90148504506626
450 0.900573200665357
445 0.89973100550395
440 0.898806996989666
435 0.897908979787364
430 0.897131862351853
425 0.896186280706193
420 0.895180952572708
415 0.894423188000982
410 0.89332225436778
405 0.891795758385923
400 0.890491297387354
395 0.888988248647169
390 0.887279192609397
385 0.886027940178136
380 0.884887243180485
375 0.883714099328673
370 0.882638265223441
365 0.881328686089244
360 0.879713920612309
355 0.878128089724386
350 0.876625954323147
345 0.875040279240935
340 0.873132548240983
335 0.871150906483672
330 0.869037224883024
325 0.866552964443767
320 0.86421176204957
315 0.862077596463388
310 0.85972446195733
305 0.857046128757162
300 0.854236465926012
295 0.851300692063878
290 0.848179017045487
285 0.845222720714468
280 0.842455108717093
275 0.839080883307511
270 0.835928973245403
265 0.83255746157259
260 0.828824758010134
255 0.825400809527715
250 0.821866207986174
245 0.817933856615224
240 0.814060529333378
235 0.809883941239129
230 0.80546843829846
225 0.801188700334774
220 0.796739290571955
215 0.792033974823617
210 0.787002577318265
205 0.781426581874399
200 0.775500694316453
195 0.769293695362439
190 0.762934493922382
185 0.756527711335105
180 0.749561503811505
175 0.741760978965428
170 0.733625002011563
165 0.725172623578315
160 0.715873801024339
155 0.706129538484247
150 0.696319192774866
145 0.685688703849541
140 0.674467103813761
135 0.662573685201164
130 0.65110601065531
125 0.638565913295866
120 0.623447085168634
115 0.60664421430175
110 0.589052078710599
105 0.571304584589848
100 0.552990997568219
95 0.533560137550686
90 0.512940113098568
85 0.491181694755601
80 0.468340121604425
75 0.444460278885761
70 0.419530177354147
65 0.393529767788487
60 0.366447995712112
60 0.450012370422252

# pim_cut_3sig | pim_cut_3sig |  |  | 775
60 0.458368807893266
65 0.485420877672
70 0.51139490351177
75 0.536305258460994
80 0.560175310312516
85 0.583016915395562
90 0.604771249601216
95 0.625365683490653
100 0.644732056163958
105 0.66295099542717
110 0.68068692463685
115 0.698432326038845
120 0.715404552871036
125 0.730502464440078
130 0.742625010039874
135 0.753690700158921
140 0.76624701668292
145 0.778131725519201
150 0.789489561097951
155 0.800346837324969
160 0.810085444598531
165 0.819419599577076
170 0.82876835895614
175 0.837610107895953
180 0.845981945158686
185 0.854519494920859
190 0.861922017253082
195 0.868626499379499
200 0.8751723226063
205 0.881382260227619
210 0.887862138846731
215 0.894542897485497
220 0.901006601585318
225 0.907325513707096
230 0.913305680420411
235 0.918333762436929
240 0.923194751478215
245 0.928002133414346
250 0.932259108987322
255 0.936744917763261
260 0.94101565934973
265 0.944702883025551
270 0.94936957874893
275 0.953757327624537
280 0.955707781950403
285 0.959577924770348
290 0.96184358151683
295 0.963126127873223
300 0.965393281495114
305 0.967520450793163
310 0.969597572439786
315 0.971813195864327
320 0.973896056474955
325 0.975372273434943
330 0.976616345898107
335 0.97824808757717
340 0.980095202436924
345 0.982239797343606
350 0.984601661593689
355 0.986702735633435
360 0.98868919987543
365 0.990345869400211
370 0.99188626476998
375 0.99367443401858
380 0.995303080055177
385 0.996891733596606
390 0.998279069854023
395 0.998981531554931
400 0.999914700776396
405 1.00113765046928
410 1.0019749599384
415 1.00334786366446
420 1.005276286803
425 1.0066181885218
430 1.00786860936405
435 1.00926314992967
440 1.01020650761267
445 1.0110430616996
450 1.01217355344697
455 1.01318802506574
460 1.01392509818178
465 1.01483764514738
470 1.01554980592409
475 1.01584395159339
480 1.01643812300455
485 1.01706277162599
490 1.01759918714342
495 1.01865332983094
500 1.02000340657644
505 1.02061202815215
510 1.02088642491189
515 1.02170036932546
520 1.02230324198605
525 1.02229315720437
530 1.02246041503891
535 1.0229474986
540 1.02326275154875
545 1.02368899312344
550 1.02441862317739
555 1.02514824173142
560 1.02580373041223
565 1.02662542361741
570 1.02678238221456
575 1.0267937627919
580 1.02736630143706
585 1.02748338040861
590 1.0279965689372
595 1.02853583410829
600 1.02814685918015
605 1.02758426248358
610 1.02799580067767
615 1.02858683088484
620 1.02932168083758
625 1.03013132583509
630 1.03047522049028
635 1.03035156160669
640 1.03087850955301
645 1.03165175886282
650 1.03208626093611
655 1.03219155461303
660 1.0324133548722
665 1.03273528544363
670 1.03276798146891
675 1.03307494624637
680 1.03333418851117
685 1.03336889009152
690 1.03371516271322
695 1.03427099893772
700 1.03444474954383
705 1.03428150169546
710 1.03385668025261
715 1.03412402024529
720 1.03430988266795
725 1.03413864738683
730 1.03408250195938
735 1.03405378682082
740 1.03387112264623
745 1.03384815934735
750 1.0342481501313
755 1.03464649563543
760 1.03461859306623
765 1.03444870955147
770 1.03451505752072
775 1.03498198601184
780 1.03553254758675
785 1.0357889776386
790 1.03589157875529
795 1.03598306785178
800 1.03603158978132
805 1.03607030740914
810 1.03622243153598
815 1.03644914138546
820 1.03671161396383
825 1.03697102413627
830 1.03718854470031
835 1.03732534645629
840 1.03734259827506
845 1.03735727726427
850 1.03748330773313
855 1.03757813769177
860 1.03764475976494
865 1.03772380171675
870 1.03784062973962
875 1.0379731080529
880 1.03808465123263
885 1.03820466937057
890 1.03835681987403
895 1.03855283857717
900 1.03875241457577
905 1.03889406755555
910 1.03898322181569
915 1.0391119496141
920 1.03910527070929
925 1.03901094465552
930 1.03900110953773
935 1.0390633146727
940 1.03918510837291
945 1.03935403797709
950 1.03955764987977
955 1.03978348955974
960 1.04001910160758
965 1.04025202975214
970 1.0404698168862
975 1.0406600050912
980 1.04081013566117
985 1.04090774912576
990 1.04094038527259
995 1.04089558316876
1000 1.04076088118174
1005 1.0406831883676
1010 1.04073059217204
1015 1.0407947014417
1020 1.04086497892458
1025 1.04089718665075
1030 1.04094842403056
1035 1.04102095413745
1040 1.04107414909563
1045 1.04112326168566
1050 1.04119426086259
1055 1.04125843319964
1060 1.04128448751441
1065 1.04129870273048
1070 1.04134515476071
1075 1.04142083951238
1080 1.04151599555646
1085 1.04162200067715
1090 1.04172355724479
1095 1.04184021206604
1100 1.04195825660675
1105 1.04207636894635
1110 1.04216645418607
1115 1.04221622705199
1120 1.04227181636558
1125 1.04233708606379
1130 1.04238396328471
1135 1.04242200648658
1140 1.04244419765866
1145 1.04246464781579
1150 1.04250410459319
1155 1.0425293376866
1160 1.04255913589483
1165 1.04261522478023
1170 1.04267142630721
1175 1.04272768989116
1180 1.04278396468303
1185 1.0428401995759
1190 1.04289634321128
1195 1.04295234398528
1200 1.04300815005456
1205 1.04306370934218
1210 1.0431189695432
1215 1.04317387813023
1220 1.04322838235868
1225 1.04328242927203
1230 1.04333596570683
1235 1.04338893829758
1240 1.04344129348158
1245 1.04349297750348
1250 1.04354393641985
1255 1.04359411870835
1260 1.04364348308636
1265 1.04369199070081
1270 1.04373960252735
1275 1.04378630793159
1280 1.04383221034456
1285 1.04387744159476
1290 1.0439221333546
1295 1.04396639102114
1300 1.04401021535112
1305 1.04405358083271
1310 1.04409646181161
1315 1.04413883949374
1320 1.04418072294714
1325 1.04422212810622
1330 1.04426307077513
1335 1.04430356475508
1340 1.04434361622055
1345 1.0443832293486
1350 1.04442240819707
1355 1.04446115720968
1360 1.04449948272623
1365 1.0445373914774
1370 1.04457489008459
1375 1.04461198492763
1380 1.04464868174303
1385 1.04468498603026
1390 1.04472090318849
1395 1.04475643855482
1400 1.04479159751461
1405 1.04482638539522
1410 1.04486080743189
1415 1.04489486876
1420 1.04492857438796
1425 1.04496192922797
1430 1.04499493810755
1435 1.04502760577381
1440 1.04505993690294
1445 1.04509193609412
1450 1.04512360786848
1455 1.04515495667008
1460 1.04518598686529
1465 1.0452167027464
1470 1.04524710853382
1475 1.04527720837765
1480 1.04530700635969
1485 1.04533650649422
1490 1.04536571272917
1495 1.04539462894737
1500 1.0454232589677
1505 1.04545160654645
1510 1.04547967537864
1515 1.04550746909918
1520 1.04553499128411
1525 1.04556224545168
1530 1.04558923506349
1535 1.04561596352551
1540 1.0456424341892
1545 1.04566865035251
1550 1.04569461526095
1555 1.04572033210855
1560 1.04574580403887
1565 1.0457710341459
1570 1.04579602547505
1575 1.04582078102402
1580 1.04584530374371
1585 1.0458695965391
1590 1.04589366227007
1595 1.04591750375228
1600 1.04594112375793
1605 1.04596452501664
1610 1.04598771021615
1615 1.04601068200315
1620 1.04603344298397
1625 1.04605599572539
1630 1.04607834275527
1635 1.04610048656332
1640 1.04612242960178
1645 1.04614417428604
1650 1.04616572299538
1655 1.04618707807356
1660 1.04620824182946
1665 1.04622921653771
1670 1.04625000443932
1675 1.04627060774221
1680 1.04629102862187
1685 1.04631126922186
1690 1.04633133165443
1695 1.04635121800102
1700 1.0463709303128
1705 1.04639047061125
1710 1.0464098408886
1715 1.04642904310838
1720 1.0464480792059
1725 1.04646695108875
1730 1.04648566063724
1735 1.0465042097049
1740 1.04652260011893
1745 1.04654083368063
1750 1.04655891216585
1755 1.04657683732542
1760 1.04659461088558
1765 1.04661223454835
1770 1.04662970999201
1775 1.04664703887143
1780 1.04666422281848
1785 1.04668126344242
1790 1.04669816233029
1795 1.04671492104724
1800 1.04673154113689
1805 1.04674802412173
1810 1.04676437150344
1815 1.04678058476319
1820 1.04679666536205
1825 1.04681261474126
1830 1.04682843432257
1835 1.04684412550856
1840 1.04685968968294
1845 1.04687512821086
1850 1.04689044243919
1855 1.04690563369684
1860 1.04692070329504
1865 1.04693565252759
1870 1.04695048267118
1875 1.04696519498564
1880 1.0469797907142
1885 1.04699427108376
1890 1.04700863730514
1895 1.04702289057336
1900 1.04703703206783
1905 1.04705106295266
1910 1.04706498437684
1915 1.04707879747451
1920 1.04709250336518
1925 1.04710610315395
1930 1.04711959793173
1935 1.04713298877548
1940 1.04714627674839
1945 1.04715946290011
1950 1.04717254826697
1955 1.04718553387215
1960 1.0471984207259
1965 1.04721120982572
1970 1.04722390215658
1975 1.04723649869108
1980 1.04724900038965
1985 1.04726140820073
1990 1.04727372306095
1990 0.939561003871093
1985 0.939548689010879
1980 0.939536281199799
1975 0.939523779501227
1970 0.939511182966725
1965 0.939498490635864
1960 0.939485701536041
1955 0.939472814682295
1950 0.939459829077116
1945 0.939446743710256
1940 0.939433557558531
1935 0.939420269585622
1930 0.939406878741876
1925 0.939393383964095
1920 0.939379784175328
1915 0.93936607828466
1910 0.939352265186989
1905 0.939338343762807
1900 0.939324312877979
1895 0.939310171383503
1890 0.939295918115287
1885 0.939281551893902
1880 0.939267071524344
1875 0.939252475795787
1870 0.939237763481329
1865 0.939222933337737
1860 0.939207984105184
1855 0.939192914506989
1850 0.939177723249335
1845 0.939162409021003
1840 0.939146970493088
1835 0.939131406318708
1830 0.939115715132716
1825 0.939099895551404
1820 0.939083946172194
1815 0.939067865573334
1810 0.939051652313581
1805 0.939035304931879
1800 0.939018821947035
1795 0.939002201857382
1790 0.938985443140439
1785 0.93896854425257
1780 0.938951503628622
1775 0.938934319681572
1770 0.938916990802157
1765 0.938899515358498
1760 0.938881891695722
1755 0.938864118135569
1750 0.938846192975997
1745 0.938828114490776
1740 0.938809880929076
1735 0.938791490515045
1730 0.938772941447381
1725 0.938754231898891
1720 0.938735360016045
1715 0.938716323918523
1710 0.938697121698744
1705 0.938677751421395
1700 0.938658211122948
1695 0.93863849881116
1690 0.938618612464576
1685 0.938598550032008
1680 0.938578309432013
1675 0.938557888552356
1670 0.938537285249461
1665 0.938516497347857
1660 0.938495522639602
1655 0.938474358883705
1650 0.93845300380553
1645 0.938431455096189
1640 0.938409710411923
1635 0.938387767373469
1630 0.938365623565413
1625 0.938343276535532
1620 0.938320723794118
1615 0.938297962813292
1610 0.938274991026297
1605 0.938251805826784
1600 0.938228404568077
1595 0.938204784562421
1590 0.938180943080219
1585 0.938156877349248
1580 0.938132584553861
1575 0.938108061834164
1570 0.93808330628519
1565 0.938058314956038
1560 0.938033084849005
1555 0.938007612918693
1550 0.937981896071095
1545 0.937955931162665
1540 0.937929714999362
1535 0.937903244335676
1530 0.937876515873636
1525 0.937849526261789
1520 0.937822272094177
1515 0.93779474990925
1510 0.937766956188784
1505 0.937738887356745
1500 0.937710539778121
1495 0.937681909757784
1490 0.937652993539313
1485 0.937623787303813
1480 0.937594287168803
1475 0.937564489186798
1470 0.937534389343961
1465 0.937503983558595
1460 0.937473267679274
1455 0.937442237483941
1450 0.93741088867863
1445 0.937379216896615
1440 0.937347217698757
1435 0.937314886570102
1430 0.937282218917695
1425 0.937249210066649
1420 0.937215855251585
1415 0.93718214962184
1410 0.937148088242032
1405 0.937113666098879
1400 0.93707887812516
1395 0.937043719172054
1390 0.937008183998631
1385 0.936972267237805
1380 0.936935963298078
1375 0.93689926645772
1370 0.936862170894736
1365 0.93682467080443
1360 0.936786760756374
1355 0.936748435332936
1350 0.936709689007213
1345 0.936670515693796
1340 0.936630907405792
1335 0.936590855592821
1330 0.936550351585273
1325 0.936509388259281
1320 0.936467965036891
1315 0.936426082880378
1310 0.936383742621753
1305 0.936340938736141
1300 0.93629764066773
1295 0.936253811497706
1290 0.93620941416475
1285 0.936164434688854
1280 0.936118951849219
1275 0.936073067499562
1270 0.936026883337495
1265 0.935980471427392
1260 0.935933785776146
1255 0.935886750749844
1250 0.935839290543342
1245 0.93579133426852
1240 0.935742831227033
1235 0.935693735629132
1230 0.935644001496971
1225 0.935593582660093
1220 0.935542432750793
1215 0.935490505199347
1210 0.935437753229105
1205 0.935384129851455
1200 0.935329587860628
1195 0.935274079828368
1190 0.935217558098445
1185 0.935159974781004
1180 0.93510128174676
1175 0.935041430621019
1170 0.934980372777529
1165 0.934918059332143
1160 0.934854441136303
1155 0.93476595857892
1150 0.934659320944682
1145 0.934571762281032
1140 0.934470404684054
1135 0.934346880674357
1130 0.934250997441591
1125 0.934142607773717
1120 0.934042663944602
1115 0.933944526119726
1110 0.933847443745799
1105 0.933796726820414
1100 0.93376209793368
1095 0.933719358603103
1090 0.933678729260659
1085 0.933605316901084
1080 0.933548481579859
1075 0.933483512021337
1070 0.933404319810201
1065 0.93330716922926
1060 0.933170150879051
1055 0.933010101310342
1050 0.932874625170939
1045 0.932768683575904
1040 0.932643091586743
1035 0.932507530692257
1030 0.932390329007527
1025 0.932262850660674
1020 0.932119785301635
1015 0.932009686138789
1010 0.931884473131532
1005 0.931731620887596
1000 0.931408001501288
995 0.931019437463297
990 0.930742882160497
985 0.93056225213122
980 0.930461463214135
975 0.930424430527409
970 0.930435068447167
965 0.930477290585178
960 0.930535009765776
955 0.930592138001963
950 0.930632586470662
945 0.930640265487095
940 0.930599084478249
935 0.930492951955377
930 0.930305775485522
925 0.930021461662
920 0.929623916073805
915 0.929314666633248
910 0.929207506465454
905 0.929073039180356
900 0.92895332689429
895 0.928889636621436
890 0.928815469278765
885 0.928704699980896
880 0.928566257658421
875 0.928404338484646
870 0.928253476074393
865 0.928091431324983
860 0.927883284173211
855 0.92767166356082
850 0.9274726742637
845 0.92727840716682
840 0.927114851259164
835 0.92696263619152
830 0.926801114677464
825 0.926632545201356
820 0.92645918431807
815 0.926283286585289
810 0.92610710449303
805 0.92593288839028
800 0.9257628864086
795 0.92558499244098
790 0.925310132046801
785 0.924984677877001
780 0.924832541765798
775 0.92482897903735
770 0.924730073045237
765 0.924417523911106
760 0.923871134163743
755 0.923458727747624
750 0.923383026485037
745 0.923306360898175
740 0.922891058078371
735 0.922345320397128
730 0.921908955177179
725 0.921455592858049
720 0.920908272814849
715 0.920634928751116
710 0.920375572018496
705 0.919410688276008
700 0.918705646672005
695 0.918478448653183
690 0.918494028959379
685 0.918307321015221
680 0.918065890112999
675 0.917934362254661
670 0.917583162515076
665 0.917029151635928
660 0.916554731873351
655 0.915376510655117
650 0.914561142978435
645 0.914369963272993
640 0.914497447959825
635 0.914572220968934
630 0.913995227745424
625 0.913627782206145
620 0.913672944848145
615 0.913941682150508
610 0.914273681409001
605 0.913872226227226
600 0.912213629112381
595 0.910823915424677
590 0.910842873567312
585 0.91116737430487
580 0.910514695690758
575 0.910183438744736
570 0.908878175337523
565 0.907586503325867
560 0.90695376101364
555 0.906432755051805
550 0.905971341518564
545 0.905629605039677
540 0.905005543226594
535 0.904804143116586
530 0.90461472219389
525 0.903753941882679
520 0.90279050982177
515 0.902410836842964
510 0.902030924674029
505 0.900623751252249
500 0.899352941630131
495 0.898950910291074
490 0.898111553497073
485 0.897103002535483
480 0.896314017353467
475 0.895413304076519
470 0.894340300790303
465 0.89350482241898
460 0.892495826747189
455 0.891330228702671
450 0.890427714048846
445 0.889611727667982
440 0.888679768751211
435 0.887785873410792
430 0.887064885350744
425 0.886147016359319
420 0.885172285824499
415 0.884520944758848
410 0.883444735679542
405 0.881855586378345
400 0.880543715261077
395 0.878988859291917
390 0.877188294678067
385 0.87594941350373
380 0.87484943982824
375 0.873717705265954
370 0.872706628901028
365 0.871418033060975
360 0.869807077042934
355 0.868257667369018
350 0.866809980934916
345 0.865294868504328
340 0.863408670586807
335 0.861414799111536
330 0.859257304790744
325 0.856660299990023
320 0.854240462556354
315 0.852101632881485
310 0.849735997368016
305 0.847003008572071
300 0.844131300874275
295 0.841134743353937
290 0.83784587482082
285 0.834826793073024
280 0.832159411150429
275 0.828655752005963
270 0.8256161909269
265 0.822362423258684
260 0.81862558516108
255 0.815278617869938
250 0.811830489713343
245 0.807927649633486
240 0.80413923641112
235 0.800024866584784
230 0.79566505265101
225 0.791539899119108
220 0.787260444116195
215 0.782714981854355
210 0.777833526270222
205 0.772339702024106
200 0.766439637199194
195 0.760263440451798
190 0.753935628165045
185 0.747619367372763
180 0.74079600914358
175 0.733047421789926
170 0.724975605925692
165 0.716604716669337
160 0.707309106153958
155 0.697564329498726
150 0.687849159290949
145 0.677284792788662
140 0.666123475371111
135 0.654290320205004
130 0.64278610162035
125 0.630208045010029
120 0.615087315377506
115 0.598299840507469
110 0.580721638171849
105 0.562973092695546
100 0.544650901332242
95 0.52521417882887
90 0.504591827961964
85 0.482833038333786
80 0.459991468085507
75 0.436110735288013
70 0.411178838612545
65 0.385176030526349
60 0.358091558241098
60 0.458368807893266

# pim_cut_35sig | pim_cut_35sig |  |  | 775
60 0.46672524536428
65 0.493774614934138
70 0.519746242253372
75 0.544654802058742
80 0.568523963831434
85 0.591365571817376
90 0.61311953473782
95 0.633711642212469
100 0.653072152399934
105 0.671282487321472
110 0.6890173651756
115 0.706776699833126
120 0.723764322662163
125 0.738860332725915
130 0.750944919074835
135 0.76197406515508
140 0.774590645125571
145 0.786535636580079
150 0.797959594581868
155 0.808912046310489
160 0.818650139468912
165 0.827987506486054
170 0.837417755042011
175 0.846323665071456
180 0.854747439826611
185 0.863427838883201
190 0.870920883010419
195 0.877656754290141
200 0.884233379723559
205 0.890469140077912
210 0.897031189894774
215 0.903861890454759
220 0.910485448041078
225 0.916974314922761
230 0.923109066067861
235 0.928192837091274
240 0.933116044400473
245 0.938008340396084
250 0.942294827260153
255 0.946867109421038
260 0.951214832198784
265 0.954897921339456
270 0.959682361067433
275 0.964182458926085
280 0.966003479517068
285 0.969973852411792
290 0.972176723741498
295 0.973292076583163
300 0.975498446546851
305 0.977563570978254
310 0.979586037029101
315 0.98178915944623
320 0.983867355968172
325 0.985264937888686
330 0.986396265990388
335 0.987984194949306
340 0.989819080091101
345 0.991985208080212
350 0.99441763498192
355 0.996573157988803
360 0.998596043444804
365 1.00025652242848
370 1.00181790109239
375 1.0036708280813
380 1.00534088340742
385 1.00697026027101
390 1.00836996778535
395 1.00898092091018
400 1.00986228290267
405 1.01107782247686
410 1.01185247862664
415 1.0132501069066
420 1.01528495355121
425 1.01665745286867
430 1.01793558636516
435 1.01938625630624
440 1.02033373585112
445 1.02116233953557
450 1.02231904006348
455 1.02334284142933
460 1.02404420413467
465 1.02494871370809
470 1.02565059801857
475 1.02587983888647
480 1.02644846514214
485 1.0270594190502
490 1.02755648994729
495 1.02862853145927
500 1.03005761198863
505 1.03061105122714
510 1.03079104993171
515 1.031641163699
520 1.03226263633307
525 1.03217142514784
530 1.03228088944266
535 1.03279277822362
540 1.03311751890893
545 1.03352727546376
550 1.03428922998229
555 1.03504119895472
560 1.03570789452878
565 1.03654533364171
570 1.03660773278765
575 1.03651128979583
580 1.03710393524926
585 1.03717638091725
590 1.0377593768847
595 1.03834516066525
600 1.0378079616858
605 1.03706026550494
610 1.03747264395006
615 1.03814059327937
620 1.03895907550337
625 1.03983995447084
630 1.04018188655235
635 1.03999983999317
640 1.04057693135244
645 1.04142524182864
650 1.04188002076592
655 1.04192614160952
660 1.04206824012211
665 1.04237746326094
670 1.04236671638173
675 1.04266999491235
680 1.04293988004435
685 1.04295735418121
690 1.04331692385937
695 1.0439203781281
700 1.04408967478314
705 1.04385406948041
710 1.04331343927212
715 1.04358144453647
720 1.04376001682237
725 1.04352890193089
730 1.04343029752456
735 1.04336282568946
740 1.04311946136022
745 1.04305997588478
750 1.04348691043515
755 1.04391214295941
760 1.04384754797477
765 1.0436179750215
770 1.04366380622701
775 1.04416140325971
780 1.04475754807183
785 1.0450226692854
790 1.04510669931433
795 1.04518290746935
800 1.04522064839571
805 1.04524842566071
810 1.04539870878955
815 1.04562962928548
820 1.04589931643431
825 1.04616589738085
830 1.04638749720221
835 1.04652223897835
840 1.04652824385971
845 1.04653051643906
850 1.04665086052225
855 1.04673701053601
860 1.04679154939759
865 1.04685983258273
870 1.04697289254505
875 1.04710383885026
880 1.04721118403048
885 1.04732966681971
890 1.04748526575697
895 1.04769143874015
900 1.04790233854923
905 1.04804581992014
910 1.04813119809487
915 1.04826172319584
920 1.04822871692891
925 1.04809340157165
930 1.04805905404208
935 1.04811084489915
940 1.04823394369746
945 1.04841351901792
950 1.04863473849719
955 1.04888276885623
960 1.04914277592773
965 1.04939992468272
970 1.04963937925611
975 1.04984630297152
980 1.05000585836509
985 1.05010320720864
990 1.05012351053193
995 1.05005192864422
1000 1.04987362115511
1005 1.0497624856576
1010 1.04980110209208
1015 1.04986011938361
1020 1.04992707839316
1025 1.04995004798326
1030 1.04999493194914
1035 1.05006373942455
1040 1.0501100705547
1045 1.05015280986147
1050 1.05022089717022
1055 1.05027912752375
1060 1.05029401556736
1065 1.05029799718892
1070 1.05034022433992
1075 1.0504156168033
1080 1.05051328838784
1085 1.05062339099182
1090 1.05072729291014
1095 1.05085028318795
1100 1.05097460316283
1105 1.05109967245684
1110 1.05119303838943
1115 1.05123886879635
1120 1.05129091240067
1125 1.05135329258797
1130 1.05139504377164
1135 1.05142826697093
1140 1.05144201373988
1145 1.05145572161036
1150 1.05149116989723
1155 1.0515096192789
1160 1.0515345271247
1165 1.05158998856757
1170 1.05164568076802
1175 1.05170154483034
1180 1.05175752159439
1185 1.05181355164215
1190 1.05186957530402
1195 1.05192553266502
1200 1.05198136357072
1205 1.05203700763307
1210 1.05209240423604
1215 1.05214749254113
1220 1.05220221149267
1225 1.05225649982303
1230 1.05231029605765
1235 1.05236353851995
1240 1.05241616533612
1245 1.05246811443972
1250 1.05251932357622
1255 1.05256973270489
1260 1.05261929119555
1265 1.05266795064026
1270 1.05271566245984
1275 1.05276241130093
1280 1.05280831521917
1285 1.05285352550359
1290 1.05289819328709
1295 1.05294243931476
1300 1.0529862632414
1305 1.05302963434076
1310 1.0530725217441
1315 1.05311490254485
1320 1.05315678610632
1325 1.05319818976013
1330 1.05323913070762
1335 1.05327962385193
1340 1.05331967528845
1345 1.05335928881984
1350 1.05339846812956
1355 1.05343721736607
1360 1.05347554289038
1365 1.05351345153348
1370 1.05355095001708
1375 1.05358804480012
1380 1.05362474161345
1385 1.05366104592963
1390 1.05369696312097
1395 1.05373249850338
1400 1.05376765746373
1405 1.05380244533658
1410 1.05383686736437
1415 1.05387092868818
1420 1.05390463431599
1425 1.05393798915808
1430 1.05397099804004
1435 1.05400366570745
1440 1.05403599683662
1445 1.05406799602724
1450 1.05409966780097
1455 1.05413101660226
1460 1.05416204679746
1465 1.05419276267872
1470 1.0542231684663
1475 1.05425326831022
1480 1.05428306629226
1485 1.05431256642675
1490 1.05434177266166
1495 1.05437068887984
1500 1.05439931890017
1505 1.05442766647893
1510 1.05445573531113
1515 1.05448352903167
1520 1.0545110512166
1525 1.05453830538417
1530 1.05456529499598
1535 1.054592023458
1540 1.05461849412168
1545 1.054644710285
1550 1.05467067519344
1555 1.05469639204104
1560 1.05472186397135
1565 1.05474709407838
1570 1.05477208540753
1575 1.05479684095651
1580 1.0548213636762
1585 1.05484565647159
1590 1.05486972220256
1595 1.05489356368476
1600 1.05491718369042
1605 1.05494058494913
1610 1.05496377014864
1615 1.05498674193563
1620 1.05500950291646
1625 1.05503205565787
1630 1.05505440268776
1635 1.05507654649581
1640 1.05509848953427
1645 1.05512023421853
1650 1.05514178292787
1655 1.05516313800605
1660 1.05518430176194
1665 1.0552052764702
1670 1.0552260643718
1675 1.0552466676747
1680 1.05526708855436
1685 1.05528732915435
1690 1.05530739158692
1695 1.0553272779335
1700 1.05534699024529
1705 1.05536653054374
1710 1.05538590082109
1715 1.05540510304087
1720 1.05542413913839
1725 1.05544301102123
1730 1.05546172056972
1735 1.05548026963739
1740 1.05549866005142
1745 1.05551689361312
1750 1.05553497209834
1755 1.05555289725791
1760 1.05557067081806
1765 1.05558829448084
1770 1.0556057699245
1775 1.05562309880391
1780 1.05564028275096
1785 1.05565732337491
1790 1.05567422226278
1795 1.05569098097972
1800 1.05570760106938
1805 1.05572408405422
1810 1.05574043143592
1815 1.05575664469568
1820 1.05577272529454
1825 1.05578867467375
1830 1.05580449425506
1835 1.05582018544105
1840 1.05583574961543
1845 1.05585118814335
1850 1.05586650237168
1855 1.05588169362933
1860 1.05589676322753
1865 1.05591171246008
1870 1.05592654260367
1875 1.05594125491813
1880 1.05595585064669
1885 1.05597033101624
1890 1.05598469723763
1895 1.05599895050585
1900 1.05601309200032
1905 1.05602712288515
1910 1.05604104430933
1915 1.056054857407
1920 1.05606856329767
1925 1.05608216308644
1930 1.05609565786422
1935 1.05610904870796
1940 1.05612233668087
1945 1.0561355228326
1950 1.05614860819946
1955 1.05616159380464
1960 1.05617448065838
1965 1.05618726975821
1970 1.05619996208907
1975 1.05621255862357
1980 1.05622506032214
1985 1.05623746813322
1990 1.05624978299344
1990 0.930584943938605
1985 0.930572629078391
1980 0.930560221267311
1975 0.930547719568739
1970 0.930535123034237
1965 0.930522430703376
1960 0.930509641603553
1955 0.930496754749807
1950 0.930483769144628
1945 0.930470683777768
1940 0.930457497626043
1935 0.930444209653134
1930 0.930430818809388
1925 0.930417324031607
1920 0.93040372424284
1915 0.930390018352172
1910 0.930376205254501
1905 0.930362283830319
1900 0.930348252945491
1895 0.930334111451015
1890 0.930319858182799
1885 0.930305491961414
1880 0.930291011591856
1875 0.930276415863299
1870 0.930261703548841
1865 0.930246873405249
1860 0.930231924172697
1855 0.930216854574501
1850 0.930201663316847
1845 0.930186349088515
1840 0.9301709105606
1835 0.93015534638622
1830 0.930139655200228
1825 0.930123835618916
1820 0.930107886239706
1815 0.930091805640846
1810 0.930075592381093
1805 0.930059244999391
1800 0.930042762014547
1795 0.930026141924894
1790 0.930009383207951
1785 0.929992484320082
1780 0.929975443696134
1775 0.929958259749084
1770 0.929940930869669
1765 0.92992345542601
1760 0.929905831763234
1755 0.929888058203081
1750 0.929870133043509
1745 0.929852054558288
1740 0.929833820996588
1735 0.929815430582557
1730 0.929796881514893
1725 0.929778171966403
1720 0.929759300083557
1715 0.929740263986035
1710 0.929721061766256
1705 0.929701691488907
1700 0.92968215119046
1695 0.929662438878672
1690 0.929642552532088
1685 0.92962249009952
1680 0.929602249499525
1675 0.929581828619868
1670 0.929561225316973
1665 0.929540437415369
1660 0.929519462707114
1655 0.929498298951217
1650 0.929476943873042
1645 0.929455395163701
1640 0.929433650479435
1635 0.929411707440981
1630 0.929389563632925
1625 0.929367216603044
1620 0.929344663861631
1615 0.929321902880804
1610 0.929298931093809
1605 0.929275745894296
1600 0.929252344635589
1595 0.929228724629933
1590 0.929204883147731
1585 0.929180817416761
1580 0.929156524621373
1575 0.929132001901676
1570 0.929107246352702
1565 0.92908225502355
1560 0.929057024916517
1555 0.929031552986205
1550 0.929005836138607
1545 0.928979871230178
1540 0.928953655066876
1535 0.92892718440319
1530 0.928900455941148
1525 0.928873466329298
1520 0.928846212161683
1515 0.928818689976756
1510 0.928790896256296
1505 0.92876282742427
1500 0.928734479845656
1495 0.928705849825318
1490 0.928676933606825
1485 0.92864772737128
1480 0.928618227236229
1475 0.928588429254227
1470 0.928558329411473
1465 0.928527923626277
1460 0.928497207747106
1455 0.928466177551762
1450 0.928434828746142
1445 0.92840315696349
1440 0.928371157765074
1435 0.92833882663646
1430 0.928306158985207
1425 0.928273150136539
1420 0.928239795323554
1415 0.928206089693659
1410 0.928172028309544
1405 0.928137606157518
1400 0.928102818176039
1395 0.92806765922349
1390 0.928032124066143
1385 0.927996207338434
1380 0.927959903427665
1375 0.927923206585228
1370 0.927886110962248
1365 0.92784861074835
1360 0.92781070059222
1355 0.927772375176541
1350 0.927733629074725
1345 0.927694456222562
1340 0.927654848337895
1335 0.927614796495966
1330 0.927574291652785
1325 0.927533326605369
1320 0.927491901877703
1315 0.927450019829264
1310 0.927407682689265
1305 0.927364885228093
1300 0.927321592777448
1295 0.927277763204087
1290 0.927233354232262
1285 0.927188350780029
1280 0.927142846974608
1275 0.927096964130226
1270 0.927050823405007
1265 0.927004511487941
1260 0.926957977666961
1255 0.926911136753302
1250 0.926863903386967
1245 0.926816197332274
1240 0.926767959372488
1235 0.926719135406762
1230 0.92666967114615
1225 0.926619512109098
1220 0.926568603616803
1215 0.92651689078844
1210 0.926464318536264
1205 0.926410831560561
1200 0.926356374344467
1195 0.926300891148626
1190 0.926244326005708
1185 0.926186622714762
1180 0.926127724835403
1175 0.926067575681841
1170 0.926006118316722
1165 0.925943295544802
1160 0.925879049906426
1155 0.925785676986613
1150 0.92567225564064
1145 0.925580688486468
1140 0.925472588602837
1135 0.925340620190005
1130 0.925239916954664
1125 0.925126401249544
1120 0.92502356790952
1115 0.92492188437537
1110 0.924820859542443
1105 0.92477342330992
1100 0.924745751377591
1095 0.924709287481192
1090 0.924674993595314
1085 0.924603926586412
1080 0.924551188748476
1075 0.924488734730416
1070 0.924409250230992
1065 0.924307874770825
1060 0.924160622826104
1055 0.923989406986234
1050 0.923847988863302
1045 0.923739135400091
1040 0.923607170127669
1035 0.923464745405158
1030 0.923343821088941
1025 0.923209989328168
1020 0.923057685833055
1015 0.92294426819688
1010 0.92281396321149
1005 0.922652323597596
1000 0.922295261527917
995 0.921863091987842
990 0.921559756901156
985 0.921366794048342
980 0.921265740510215
975 0.921238132647093
970 0.921265506077248
965 0.921329395654598
960 0.921411335445626
955 0.921492858705481
950 0.921555497853237
945 0.921580784446263
940 0.921550249153694
935 0.921445421728933
930 0.921247830981172
925 0.920939004745873
920 0.920500469854181
915 0.92016489305151
910 0.920059530186267
905 0.919921286815757
900 0.919803402920834
895 0.919751036458458
890 0.919687023395826
885 0.919579702531757
880 0.919439724860571
875 0.919273607687291
870 0.919121213268958
865 0.918955400459002
860 0.918736494540567
855 0.918512790716574
850 0.918305121474581
845 0.918105167992032
840 0.917929205674506
835 0.917765743669456
830 0.91760216217556
825 0.91743767195678
820 0.91727148184759
815 0.917102798685275
810 0.916930827239451
805 0.916754770138708
800 0.916573827794207
795 0.916385152823414
790 0.91609501148776
785 0.9157509862302
780 0.915607541280718
775 0.915649561789476
770 0.915581324338947
765 0.915248258441075
760 0.914642179255202
755 0.914193080423641
750 0.914144266181183
745 0.914094544360745
740 0.913642719364382
735 0.913036281528487
730 0.912561159611996
725 0.912065338313985
720 0.911458138660425
715 0.911177504459935
710 0.910918812998986
705 0.909838120491054
700 0.909060721432686
695 0.908829069462805
690 0.908892267813225
685 0.908718856925529
680 0.908460198579818
675 0.908339313588685
670 0.907984427602257
665 0.90738697381862
660 0.906899846623447
655 0.905641923658624
650 0.904767383148629
645 0.904596480307173
640 0.904799026160393
635 0.904923942582454
630 0.904288561683352
625 0.903919153570399
620 0.904035550182359
615 0.90438791975598
610 0.904796838136612
605 0.904396223205863
600 0.902552526606733
595 0.90101458886771
590 0.901080065619821
585 0.901474373796226
580 0.900777061878566
575 0.900465911740806
570 0.899052824764436
565 0.897666593301571
560 0.897049596897091
555 0.896539797828503
550 0.896100734713661
545 0.895791322699363
540 0.895150775866415
535 0.894958863492968
530 0.894794247790139
525 0.893875673939205
520 0.892831115474747
515 0.892470042469423
510 0.892126299654207
505 0.890624728177258
500 0.889298736217938
495 0.888975708662752
490 0.88815425069321
485 0.887106355111274
480 0.886303675215877
475 0.885377416783446
470 0.88423950869582
465 0.883393753858279
460 0.882376720794306
455 0.881175412339082
450 0.880282227432336
445 0.879492449832014
440 0.878552540512757
435 0.877662767034219
430 0.876997908349635
425 0.876107752012446
420 0.875163619076291
415 0.874618701516713
410 0.873567216991304
405 0.871915414370767
400 0.870596133134801
395 0.868989469936666
390 0.867097396746737
385 0.865870886829324
380 0.864811636475995
375 0.863721311203235
370 0.862774992578616
365 0.861507380032705
360 0.859900233473559
355 0.85838724501365
350 0.856994007546685
345 0.855549457767722
340 0.85368479293263
335 0.8516786917394
330 0.849477384698463
325 0.84676763553628
320 0.844269163063137
315 0.842125669299582
310 0.839747532778702
305 0.83695988838698
300 0.834026135822539
295 0.830968794643997
290 0.827512732596152
285 0.824430865431581
280 0.821863713583764
275 0.818230620704415
270 0.815303408608398
265 0.812167384944779
260 0.808426412312026
255 0.805156426212161
250 0.801794771440511
245 0.797921442651747
240 0.794217943488862
235 0.790165791930438
230 0.78586166700356
225 0.781891097903443
220 0.777781597660435
215 0.773395988885093
210 0.76866447522218
205 0.763252822173813
200 0.757378580081935
195 0.751233185541156
190 0.744936762407709
185 0.738711023410422
180 0.732030514475654
175 0.724333864614424
170 0.716326209839821
165 0.708036809760359
160 0.698744411283577
155 0.688999120513206
150 0.679379125807032
145 0.668880881727784
140 0.65777984692846
135 0.646006955208844
130 0.634466192585389
125 0.621850176724191
120 0.606727545586379
115 0.589955466713187
110 0.572391197633099
105 0.554641600801244
100 0.536310805096266
95 0.516868220107055
90 0.49624354282536
85 0.474484381911971
80 0.45164281456659
75 0.427761191690264
70 0.402827499870943
65 0.376822293264212
60 0.349735120770084
60 0.46672524536428

# pim_cut_5sig | pim_cut_5sig |  |  | 775
60 0.491794557777322
65 0.51883582672055
70 0.544800258478179
75 0.569703432851987
80 0.593569924388186
85 0.61641154108282
90 0.638164390147633
95 0.658749518377914
100 0.678092441107863
105 0.696276963004378
110 0.71400868679185
115 0.73180982121597
120 0.748843632035546
125 0.763933937583427
130 0.775904646179716
135 0.78682416014356
140 0.799621530453523
145 0.811747369762713
150 0.823369695033619
155 0.83460767326705
160 0.844344224080055
165 0.853691227212988
170 0.863365943299623
175 0.872464336597962
180 0.881043923830388
185 0.890152870770225
190 0.897917480282428
195 0.904747519022066
200 0.911416551075335
205 0.91772977962879
210 0.924538343038901
215 0.931818869362544
220 0.938921987408359
225 0.945920718569758
230 0.952519223010212
235 0.957770061054311
240 0.962879923167247
245 0.968026961341299
250 0.972401982078648
255 0.977233684394369
260 0.981812350745947
265 0.985483036281173
270 0.99062070802294
275 0.995457852830728
280 0.996890572217061
285 1.00116163533612
290 1.0031761504155
295 1.00378992271298
300 1.00581394170206
305 1.00769293153353
310 1.00955143079704
315 1.01171705019194
320 1.01378125444782
325 1.01494293124992
330 1.01573602626723
335 1.01719251706571
340 1.01899071305363
345 1.02122144029003
350 1.02386555514661
355 1.02618442505491
360 1.02831657415293
365 1.02998848151329
370 1.03161281005963
375 1.03366001026945
380 1.03545429346416
385 1.03720584029423
390 1.03864266157934
395 1.03897908897594
400 1.0397050292815
405 1.04089833849959
410 1.04148503469135
415 1.042956836633
420 1.04531095379584
425 1.04677524590929
430 1.04813651736849
435 1.04975557543596
440 1.05071542056649
445 1.05152017304347
450 1.05275549991302
455 1.05380729052009
460 1.05440152199331
465 1.05528191939019
470 1.05595297430202
475 1.05598750076568
480 1.05647949155491
485 1.05704936132283
490 1.05742839835888
495 1.05855413634424
500 1.06022022822521
505 1.06060812045211
510 1.06050492499118
515 1.06146354681962
520 1.06214081937414
525 1.06180622897826
530 1.06174231265391
535 1.06232861709448
540 1.06268182098946
545 1.0630421224847
550 1.063901050397
555 1.06472007062463
560 1.06542038687843
565 1.0663050637146
570 1.06608378450691
575 1.06566387080762
580 1.06631683668583
585 1.06625538244319
590 1.06704780072717
595 1.06777314033616
600 1.06679126920274
605 1.06548827456903
610 1.06590317376722
615 1.06680188046296
620 1.06787125950073
625 1.06896584037808
630 1.06930188473857
635 1.06894467515261
640 1.06967219675073
645 1.0707456907261
650 1.07126130025534
655 1.071129902599
660 1.07103289587182
665 1.07130399671286
670 1.07116292112019
675 1.07145514091028
680 1.0717569546439
685 1.07172274645029
690 1.07212220729783
695 1.07286851569923
700 1.0730244505011
705 1.07257177283528
710 1.07168371633064
715 1.07195371741001
720 1.07211041928565
725 1.07169966556308
730 1.07147368422011
735 1.07128994229538
740 1.07086447750218
745 1.07069542549707
750 1.07120319134672
755 1.07170908493136
760 1.0715344127004
765 1.07112577143159
770 1.07111005234588
775 1.07169965500333
780 1.07243254952707
785 1.0727237442258
790 1.07275206099145
795 1.07278242632205
800 1.07278782423889
805 1.07278278041543
810 1.07292754055029
815 1.07317109298552
820 1.07346242384575
825 1.07375051711457
830 1.07398435470793
835 1.07411291654455
840 1.07408518061369
845 1.07405023396342
850 1.0741535188896
855 1.07421362906875
860 1.07423191829552
865 1.07426792518067
870 1.07436968096136
875 1.07449603124232
880 1.07459078242403
885 1.07470465916713
890 1.07487060340579
895 1.07510723922908
900 1.0753521104696
905 1.07550107701394
910 1.07557512693243
915 1.07571104394105
920 1.07559905558779
925 1.07534077232003
930 1.07523288755513
935 1.07525343557848
940 1.07538044967113
945 1.07559196214042
950 1.07586600434947
955 1.07618060674567
960 1.07651379888818
965 1.07684360947446
970 1.07714806636587
975 1.07740519661247
980 1.07759302647685
985 1.07768958145727
990 1.07767288630995
995 1.07752096507059
1000 1.07721184107523
1005 1.0770003775276
1010 1.07701263185221
1015 1.07705637320933
1020 1.0771133767989
1025 1.07710863198078
1030 1.0771344557049
1035 1.07719209528584
1040 1.07721783493192
1045 1.07724145438891
1050 1.07730080609314
1055 1.07734121049607
1060 1.0773225997262
1065 1.07729588056423
1070 1.07732543307755
1075 1.07739994867607
1080 1.07750516688199
1085 1.07762756193583
1090 1.07773849990617
1095 1.07788049655368
1100 1.0780236428311
1105 1.07816958298832
1110 1.07827279099949
1115 1.07830679402941
1120 1.07834820050591
1125 1.07840191216048
1130 1.07842828523242
1135 1.07844704842399
1140 1.07843546198353
1145 1.07842894299405
1150 1.07845236580935
1155 1.07845046405582
1160 1.07846070081433
1165 1.07851427992959
1170 1.07856844415044
1175 1.07862310964788
1180 1.07867819232846
1185 1.07873360784087
1190 1.07878927158223
1195 1.07884509870425
1200 1.0789010041192
1205 1.07895690250575
1210 1.07901270831457
1215 1.07906833577385
1220 1.07912369889465
1225 1.07917871147601
1230 1.07923328711011
1235 1.07928733918707
1240 1.07934078089976
1245 1.07939352524846
1250 1.07944548504535
1255 1.07949657469451
1260 1.0795467155231
1265 1.07959583045861
1270 1.0796438422573
1275 1.07969072140894
1280 1.07973662984301
1285 1.07978177723006
1290 1.07982637308456
1295 1.07987058419562
1300 1.07991440691224
1305 1.0799577948649
1310 1.08000070154156
1315 1.08004309169819
1320 1.08008497558389
1325 1.08012637472186
1330 1.08016731050508
1335 1.0802078011425
1340 1.08024785249213
1345 1.08028746723354
1350 1.08032664792702
1355 1.08036539783526
1360 1.08040372338285
1365 1.08044163170172
1370 1.08047912981454
1375 1.08051622441759
1380 1.08055292122469
1385 1.08058922562775
1390 1.08062514291844
1395 1.08066067834907
1400 1.08069583731109
1405 1.08073062516066
1410 1.08076504716184
1415 1.08079910847273
1420 1.08083281410008
1425 1.08086616894841
1430 1.0808991778375
1435 1.08093184550838
1440 1.08096417663767
1445 1.08099617582662
1450 1.08102784759844
1455 1.0810591963988
1460 1.08109022659396
1465 1.08112094247567
1470 1.08115134826377
1475 1.08118144810793
1480 1.08121124608998
1485 1.08124074622435
1490 1.08126995245912
1495 1.08129886867724
1500 1.08132749869756
1505 1.08135584627636
1510 1.08138391510859
1515 1.08141170882915
1520 1.08143923101408
1525 1.08146648518165
1530 1.08149347479344
1535 1.08152020325546
1540 1.08154667391914
1545 1.08157289008246
1550 1.0815988549909
1555 1.08162457183851
1560 1.08165004376882
1565 1.08167527387585
1570 1.081700265205
1575 1.08172502075397
1580 1.08174954347367
1585 1.08177383626905
1590 1.08179790200003
1595 1.08182174348223
1600 1.08184536348788
1605 1.08186876474659
1610 1.0818919499461
1615 1.0819149217331
1620 1.08193768271392
1625 1.08196023545534
1630 1.08198258248522
1635 1.08200472629328
1640 1.08202666933173
1645 1.082048414016
1650 1.08206996272534
1655 1.08209131780351
1660 1.08211248155941
1665 1.08213345626766
1670 1.08215424416927
1675 1.08217484747216
1680 1.08219526835182
1685 1.08221550895181
1690 1.08223557138438
1695 1.08225545773097
1700 1.08227517004275
1705 1.0822947103412
1710 1.08231408061855
1715 1.08233328283833
1720 1.08235231893585
1725 1.0823711908187
1730 1.08238990036719
1735 1.08240844943485
1740 1.08242683984888
1745 1.08244507341058
1750 1.0824631518958
1755 1.08248107705538
1760 1.08249885061553
1765 1.0825164742783
1770 1.08253394972196
1775 1.08255127860138
1780 1.08256846254843
1785 1.08258550317238
1790 1.08260240206025
1795 1.08261916077719
1800 1.08263578086684
1805 1.08265226385169
1810 1.08266861123339
1815 1.08268482449314
1820 1.082700905092
1825 1.08271685447121
1830 1.08273267405252
1835 1.08274836523851
1840 1.08276392941289
1845 1.08277936794081
1850 1.08279468216914
1855 1.0828098734268
1860 1.08282494302499
1865 1.08283989225754
1870 1.08285472240114
1875 1.08286943471559
1880 1.08288403044415
1885 1.08289851081371
1890 1.08291287703509
1895 1.08292713030331
1900 1.08294127179779
1905 1.08295530268261
1910 1.08296922410679
1915 1.08298303720447
1920 1.08299674309513
1925 1.0830103428839
1930 1.08302383766168
1935 1.08303722850543
1940 1.08305051647834
1945 1.08306370263006
1950 1.08307678799692
1955 1.0830897736021
1960 1.08310266045585
1965 1.08311544955567
1970 1.08312814188653
1975 1.08314073842103
1980 1.08315324011961
1985 1.08316564793069
1990 1.0831779627909
1990 0.903656764141141
1985 0.903644449280927
1980 0.903632041469847
1975 0.903619539771275
1970 0.903606943236773
1965 0.903594250905912
1960 0.903581461806089
1955 0.903568574952343
1950 0.903555589347165
1945 0.903542503980304
1940 0.903529317828579
1935 0.90351602985567
1930 0.903502639011924
1925 0.903489144234143
1920 0.903475544445377
1915 0.903461838554708
1910 0.903448025457037
1905 0.903434104032856
1900 0.903420073148027
1895 0.903405931653552
1890 0.903391678385335
1885 0.90337731216395
1880 0.903362831794392
1875 0.903348236065835
1870 0.903333523751377
1865 0.903318693607785
1860 0.903303744375233
1855 0.903288674777037
1850 0.903273483519383
1845 0.903258169291052
1840 0.903242730763136
1835 0.903227166588756
1830 0.903211475402764
1825 0.903195655821452
1820 0.903179706442242
1815 0.903163625843382
1810 0.903147412583629
1805 0.903131065201928
1800 0.903114582217084
1795 0.90309796212743
1790 0.903081203410488
1785 0.903064304522618
1780 0.90304726389867
1775 0.903030079951621
1770 0.903012751072205
1765 0.902995275628547
1760 0.902977651965771
1755 0.902959878405617
1750 0.902941953246045
1745 0.902923874760824
1740 0.902905641199124
1735 0.902887250785093
1730 0.90286870171743
1725 0.902849992168939
1720 0.902831120286094
1715 0.902812084188571
1710 0.902792881968792
1705 0.902773511691443
1700 0.902753971392996
1695 0.902734259081209
1690 0.902714372734625
1685 0.902694310302057
1680 0.902674069702062
1675 0.902653648822404
1670 0.90263304551951
1665 0.902612257617905
1660 0.90259128290965
1655 0.902570119153753
1650 0.902548764075578
1645 0.902527215366237
1640 0.902505470681972
1635 0.902483527643517
1630 0.902461383835462
1625 0.902439036805581
1620 0.902416484064167
1615 0.90239372308334
1610 0.902370751296345
1605 0.902347566096832
1600 0.902324164838125
1595 0.902300544832469
1590 0.902276703350267
1585 0.902252637619297
1580 0.902228344823909
1575 0.902203822104213
1570 0.902179066555239
1565 0.902154075226086
1560 0.902128845119052
1555 0.90210337318874
1550 0.902077656341143
1545 0.902051691432717
1540 0.902025475269417
1535 0.901999004605731
1530 0.901972276143684
1525 0.901945286531825
1520 0.901918032364201
1515 0.901890510179275
1510 0.901862716458832
1505 0.901834647626843
1500 0.901806300048261
1495 0.901777670027921
1490 0.901748753809361
1485 0.901719547573679
1480 0.901690047438508
1475 0.901660249456515
1470 0.90163014961401
1465 0.901599743829326
1460 0.901569027950602
1455 0.901537997755226
1450 0.901506648948678
1445 0.901474977164116
1440 0.901442977964028
1435 0.901410646835534
1430 0.901377979187743
1425 0.901344970346208
1420 0.90131161553946
1415 0.901277909909118
1410 0.90124384851208
1405 0.901209426333434
1400 0.901174638328677
1395 0.901139479377799
1390 0.901103944268679
1385 0.90106802764032
1380 0.901031723816426
1375 0.900995026967751
1370 0.900957931164784
1365 0.900920430580108
1360 0.900882520099756
1355 0.900844194707355
1350 0.900805449277261
1345 0.90076627780886
1340 0.900726671134206
1335 0.900686619205402
1330 0.900646111855321
1325 0.900605141643635
1320 0.900563712400142
1315 0.900521830675925
1310 0.900479502891801
1305 0.900436724703951
1300 0.900393449106602
1295 0.900349618323228
1290 0.900305174434798
1285 0.900260099053552
1280 0.900214532350773
1275 0.900168654022218
1270 0.900122643607543
1265 0.900076631669588
1260 0.900030553339407
1255 0.899984294763676
1250 0.89993774191784
1245 0.899890786523535
1240 0.899843343808852
1235 0.899795334739649
1230 0.899746680093686
1225 0.899697300456113
1220 0.89964711621483
1215 0.89959604755572
1210 0.899544014457739
1205 0.899490936687881
1200 0.899436733795984
1195 0.899381325109398
1190 0.899324629727498
1185 0.899266566516037
1180 0.899207054101335
1175 0.899146010864305
1170 0.899083354934301
1165 0.899019004182781
1160 0.898952876216795
1155 0.898844832209693
1150 0.898711059728514
1145 0.898607467102777
1140 0.898479140359185
1135 0.898321838736949
1130 0.898206675493884
1125 0.898077781677025
1120 0.897966279804274
1115 0.897853959142304
1110 0.897741106932374
1105 0.897703512778437
1100 0.897696711709325
1095 0.897679074115459
1090 0.89766378659928
1085 0.897599755642397
1080 0.897559310254326
1075 0.897504402857655
1070 0.897424041493365
1065 0.897309991395518
1060 0.897132038667262
1055 0.896927324013909
1050 0.89676807994039
1045 0.896650490872652
1040 0.896499405750447
1035 0.89633638954386
1030 0.896204297333184
1025 0.896051405330648
1020 0.895871387427319
1015 0.895748014371153
1010 0.895602433451363
1005 0.895414431727595
1000 0.894957041607803
995 0.894394055561475
990 0.894010381123133
985 0.893780419799707
980 0.893678572398456
975 0.893679239006145
970 0.893756818967491
965 0.893885710862858
960 0.894040312485174
955 0.894195020816036
950 0.894324232000961
945 0.894402341323765
940 0.894403743180029
935 0.894302831049602
930 0.89407399746812
925 0.893691633997493
920 0.89313013119531
915 0.892715572306297
910 0.892615601348709
905 0.89246602972196
900 0.892353631000464
895 0.892335235969524
890 0.892301685747009
885 0.892204710184338
880 0.892060126467019
875 0.891881415295227
870 0.891724424852651
865 0.891547307861062
860 0.891296125642633
855 0.891036172183837
850 0.890802463107224
845 0.89058545046767
840 0.890372268920533
835 0.890175066103264
830 0.890005304669848
825 0.889853052223051
820 0.88970837443615
815 0.889561334985231
810 0.889401995478715
805 0.889220415383992
800 0.889006651951028
795 0.888785633970713
790 0.888449649810638
785 0.8880499112898
780 0.88793253982548
775 0.888111310045854
770 0.888135078220076
765 0.887740462030984
760 0.88695531452958
755 0.88639613845169
750 0.886427985269618
745 0.886459094748452
740 0.885897703222418
735 0.885109164922566
730 0.884517772916446
725 0.883894574681791
720 0.883107736197151
715 0.882805231586392
710 0.882548535940459
705 0.88112041713619
700 0.880125945714731
695 0.879880931891671
690 0.880086984374765
685 0.879953464656454
680 0.879643123980274
675 0.879554167590756
670 0.879188222863799
665 0.878460440366694
660 0.877935190873734
655 0.876438162669146
650 0.875386103659209
645 0.875276031409715
640 0.875703760762098
635 0.875979107423016
630 0.875168563497138
625 0.874793267663162
620 0.875123366185
615 0.875726632572396
610 0.876366308319446
605 0.875968214141775
600 0.87356921908979
595 0.871586609196808
590 0.871791641777347
585 0.872395372270291
580 0.871564160441989
575 0.871313330729016
570 0.869576773045176
565 0.867906863228685
560 0.867337104547443
555 0.866860926158599
550 0.866488914298954
545 0.866276475678421
540 0.865586473785877
535 0.865423024622114
530 0.865332824578885
525 0.864240870108783
520 0.862952932433678
515 0.862647659348799
510 0.862412424594742
505 0.860627658952283
500 0.85913611998136
495 0.859050103777784
490 0.858282342281622
485 0.857116412838646
480 0.856272648803106
475 0.855269754904227
470 0.853937132412373
465 0.853060548176178
460 0.852019402935658
455 0.850710963248316
450 0.849845767582804
445 0.849134616324109
440 0.848170855797392
435 0.8472934479045
430 0.846796977346308
425 0.845989958971826
420 0.845137618831665
415 0.84491197179031
410 0.843934660926589
405 0.842094898348034
400 0.840753386755971
395 0.838991301870913
390 0.836824702952748
385 0.835635306806105
380 0.834698226419261
375 0.833732129015079
370 0.832980083611377
365 0.831775420947896
360 0.830179702765436
355 0.828775977947545
350 0.827546087381992
345 0.826313225557903
340 0.824513159970101
335 0.822470369622991
330 0.820137624421623
325 0.81708964217505
320 0.814355264583486
315 0.812197778553871
310 0.80978213901076
305 0.806830527831707
300 0.803710640667329
295 0.800470948514175
290 0.79651330592215
285 0.79324308250725
280 0.790976620883771
275 0.786955226799772
270 0.78436506165289
265 0.781582270003062
260 0.777828893764864
255 0.77478985123883
250 0.771687616622016
245 0.767902821706532
240 0.764454064722088
235 0.760588567967402
230 0.756451510061209
225 0.752944694256446
220 0.749345058293154
215 0.745439009977308
210 0.741157322078053
205 0.735992182622935
200 0.730195408730158
195 0.72414242080923
190 0.717940165135699
185 0.711985991523398
180 0.705734030471878
175 0.698193193087917
170 0.690378021582209
165 0.682333089033424
160 0.673050326672434
155 0.663303493556646
150 0.653969025355281
145 0.643669148545149
140 0.632748961600507
135 0.621156860220365
130 0.609506465480508
125 0.596776571866679
120 0.581648236212997
115 0.564922345330343
110 0.547399876016849
105 0.529647125118338
100 0.511290516388337
95 0.491830343941609
90 0.471198687415547
85 0.449438412646527
80 0.426596854009838
75 0.402712560897019
70 0.377773483646137
65 0.351761081477799
60 0.324665808357043
60 0.491794557777322

# ep_cut_1sig | ep_cut_1sig | ep_p | ep_beta | 409
10 1.01621470581801
15 1.01693799515368
20 1.01719151793233
25 1.01730892809658
30 1.01737272379945
35 1.01741119649847
40 1.01789272961277
60 1.01770726431215
70 1.0174917077035
90 1.01727040449562
95 1.01658597376763
100 1.01617631387733
105 1.01590403365856
110 1.01571856791425
115 1.01563147536812
120 1.01553555734481
125 1.01550465945135
130 1.0154708381708
135 1.01535152747284
140 1.01532564713462
145 1.01529544069749
150 1.01528905280478
155 1.01536901687685
160 1.01537421747469
165 1.01536177063933
170 1.01539924963307
175 1.01540156837101
180 1.01537776716318
185 1.0153264936371
190 1.01524745060703
195 1.01519596515255
200 1.01518616871681
205 1.01518101752272
210 1.01527262719149
215 1.01534587298331
220 1.01534876791443
225 1.01533965457334
230 1.01529976443552
235 1.01526746342644
240 1.01517498230754
245 1.01513933200125
250 1.01514637402802
255 1.01512682863735
260 1.01511303667005
265 1.01511275995173
270 1.01514152280154
275 1.01524066295788
280 1.01526275953102
285 1.01525970867934
290 1.01524596992065
295 1.01518859442106
300 1.01511187713685
305 1.01508280071965
310 1.01507481410293
315 1.01510729594418
320 1.01513073916552
325 1.01514106804997
330 1.01520478815018
335 1.01529069357325
340 1.0153757196691
345 1.0154176210016
350 1.01542049777183
355 1.01538205760165
360 1.01532285705041
365 1.01529253380865
370 1.01504491383863
375 1.01559594665202
380 1.01561040267877
385 1.01509614870137
390 1.01518460368027
395 1.01527921635365
400 1.01511895716801
405 1.01491514366673
410 1.01508952771627
420 1.0153814644171
425 1.01552775659661
430 1.01554339086971
435 1.01554701826286
440 1.01534259772139
460 1.01513910912441
465 1.01509964203408
470 1.0151179662317
475 1.0151175497265
480 1.01508946201324
485 1.01505841071727
490 1.0150468965534
495 1.0150029837561
500 1.01494012560529
540 1.01491593425029
545 1.01490873234261
550 1.01491032878424
555 1.01498384109667
560 1.01572378143777
565 1.01576341273062
570 1.01544273339921
575 1.01529754823338
580 1.01492647791183
585 1.01491083274512
590 1.01486882050244
595 1.01484537289431
600 1.01484570349145
605 1.01485472576681
610 1.01485433434374
615 1.01488000927546
620 1.01492151313497
700 1.01495330700676
705 1.01496069705645
710 1.01495762980935
715 1.01495565279093
720 1.01494847386806
725 1.01495924004863
730 1.01525531124075
735 1.01594885500934
740 1.01602118384642
745 1.01585819699298
750 1.01514138744147
755 1.01499364800441
760 1.01500071923873
765 1.01500531452604
770 1.01501146928513
775 1.01502061316398
780 1.0150224952127
785 1.01502438069317
790 1.01502420642093
795 1.01501274917515
800 1.01500703320083
805 1.0149985525449
810 1.01498329817368
815 1.01497929215586
820 1.01497478992992
825 1.01497617699211
830 1.01499339172115
835 1.01500107958927
840 1.01500836558648
845 1.01502107067997
850 1.01502857163191
855 1.01504388824752
860 1.01505158927013
950 1.01505277640841
960 1.01504888383982
970 1.01504888674574
980 1.01504888956315
990 1.01504889229562
1000 1.01504889494653
1010 1.01504889751909
1020 1.01504890001635
1030 1.01504890244123
1040 1.0150489047965
1050 1.0150489070848
1060 1.01504890930864
1070 1.01504891147043
1080 1.01504891357244
1090 1.01504891561686
1100 1.01504891760578
1110 1.01504891954119
1120 1.01504892142499
1130 1.015048923259
1140 1.01504892504495
1150 1.01504892678452
1160 1.0150489284793
1170 1.0150489301308
1180 1.0150489317405
1190 1.01504893330978
1200 1.01504893484
1210 1.01504893633244
1220 1.01504893778832
1230 1.01504893920884
1240 1.01504894059514
1250 1.01504894194829
1260 1.01504894326936
1270 1.01504894455934
1280 1.01504894581921
1290 1.01504894704989
1300 1.01504894825228
1310 1.01504894942724
1320 1.01504895057559
1330 1.01504895169815
1340 1.01504895279566
1350 1.01504895386888
1360 1.0150489549185
1370 1.01504895594523
1380 1.01504895694972
1390 1.01504895793261
1400 1.01504895889451
1410 1.01504895983602
1420 1.0150489607577
1430 1.01504896166012
1440 1.0150489625438
1450 1.01504896340927
1460 1.01504896425701
1470 1.01504896508751
1480 1.01504896590123
1490 1.01504896669862
1500 1.01504896748012
1510 1.01504896824614
1520 1.0150489689971
1530 1.01504896973337
1540 1.01504897045535
1550 1.01504897116341
1560 1.01504897185789
1570 1.01504897253914
1580 1.0150489732075
1590 1.01504897386328
1600 1.01504897450681
1600 0.980918754710107
1590 0.980918754066578
1580 0.980918753410791
1570 0.980918752742434
1560 0.980918752061182
1550 0.980918751366702
1540 0.98091875065865
1530 0.980918749936669
1520 0.980918749200391
1510 0.980918748449438
1500 0.980918747683415
1490 0.980918746901916
1480 0.980918746104524
1470 0.980918745290803
1460 0.980918744460304
1450 0.980918743612563
1440 0.9809187427471
1430 0.980918741863417
1420 0.980918740960999
1410 0.980918740039313
1400 0.980918739097805
1390 0.980918738135904
1380 0.980918737153017
1370 0.980918736148528
1360 0.9809187351218
1350 0.980918734072172
1340 0.980918732998956
1330 0.980918731901442
1320 0.98091873077889
1310 0.980918729630533
1300 0.980918728455574
1290 0.980918727253184
1280 0.980918726022503
1270 0.980918724762636
1260 0.980918723472654
1250 0.980918722151589
1240 0.980918720798434
1230 0.980918719412141
1220 0.980918717991619
1210 0.980918716535732
1200 0.980918715043297
1190 0.980918713513079
1180 0.980918711943793
1170 0.980918710334098
1160 0.980918708682593
1150 0.980918706987818
1140 0.980918705248248
1130 0.980918703462292
1120 0.980918701628284
1110 0.980918699744485
1100 0.980918697809076
1090 0.980918695820156
1080 0.980918693775732
1070 0.980918691673721
1060 0.980918689511939
1050 0.980918687288097
1040 0.980918684999799
1030 0.980918682644528
1020 0.980918680219645
1010 0.980918677722381
1000 0.980918675149824
990 0.980918672498918
980 0.980918669766449
970 0.980918666949035
960 0.980918664043119
950 0.980920414375649
860 0.980917800537947
855 0.980916502488045
850 0.980922278443315
845 0.980932298154858
840 0.980935009771878
835 0.980946133192005
830 0.980955339145152
825 0.980961688296709
820 0.980964563852927
815 0.980967198062391
810 0.980972246520742
805 0.980962626368129
800 0.980952706885269
795 0.980953271995822
790 0.980958413017154
785 0.980948396083669
780 0.980946358724098
775 0.980938887569838
770 0.980936351131517
765 0.980937698219727
760 0.980935376283231
755 0.980921154204294
750 0.980740028105059
745 0.979953185126627
740 0.97977546843236
735 0.979850559758324
730 0.980601808467459
725 0.98092457129885
720 0.980928532090451
715 0.980916581510476
710 0.980897200630609
705 0.980883244647443
700 0.980885463693332
620 0.980903962424474
615 0.980934530386532
610 0.980958966731712
605 0.980948646884327
600 0.980946556282141
595 0.980949014129042
590 0.980948121025188
585 0.980930088882487
580 0.980923677270803
575 0.980502517082984
570 0.980343872037341
565 0.979988303884467
560 0.980033445245907
555 0.980864503456145
550 0.980933377727951
545 0.980929563537523
540 0.98093906831351
500 0.980964165471779
495 0.980967757326818
490 0.98095992156595
485 0.980964669743846
480 0.980991538957797
475 0.980998802518856
470 0.98098812994965
465 0.980985996350257
460 0.98093206782707
440 0.980734677106381
435 0.980531376275636
430 0.980543817040076
425 0.980562053548314
420 0.980666264102908
410 0.980983704569431
405 0.981194344546448
400 0.980880401639024
395 0.980646559907806
390 0.980793516888332
385 0.980997927195102
380 0.980438503417206
375 0.980440758985649
370 0.98092929048225
365 0.980561575651146
360 0.980474644467431
355 0.980380247980701
350 0.980281032669456
345 0.980215901895289
340 0.980170901105122
335 0.980163907163075
330 0.980098541965874
325 0.980047850557786
320 0.979969873779653
315 0.979934714346525
310 0.979924875028416
305 0.979926068377866
300 0.979902992341766
295 0.979872131346556
290 0.979848129330042
285 0.979774725831269
280 0.979748764000273
275 0.979753072054726
270 0.979820180725646
265 0.9798806740217
260 0.979892124212586
255 0.979886652719391
250 0.979805134695009
245 0.979739367958771
240 0.979743826785883
235 0.979767458354604
230 0.979738222282485
225 0.979643203391897
220 0.979538313849023
215 0.979487847755939
210 0.979419552797948
205 0.979373278404948
200 0.97937637979809
195 0.979296554626715
190 0.979174202827619
185 0.979128001817374
180 0.979006646244727
175 0.978867861410037
170 0.978833934847812
165 0.978735096910791
160 0.978681108860978
155 0.978661699168076
150 0.978574495280426
145 0.978480707369172
140 0.978402739686151
135 0.978280470469258
130 0.978139969349723
125 0.978056328580343
120 0.977961821728094
115 0.977789614378189
110 0.977718478452098
105 0.977626892900404
100 0.977437493422829
95 0.977261169738992
90 0.977003156492836
70 0.976905903030791
60 0.976811518369987
40 0.97667875483994
35 0.976825817399953
30 0.976787344700931
25 0.976723548998063
20 0.976606138833813
15 0.976352616055157
10 0.975629326719491
10 1.01621470581801

# ep_cut_25sig | ep_cut_25sig | ep_p | ep_beta | 409
10 1.0466537401419
15 1.04737702947757
20 1.04763055225622
25 1.04774796242047
30 1.04781175812334
35 1.04785023082236
40 1.04880321069239
60 1.04837907376877
70 1.04793106120803
90 1.0474708404977
95 1.0460795767891
100 1.04523042921821
105 1.04461188922717
110 1.04421863501087
115 1.04401287111057
120 1.04371585905734
125 1.04359090760461
130 1.04346898978661
135 1.04315482022552
140 1.04301486456978
145 1.04290649069374
150 1.04276737870215
155 1.04288790692393
160 1.04289404893497
165 1.04281356175471
170 1.0428037790801
175 1.04280184859175
180 1.04265610785203
185 1.0424753625019
190 1.04230238644158
195 1.04212052304693
200 1.04202422912044
205 1.04201488418344
210 1.04211818229443
215 1.04221528192163
220 1.04220660846348
225 1.04211199295943
230 1.0419709210503
235 1.04189246723032
240 1.04172993713266
245 1.04167853615132
250 1.04164571184188
255 1.04155696057582
260 1.04152872101315
265 1.04152925517331
270 1.04163252935845
275 1.04185635613525
280 1.04189432967407
285 1.04187344581539
290 1.0417943503636
295 1.04167594172694
300 1.04151854073316
305 1.04145034997598
310 1.04143317734059
315 1.04146836653746
320 1.04147188282146
325 1.04144614158424
330 1.04149188630379
335 1.04163246145404
340 1.04175298417629
345 1.04178483903429
350 1.04177497591497
355 1.04163341481736
360 1.04145901648765
365 1.04134075242678
370 1.04063163135592
375 1.04196233740179
380 1.04198932712495
385 1.04066981483106
390 1.04097791877423
395 1.04125370868803
400 1.04079787381474
405 1.04020574300695
410 1.04066889507641
420 1.04141786465274
425 1.04174060941483
430 1.04179307124194
435 1.04180874975328
440 1.04129853818264
460 1.04079439009742
465 1.04068487629695
470 1.0407088599261
475 1.04070661013222
480 1.04065424340463
485 1.04061671569626
490 1.04061120049804
495 1.04052940357806
500 1.04041249305401
540 1.04038733805763
545 1.04039151201576
550 1.04039160515137
555 1.04057334432707
560 1.04249153358167
565 1.04259474436523
570 1.0417668794206
575 1.04139382159618
580 1.0404285783926
585 1.04039639064209
590 1.04030934511037
595 1.04026572018158
600 1.04026944693672
605 1.04027920860938
610 1.04027586005277
615 1.04033911844216
620 1.04043467616784
700 1.04050418949183
705 1.04051807561747
710 1.04050238082369
715 1.04048495625127
720 1.04046324640988
725 1.04048524161096
730 1.04124543832071
735 1.04302257644761
740 1.04320526434457
745 1.04278695589274
750 1.04094240694378
755 1.04054043357124
760 1.04054492176627
765 1.04055602675578
770 1.04056700116291
775 1.04057667820116
780 1.04057959757915
785 1.04057749566119
790 1.04057231483968
795 1.04055454066037
800 1.04054777793751
805 1.04052549717748
810 1.0404904608642
815 1.04048498656037
820 1.04048118797767
825 1.04048704351366
830 1.04052193115314
835 1.04054228938721
840 1.04056338244743
845 1.0405876500738
850 1.04060829152336
855 1.04063885195251
860 1.04065086061518
950 1.04065204793298
960 1.04064654868735
970 1.04064655159327
980 1.04064655441068
990 1.04064655714315
1000 1.04064655979406
1010 1.04064656236661
1020 1.04064656486388
1030 1.04064656728876
1040 1.04064656964403
1050 1.04064657193233
1060 1.04064657415617
1070 1.04064657631795
1080 1.04064657841996
1090 1.04064658046439
1100 1.04064658245331
1110 1.04064658438872
1120 1.04064658627252
1130 1.04064658810652
1140 1.04064658989248
1150 1.04064659163205
1160 1.04064659332683
1170 1.04064659497833
1180 1.04064659658803
1190 1.04064659815731
1200 1.04064659968753
1210 1.04064660117996
1220 1.04064660263585
1230 1.04064660405637
1240 1.04064660544267
1250 1.04064660679582
1260 1.04064660811689
1270 1.04064660940687
1280 1.04064661066674
1290 1.04064661189742
1300 1.04064661309981
1310 1.04064661427477
1320 1.04064661542312
1330 1.04064661654567
1340 1.04064661764319
1350 1.0406466187164
1360 1.04064661976603
1370 1.04064662079276
1380 1.04064662179725
1390 1.04064662278014
1400 1.04064662374204
1410 1.04064662468355
1420 1.04064662560523
1430 1.04064662650765
1440 1.04064662739133
1450 1.0406466282568
1460 1.04064662910454
1470 1.04064662993504
1480 1.04064663074876
1490 1.04064663154615
1500 1.04064663232765
1510 1.04064663309367
1520 1.04064663384462
1530 1.0406466345809
1540 1.04064663530288
1550 1.04064663601093
1560 1.04064663670541
1570 1.04064663738667
1580 1.04064663805502
1590 1.04064663871081
1600 1.04064663935434
1600 0.955321089862579
1590 0.95532108921905
1580 0.955321088563263
1570 0.955321087894906
1560 0.955321087213654
1550 0.955321086519174
1540 0.955321085811122
1530 0.955321085089141
1520 0.955321084352863
1510 0.955321083601909
1500 0.955321082835886
1490 0.955321082054388
1480 0.955321081256996
1470 0.955321080443275
1460 0.955321079612776
1450 0.955321078765035
1440 0.955321077899572
1430 0.955321077015889
1420 0.955321076113471
1410 0.955321075191784
1400 0.955321074250277
1390 0.955321073288376
1380 0.955321072305489
1370 0.955321071301
1360 0.955321070274272
1350 0.955321069224644
1340 0.955321068151428
1330 0.955321067053914
1320 0.955321065931362
1310 0.955321064783005
1300 0.955321063608045
1290 0.955321062405656
1280 0.955321061174975
1270 0.955321059915108
1260 0.955321058625126
1250 0.955321057304061
1240 0.955321055950905
1230 0.955321054564612
1220 0.955321053144091
1210 0.955321051688204
1200 0.955321050195769
1190 0.955321048665551
1180 0.955321047096265
1170 0.955321045486569
1160 0.955321043835065
1150 0.95532104214029
1140 0.95532104040072
1130 0.955321038614763
1120 0.955321036780755
1110 0.955321034896957
1100 0.955321032961548
1090 0.955321030972628
1080 0.955321028928204
1070 0.955321026826193
1060 0.95532102466441
1050 0.955321022440569
1040 0.955321020152271
1030 0.955321017797
1020 0.955321015372117
1010 0.955321012874852
1000 0.955321010302296
990 0.95532100765139
980 0.95532100491892
970 0.955321002101507
960 0.955320999195591
950 0.955321142851077
860 0.95531995613167
855 0.955322306269216
850 0.955342558551865
845 0.955365718761027
840 0.955379992910926
835 0.955404923394059
830 0.955426799713156
825 0.955450821775157
820 0.955458838747331
815 0.955460966100309
810 0.955465840854231
805 0.955435681735552
800 0.955411962148597
795 0.955413728770161
790 0.955411953443857
785 0.955393067693303
780 0.955389256357648
775 0.955383034247282
770 0.955381601279046
765 0.955386985989989
760 0.955390610907145
755 0.955370556474197
750 0.954939008602751
745 0.953024426226863
740 0.952591662684065
735 0.952776838320059
730 0.954611681387494
725 0.955398569736515
720 0.95541400460383
715 0.955387278050136
710 0.955352123405002
705 0.955326623499735
700 0.955334581208262
620 0.955390799391604
615 0.955475421219832
610 0.955537441022688
605 0.955524033704613
600 0.955523635452469
595 0.955530201852148
590 0.955507596417252
585 0.955444530985514
580 0.955421576790032
575 0.954406243720184
570 0.954019726015942
565 0.953156972249854
560 0.953265693102007
555 0.955275000225748
550 0.955451280260773
545 0.955447123494294
540 0.955461238423171
500 0.955496168973562
495 0.955441337504856
490 0.955396854015913
485 0.955400175057503
480 0.955438305433347
475 0.955409742113127
470 0.95540095205111
465 0.955400762087389
460 0.955276786854064
440 0.954778736645128
435 0.954269644785215
430 0.954294136667846
425 0.954356365217112
420 0.954629863867265
410 0.955404337209298
405 0.955903745206234
400 0.955201484992287
395 0.954672067573424
390 0.955000201794377
385 0.955424261065404
380 0.95405957897103
375 0.954074368235873
370 0.955342572964964
365 0.954513357033019
360 0.954338485030193
355 0.954128890764989
350 0.953926485564235
345 0.953838715765495
340 0.953811005896103
335 0.953826568518059
330 0.953810295448294
325 0.953734297260734
320 0.953611869904594
315 0.953575089043924
310 0.953569919173
305 0.95355851912153
300 0.953496328745456
295 0.953384784040677
290 0.953299748887088
285 0.953160988695216
280 0.953117917040573
275 0.953137378877359
270 0.953329174168729
265 0.953465734982152
260 0.953476439869488
255 0.953456520780923
250 0.953302030203494
245 0.953194010161964
240 0.953201902999952
235 0.953142454550727
230 0.953067065667707
225 0.952870865005811
220 0.952680473299969
215 0.952625750228295
210 0.95258874277976
205 0.952528339922559
200 0.952531224792233
195 0.952371996732339
190 0.952119266993063
185 0.951979132952578
180 0.951728305555884
175 0.951467581189306
170 0.951431011721875
165 0.95127289769197
160 0.951161277400695
155 0.951158273433668
150 0.951071929565446
145 0.950869657372931
140 0.95071182902174
135 0.950477177716573
130 0.950141817733916
125 0.949970080427087
120 0.949781520015559
115 0.949408218635741
110 0.949218411355482
105 0.94891903733179
100 0.948383378081951
95 0.947767566717517
90 0.946802720490751
70 0.946466549526261
60 0.946139708913366
40 0.945768273760321
35 0.946386783076064
30 0.946348310377041
25 0.946284514674174
20 0.946167104509924
15 0.945913581731268
10 0.945190292395602
10 1.0466537401419

# ep_cut_3sig | ep_cut_3sig | ep_p | ep_beta | 409
10 1.05680008491653
15 1.0575233742522
20 1.05777689703085
25 1.0578943071951
30 1.05795810289797
35 1.05799657559699
40 1.05910670438559
60 1.05860301025431
70 1.05807751237621
90 1.0575376524984
95 1.05591077779626
100 1.05491513433184
105 1.05418117441671
110 1.05371865737641
115 1.05347333635805
120 1.05310929296152
125 1.05295299032236
130 1.05280170699188
135 1.05242258447642
140 1.05224516812458
145 1.05211017402582
150 1.05192682066794
155 1.05206087027296
160 1.0520673260884
165 1.05196762816098
170 1.05193862222911
175 1.05193527533199
180 1.05174888808164
185 1.05152498545683
190 1.05132069838643
195 1.05109537567839
200 1.05097034672477
205 1.05095978102465
210 1.05106670066207
215 1.05117311685116
220 1.05115922197983
225 1.05103610575479
230 1.05086130658856
235 1.05076746849827
240 1.05058158874104
245 1.05052698875026
250 1.05048008000572
255 1.05036700455531
260 1.05033394912751
265 1.0503347535805
270 1.05046286487742
275 1.05072825386104
280 1.05077153984698
285 1.05074469152741
290 1.05064381051125
295 1.05050505749557
300 1.05032076193193
305 1.05023953306143
310 1.05021929841981
315 1.05025539006855
320 1.05025788411314
325 1.05021732601659
330 1.05025425235499
335 1.05041305074764
340 1.05054540567868
345 1.05057572107668
350 1.05055982495004
355 1.0503838672226
360 1.0501710696334
365 1.05002349196615
370 1.04916053719501
375 1.05075113431838
380 1.05078230194034
385 1.04919437020763
390 1.04957569047221
395 1.04991187279949
400 1.04935751269699
405 1.04863594278702
410 1.04919535086312
420 1.05009666473129
425 1.05047822702091
430 1.05054296469935
435 1.05056266025009
440 1.04995051833639
460 1.04934615042175
465 1.04921328771791
470 1.04923915782424
475 1.04923629693413
480 1.04917583720175
485 1.04913782535345
490 1.04913263514625
495 1.04903821018538
500 1.04890328220358
540 1.04887994802108
545 1.04888577190681
550 1.04888563764043
555 1.0491031787372
560 1.05141411762964
565 1.05153852157677
570 1.05054159476107
575 1.05009257938378
580 1.04892927855286
585 1.04889157660775
590 1.04878951997968
595 1.04873916927734
600 1.04874402808515
605 1.04875415793076
610 1.04874970195578
615 1.0488254881644
620 1.04893906384546
700 1.04902115032018
705 1.04903720180447
710 1.04901740656556
715 1.04899472407138
720 1.04896817059048
725 1.04899390879841
730 1.04990881401403
735 1.05204715026036
740 1.05226662451062
745 1.05176320885933
750 1.04954274677788
755 1.04905691241739
760 1.04905965594212
765 1.04907293083236
770 1.04908551178884
775 1.04909536654689
780 1.0490986317013
785 1.04909593845798
790 1.04908835097926
795 1.04906847115544
800 1.0490613595164
805 1.04903447872167
810 1.04899284842771
815 1.04898688469521
820 1.04898332066025
825 1.04899066568751
830 1.04903144429714
835 1.04905602598653
840 1.04908172140108
845 1.04910984320507
850 1.04913486482051
855 1.04917050652083
860 1.04918395106354
950 1.04918513844117
960 1.04917910363653
970 1.04917910654244
980 1.04917910935986
990 1.04917911209233
1000 1.04917911474323
1010 1.04917911731579
1020 1.04917911981305
1030 1.04917912223794
1040 1.04917912459321
1050 1.04917912688151
1060 1.04917912910535
1070 1.04917913126713
1080 1.04917913336914
1090 1.04917913541356
1100 1.04917913740249
1110 1.04917913933789
1120 1.04917914122169
1130 1.0491791430557
1140 1.04917914484166
1150 1.04917914658123
1160 1.049179148276
1170 1.04917914992751
1180 1.0491791515372
1190 1.04917915310649
1200 1.04917915463671
1210 1.04917915612914
1220 1.04917915758503
1230 1.04917915900555
1240 1.04917916039184
1250 1.049179161745
1260 1.04917916306606
1270 1.04917916435604
1280 1.04917916561591
1290 1.04917916684659
1300 1.04917916804898
1310 1.04917916922394
1320 1.0491791703723
1330 1.04917917149485
1340 1.04917917259236
1350 1.04917917366558
1360 1.04917917471521
1370 1.04917917574194
1380 1.04917917674643
1390 1.04917917772931
1400 1.04917917869121
1410 1.04917917963272
1420 1.04917918055441
1430 1.04917918145683
1440 1.04917918234051
1450 1.04917918320597
1460 1.04917918405371
1470 1.04917918488421
1480 1.04917918569793
1490 1.04917918649533
1500 1.04917918727682
1510 1.04917918804285
1520 1.0491791887938
1530 1.04917918953008
1540 1.04917919025206
1550 1.04917919096011
1560 1.04917919165459
1570 1.04917919233584
1580 1.0491791930042
1590 1.04917919365999
1600 1.04917919430352
1600 0.946788534913403
1590 0.946788534269874
1580 0.946788533614087
1570 0.94678853294573
1560 0.946788532264478
1550 0.946788531569998
1540 0.946788530861946
1530 0.946788530139965
1520 0.946788529403687
1510 0.946788528652733
1500 0.94678852788671
1490 0.946788527105212
1480 0.94678852630782
1470 0.946788525494099
1460 0.9467885246636
1450 0.946788523815859
1440 0.946788522950396
1430 0.946788522066713
1420 0.946788521164295
1410 0.946788520242608
1400 0.946788519301101
1390 0.9467885183392
1380 0.946788517356313
1370 0.946788516351824
1360 0.946788515325096
1350 0.946788514275468
1340 0.946788513202252
1330 0.946788512104738
1320 0.946788510982186
1310 0.946788509833829
1300 0.946788508658869
1290 0.946788507456479
1280 0.946788506225799
1270 0.946788504965932
1260 0.94678850367595
1250 0.946788502354885
1240 0.946788501001729
1230 0.946788499615436
1220 0.946788498194914
1210 0.946788496739028
1200 0.946788495246593
1190 0.946788493716375
1180 0.946788492147089
1170 0.946788490537393
1160 0.946788488885888
1150 0.946788487191114
1140 0.946788485451544
1130 0.946788483665587
1120 0.946788481831579
1110 0.94678847994778
1100 0.946788478012372
1090 0.946788476023452
1080 0.946788473979028
1070 0.946788471877017
1060 0.946788469715234
1050 0.946788467491393
1040 0.946788465203095
1030 0.946788462847824
1020 0.946788460422941
1010 0.946788457925676
1000 0.94678845535312
990 0.946788452702214
980 0.946788449969744
970 0.946788447152331
960 0.946788444246415
950 0.946788052342887
860 0.946786865683318
855 0.946790651700887
850 0.946815985254715
845 0.946843525629751
840 0.946861653957275
835 0.946891186794744
830 0.946917286569157
825 0.946947199601307
820 0.946956776094886
815 0.946958888779614
810 0.946963526589117
805 0.94692670019136
800 0.946898380569706
795 0.946900547694941
790 0.946895917304275
785 0.946874624896515
780 0.946870222235499
775 0.946864416473097
770 0.946863301054616
765 0.94687008191341
760 0.946875689115117
755 0.946853690564164
750 0.946338668768648
745 0.944048173260275
740 0.943530302518014
735 0.943752264507304
730 0.945948305694172
725 0.94688990254907
720 0.946909080423226
715 0.946877510230022
710 0.946837097663134
705 0.946807687560405
700 0.946817620379906
620 0.946886411713981
615 0.946989051497599
610 0.94706359911968
605 0.947049162644708
600 0.947049054304043
595 0.947057264426517
590 0.94702742154794
585 0.946949345019856
580 0.946920876629776
575 0.945707485932584
570 0.945245010675476
565 0.944213195038316
560 0.94434310905404
555 0.946745165815616
550 0.946957247771714
545 0.946952976813218
540 0.946968628459725
500 0.94700683680749
495 0.946932530897536
490 0.9468754193677
485 0.946878676828722
480 0.946916711636219
475 0.946880055311217
470 0.946871892751597
465 0.946872350666433
460 0.946725026529729
440 0.946126756491377
435 0.945515734288408
430 0.945544243210437
425 0.945621135773378
420 0.945951063788717
410 0.946877881422587
405 0.947473545426162
400 0.946641846110042
395 0.946013903461964
390 0.946402430096393
385 0.946899705688837
380 0.945266604155637
375 0.945285571319281
370 0.946813667125869
365 0.945830617493644
360 0.945626431884447
355 0.945378438359752
350 0.945141636529162
345 0.945046320388897
340 0.945022658114076
335 0.945045979224461
330 0.9450475466091
325 0.944963112828383
320 0.944825868612908
315 0.94478854727639
310 0.944784368320141
305 0.944769336036085
300 0.944694107546686
295 0.944555668272051
290 0.944450288739437
285 0.944289742983198
280 0.944240432867652
275 0.94426548115157
270 0.944498838649757
265 0.944660755302303
260 0.944671211755122
255 0.944646476801433
250 0.944467662039656
245 0.944345557563029
240 0.944354595071309
235 0.944267453282769
230 0.944176680129447
225 0.94394675221045
220 0.943727859783618
215 0.943669634148718
210 0.943645139440365
205 0.943580027095096
200 0.94358283979028
195 0.94339714410088
190 0.943100955048211
185 0.942929509997645
180 0.94263552532627
175 0.942334154449062
170 0.942296704013229
165 0.942118831285696
160 0.941988000247268
155 0.941985310084642
150 0.941904407660452
145 0.94166597404085
140 0.941481525466937
135 0.941209413465678
130 0.940809100528647
125 0.940607997709335
120 0.94038808611138
115 0.939947753388259
110 0.939718388989944
105 0.939349752142252
100 0.938698672968326
95 0.937936365710358
90 0.936735908490056
70 0.936320098358084
60 0.935915772427825
40 0.935464780067114
35 0.936240438301434
30 0.936201965602411
25 0.936138169899544
20 0.936020759735294
15 0.935767236956638
10 0.935043947620972
10 1.05680008491653

# ep_cut_35sig | ep_cut_35sig | ep_p | ep_beta | 409
10 1.06694642969116
15 1.06766971902683
20 1.06792324180548
25 1.06804065196973
30 1.0681044476726
35 1.06814292037162
40 1.0694101980788
60 1.06882694673985
70 1.06822396354438
90 1.06760446449909
95 1.06574197880342
100 1.06459983944546
105 1.06375045960625
110 1.06321867974194
115 1.06293380160553
120 1.0625027268657
125 1.06231507304011
130 1.06213442419715
135 1.06169034872731
140 1.06147547167938
145 1.0613138573579
150 1.06108626263372
155 1.06123383362199
160 1.06124060324183
165 1.06112169456725
170 1.06107346537812
175 1.06106870207223
180 1.06084166831126
185 1.06057460841176
190 1.06033901033129
195 1.06007022830985
200 1.0599164643291
205 1.05990809385212
210 1.06001521902972
215 1.0601309517807
220 1.06011183549618
225 1.05996021855015
230 1.05975169212682
235 1.05964246976623
240 1.05943324034941
245 1.05937544134919
250 1.05931444816955
255 1.0591770485348
260 1.05913917724188
265 1.0591402519877
270 1.0592932003964
275 1.05960015158683
280 1.05964875001989
285 1.05961593723943
290 1.0594932706589
295 1.05933417326419
300 1.0591229831307
305 1.05902871614687
310 1.05900541949903
315 1.05904241359964
320 1.05904388540483
325 1.05898851044894
330 1.05901661840619
335 1.05919364004124
340 1.05933782718107
345 1.05936660311906
350 1.05934467398512
355 1.05913431962784
360 1.05888312277914
365 1.05870623150553
370 1.05768944303411
375 1.05953993123497
380 1.05957527675574
385 1.0577189255842
390 1.0581734621702
395 1.05857003691095
400 1.05791715157924
405 1.05706614256709
410 1.05772180664983
420 1.05877546480984
425 1.05921584462698
430 1.05929285815676
435 1.0593165707469
440 1.05860249849014
460 1.05789791074609
465 1.05774169913886
470 1.05776945572237
475 1.05776598373604
480 1.05769743099888
485 1.05765893501064
490 1.05765406979446
495 1.0575470167927
500 1.05739407135315
540 1.05737255798453
545 1.05738003179786
550 1.05737967012948
555 1.05763301314734
560 1.06033670167761
565 1.06048229878831
570 1.05931631010154
575 1.05879133717138
580 1.05742997871312
585 1.05738676257341
590 1.057269694849
595 1.0572126183731
600 1.05721860923358
605 1.05722910725215
610 1.05722354385878
615 1.05731185788663
620 1.05744345152308
700 1.05753811114854
705 1.05755632799148
710 1.05753243230743
715 1.0575044918915
720 1.05747309477109
725 1.05750257598585
730 1.05857218970736
735 1.06107172407312
740 1.06132798467667
745 1.06073946182592
750 1.05814308661198
755 1.05757367545236
760 1.05757439011796
765 1.05758983490894
770 1.05760402241477
775 1.05761405489262
780 1.05761766582345
785 1.05761438125477
790 1.05760438711884
795 1.05758240165051
800 1.05757494109529
805 1.05754346026586
810 1.05749523599122
815 1.05748878283004
820 1.05748545334283
825 1.05749428786137
830 1.05754095744114
835 1.05756976258584
840 1.05760006035474
845 1.05763203633635
850 1.05766143811766
855 1.05770216108916
860 1.05771704151189
950 1.05771822894936
960 1.0577116585857
970 1.05771166149162
980 1.05771166430903
990 1.0577116670415
1000 1.05771166969241
1010 1.05771167226497
1020 1.05771167476223
1030 1.05771167718711
1040 1.05771167954238
1050 1.05771168183068
1060 1.05771168405452
1070 1.05771168621631
1080 1.05771168831832
1090 1.05771169036274
1100 1.05771169235166
1110 1.05771169428707
1120 1.05771169617087
1130 1.05771169800488
1140 1.05771169979083
1150 1.0577117015304
1160 1.05771170322518
1170 1.05771170487668
1180 1.05771170648638
1190 1.05771170805566
1200 1.05771170958588
1210 1.05771171107832
1220 1.0577117125342
1230 1.05771171395473
1240 1.05771171534102
1250 1.05771171669417
1260 1.05771171801524
1270 1.05771171930522
1280 1.05771172056509
1290 1.05771172179577
1300 1.05771172299816
1310 1.05771172417312
1320 1.05771172532148
1330 1.05771172644403
1340 1.05771172754154
1350 1.05771172861476
1360 1.05771172966438
1370 1.05771173069111
1380 1.0577117316956
1390 1.05771173267849
1400 1.05771173364039
1410 1.0577117345819
1420 1.05771173550358
1430 1.057711736406
1440 1.05771173728969
1450 1.05771173815515
1460 1.05771173900289
1470 1.05771173983339
1480 1.05771174064711
1490 1.0577117414445
1500 1.057711742226
1510 1.05771174299202
1520 1.05771174374298
1530 1.05771174447925
1540 1.05771174520123
1550 1.05771174590929
1560 1.05771174660377
1570 1.05771174728502
1580 1.05771174795338
1590 1.05771174860916
1600 1.05771174925269
1600 0.938255979964227
1590 0.938255979320697
1580 0.938255978664911
1570 0.938255977996553
1560 0.938255977315302
1550 0.938255976620822
1540 0.93825597591277
1530 0.938255975190789
1520 0.938255974454511
1510 0.938255973703557
1500 0.938255972937534
1490 0.938255972156036
1480 0.938255971358644
1470 0.938255970544922
1460 0.938255969714424
1450 0.938255968866683
1440 0.93825596800122
1430 0.938255967117537
1420 0.938255966215119
1410 0.938255965293432
1400 0.938255964351925
1390 0.938255963390024
1380 0.938255962407137
1370 0.938255961402648
1360 0.93825596037592
1350 0.938255959326291
1340 0.938255958253076
1330 0.938255957155562
1320 0.93825595603301
1310 0.938255954884653
1300 0.938255953709693
1290 0.938255952507303
1280 0.938255951276623
1270 0.938255950016756
1260 0.938255948726774
1250 0.938255947405709
1240 0.938255946052553
1230 0.93825594466626
1220 0.938255943245738
1210 0.938255941789852
1200 0.938255940297417
1190 0.938255938767199
1180 0.938255937197913
1170 0.938255935588217
1160 0.938255933936712
1150 0.938255932241937
1140 0.938255930502368
1130 0.938255928716411
1120 0.938255926882403
1110 0.938255924998604
1100 0.938255923063196
1090 0.938255921074276
1080 0.938255919029852
1070 0.938255916927841
1060 0.938255914766058
1050 0.938255912542217
1040 0.938255910253919
1030 0.938255907898648
1020 0.938255905473765
1010 0.9382559029765
1000 0.938255900403944
990 0.938255897753038
980 0.938255895020568
970 0.938255892203155
960 0.938255889297239
950 0.938254961834696
860 0.938253775234967
855 0.938258997132558
850 0.938289411957565
845 0.938321332498474
840 0.938343315003624
835 0.938377450195428
830 0.938407773425159
825 0.938443577427456
820 0.938454713442441
815 0.93845681145892
810 0.938461196455626
805 0.938417718647168
800 0.938384798990815
795 0.938387366619721
790 0.938379881164693
785 0.938356182099726
780 0.938351188113349
775 0.938345798698912
770 0.938344873651763
765 0.938353177836831
760 0.938360767323088
755 0.938336824654131
750 0.937738328934545
745 0.935071920293687
740 0.934468942351963
735 0.934727690694549
730 0.93728493000085
725 0.938381235361625
720 0.938404156242621
715 0.938367742409908
710 0.938322071921265
705 0.9382885613734
700 0.93830065955155
620 0.938382024036357
615 0.938502681775366
610 0.938589757216671
605 0.938574291584804
600 0.938574473155618
595 0.938584327000886
590 0.938547246678628
585 0.938454159054198
580 0.938420176469519
575 0.937008728144984
570 0.93647029533501
565 0.935269417826778
560 0.935420525006074
555 0.938215331405483
550 0.938463215282655
545 0.938458830132142
540 0.938476018496278
500 0.938517504641417
495 0.938423724290215
490 0.938353984719488
485 0.938357178599941
480 0.938395117839091
475 0.938350368509308
470 0.938342475397219
465 0.938343939245477
460 0.938173266205393
440 0.937474776337626
435 0.936761823791601
430 0.936794349753027
425 0.936885906329644
420 0.937272263710169
410 0.938351425635876
405 0.939043345646091
400 0.938082207227796
395 0.937355739350503
390 0.937804658398408
385 0.938375150312271
380 0.936473629340245
375 0.93649677440269
370 0.938284761286774
365 0.937147877954268
360 0.936914378738701
355 0.936627985954515
350 0.936356787494088
345 0.936253925012298
340 0.936233407614439
335 0.936265389930862
330 0.936284797769907
325 0.936191928396033
320 0.936039867321222
315 0.936002005508856
310 0.935998767921928
305 0.93598015295064
300 0.935891886347916
295 0.935726552503424
290 0.935600828591786
285 0.93541849727118
280 0.935362948694731
275 0.935393583425781
270 0.935668503130785
265 0.935855775622453
260 0.935865983640756
255 0.935836432821944
250 0.935633293875818
245 0.935497104964093
240 0.935507287142665
235 0.93539245201481
230 0.935286294591188
225 0.935022639415088
220 0.934775246267267
215 0.934713518069141
210 0.934701536100969
205 0.934631714267633
200 0.934634454788328
195 0.934422291469421
190 0.934082643103359
185 0.933879887042713
180 0.933542745096655
175 0.933200727708818
170 0.933162396304583
165 0.932964764879422
160 0.93281472309384
155 0.932812346735615
150 0.932736885755459
145 0.93246229070877
140 0.932251221912133
135 0.931941649214783
130 0.931476383323378
125 0.931245914991583
120 0.930994652207202
115 0.930487288140776
110 0.930218366624405
105 0.929780466952714
100 0.9290139678547
95 0.9281051647032
90 0.926669096489361
70 0.926173647189907
60 0.925691835942284
40 0.925161286373907
35 0.926094093526804
30 0.926055620827782
25 0.925991825124914
20 0.925874414960664
15 0.925620892182008
10 0.924897602846342
10 1.06694642969116

# ep_cut_5sig | ep_cut_5sig | ep_p | ep_beta | 409
10 1.09738546401505
15 1.09810875335071
20 1.09836227612937
25 1.09847968629362
30 1.09854348199649
35 1.09858195469551
40 1.10032067915842
60 1.09949875619647
70 1.09866331704891
90 1.09780490050118
95 1.09523558182489
100 1.09365395478634
105 1.09245831517486
110 1.09171874683856
115 1.09131519734798
120 1.09068302857824
125 1.09040132119337
130 1.09013257581295
135 1.08949364148
140 1.08916638234379
145 1.08892490735414
150 1.08858475814035
155 1.08875272366907
160 1.08876043470211
165 1.08858389378608
170 1.08847799482515
175 1.08846898229296
180 1.0881200090001
185 1.08772347727656
190 1.08739394616584
195 1.08699478620422
200 1.08675699982152
205 1.0867530323345
210 1.08686077413265
215 1.08700445656931
220 1.08696967604524
225 1.08673255693624
230 1.0864228487416
235 1.08626747357011
240 1.08598819517453
245 1.085920799146
250 1.08581755266107
255 1.08560718047327
260 1.08555486158498
265 1.08555674720928
270 1.08578420695331
275 1.08621584476419
280 1.08628038053863
285 1.08622967437548
290 1.08604165110186
295 1.08582152057007
300 1.08552964672701
305 1.08539626540321
310 1.08536378273669
315 1.08540348419291
320 1.08540188927989
325 1.08530206374599
330 1.0853037165598
335 1.08553540792203
340 1.08571509168826
345 1.08573948928083
350 1.08569922109034
355 1.08538567684355
360 1.08501928221638
365 1.08475445012365
370 1.08327616055139
375 1.08590632198475
380 1.08595420120191
385 1.0832925917139
390 1.08396677726415
395 1.08454452924534
400 1.08359606822597
405 1.0823567419073
410 1.08330117400996
420 1.08481186504548
425 1.08542869744521
430 1.08554253852899
435 1.08557830223732
440 1.0845584389514
460 1.08355319171909
465 1.08332693340173
470 1.08336034941678
475 1.08335504414177
480 1.08326221239027
485 1.08322264848922
490 1.0832183737391
495 1.08307343661466
500 1.08286643880187
540 1.08285038787487
545 1.08286281147101
550 1.08286176759666
555 1.08322251637773
560 1.08710445382151
565 1.08731363042292
570 1.08564045612293
575 1.08488761053418
580 1.08293207919389
585 1.08287232047038
590 1.08271021945693
595 1.08263296566038
600 1.08264235267885
605 1.08265448333959
610 1.08264506956781
615 1.08277096705333
620 1.08295661455596
700 1.08308899363361
705 1.0831137065525
710 1.08307750953303
715 1.08303379535184
720 1.0829878673129
725 1.08302857754819
730 1.08456231678732
735 1.08814544551138
740 1.08851206517483
745 1.08766822072568
750 1.08394410611429
755 1.08312396455725
760 1.0831185926455
765 1.08314054713868
770 1.08315955429256
775 1.08317011992981
780 1.0831747681899
785 1.08316970964513
790 1.08315249553759
795 1.08312419313573
800 1.08311568583196
805 1.08307040489844
810 1.08300239868174
815 1.08299447723455
820 1.08299185139058
825 1.08300515438292
830 1.08306949687314
835 1.08311097238379
840 1.08315507721569
845 1.08319861573018
850 1.08324115800911
855 1.08329712479415
860 1.08331631285694
950 1.08331750047393
960 1.08330932343323
970 1.08330932633915
980 1.08330932915656
990 1.08330933188903
1000 1.08330933453994
1010 1.08330933711249
1020 1.08330933960976
1030 1.08330934203464
1040 1.08330934438991
1050 1.08330934667821
1060 1.08330934890205
1070 1.08330935106383
1080 1.08330935316585
1090 1.08330935521027
1100 1.08330935719919
1110 1.0833093591346
1120 1.0833093610184
1130 1.0833093628524
1140 1.08330936463836
1150 1.08330936637793
1160 1.08330936807271
1170 1.08330936972421
1180 1.08330937133391
1190 1.08330937290319
1200 1.08330937443341
1210 1.08330937592585
1220 1.08330937738173
1230 1.08330937880225
1240 1.08330938018855
1250 1.0833093815417
1260 1.08330938286277
1270 1.08330938415275
1280 1.08330938541262
1290 1.0833093866433
1300 1.08330938784569
1310 1.08330938902065
1320 1.083309390169
1330 1.08330939129156
1340 1.08330939238907
1350 1.08330939346228
1360 1.08330939451191
1370 1.08330939553864
1380 1.08330939654313
1390 1.08330939752602
1400 1.08330939848792
1410 1.08330939942943
1420 1.08330940035111
1430 1.08330940125353
1440 1.08330940213721
1450 1.08330940300268
1460 1.08330940385042
1470 1.08330940468092
1480 1.08330940549464
1490 1.08330940629203
1500 1.08330940707353
1510 1.08330940783955
1520 1.0833094085905
1530 1.08330940932678
1540 1.08330941004876
1550 1.08330941075682
1560 1.0833094114513
1570 1.08330941213255
1580 1.0833094128009
1590 1.08330941345669
1600 1.08330941410022
1600 0.912658315116698
1590 0.912658314473169
1580 0.912658313817383
1570 0.912658313149025
1560 0.912658312467774
1550 0.912658311773294
1540 0.912658311065242
1530 0.91265831034326
1520 0.912658309606983
1510 0.912658308856029
1500 0.912658308090006
1490 0.912658307308508
1480 0.912658306511115
1470 0.912658305697394
1460 0.912658304866896
1450 0.912658304019155
1440 0.912658303153692
1430 0.912658302270009
1420 0.912658301367591
1410 0.912658300445904
1400 0.912658299504396
1390 0.912658298542496
1380 0.912658297559609
1370 0.91265829655512
1360 0.912658295528392
1350 0.912658294478763
1340 0.912658293405548
1330 0.912658292308034
1320 0.912658291185482
1310 0.912658290037125
1300 0.912658288862165
1290 0.912658287659775
1280 0.912658286429094
1270 0.912658285169228
1260 0.912658283879246
1250 0.91265828255818
1240 0.912658281205025
1230 0.912658279818732
1220 0.91265827839821
1210 0.912658276942324
1200 0.912658275449888
1190 0.912658273919671
1180 0.912658272350385
1170 0.912658270740689
1160 0.912658269089184
1150 0.912658267394409
1140 0.91265826565484
1130 0.912658263868883
1120 0.912658262034875
1110 0.912658260151076
1100 0.912658258215668
1090 0.912658256226747
1080 0.912658254182324
1070 0.912658252080312
1060 0.91265824991853
1050 0.912658247694689
1040 0.91265824540639
1030 0.91265824305112
1020 0.912658240626237
1010 0.912658238128972
1000 0.912658235556415
990 0.91265823290551
980 0.91265823017304
970 0.912658227355626
960 0.912658224449711
950 0.912655690310125
860 0.912654503889912
855 0.912664033427571
850 0.912709692066116
845 0.912754753104643
840 0.912788298142672
835 0.912836240397482
830 0.912879233993163
825 0.912932710905904
820 0.912948525485106
815 0.912950579496838
810 0.912954012558168
805 0.912890774014591
800 0.912844054254142
795 0.912845583234271
790 0.912831772745948
785 0.91280085370936
780 0.912794085746899
775 0.912789945376355
770 0.912789341773976
765 0.912802465607094
760 0.912816001947003
755 0.912786226924034
750 0.911937309432236
745 0.908143161393923
740 0.907284861853811
735 0.907653969256283
730 0.911294802920885
725 0.91285523379929
720 0.912889383700807
715 0.912838438949568
710 0.912776994695659
705 0.912731182812383
700 0.912749777066481
620 0.912868861003487
615 0.913043572608666
610 0.913168231507647
605 0.913149678405089
600 0.913150729710341
595 0.913163983745205
590 0.913106722070692
585 0.912968601157225
580 0.912918075988748
575 0.910912454782184
570 0.910146149313611
565 0.908438086192165
560 0.908652772862173
555 0.912625828175086
550 0.912981117815477
545 0.912976390088913
540 0.912998188605939
500 0.9130495081432
495 0.912897304468253
490 0.912789680774851
485 0.912792683913598
480 0.912830336447707
475 0.912761308103578
470 0.912752544929337
465 0.912758704982608
460 0.912517985232388
440 0.911518835876372
435 0.91050009230118
430 0.910544669380798
425 0.910676345323715
420 0.911235863474526
410 0.912772058275743
405 0.913752746305877
400 0.912403290581059
395 0.911381247016121
390 0.912011343304453
385 0.912801484182573
380 0.910094704894069
375 0.910130383652914
370 0.912698043769488
365 0.911099659336141
360 0.910778219301464
355 0.910376628738803
350 0.910002240388868
345 0.909876738882504
340 0.909862457103044
335 0.909923622050068
330 0.909996551252327
325 0.909878375098981
320 0.909681863446163
315 0.909642380206255
310 0.909641361152285
305 0.909612603694304
300 0.909485222751606
295 0.909239205197546
290 0.909052448148832
285 0.908804760135127
280 0.908730496175967
275 0.908777890248414
270 0.909177496573867
265 0.909440836582905
260 0.909450299297658
255 0.909406300883475
250 0.909130189384302
245 0.908951747167286
240 0.908955163007052
235 0.908767448210933
230 0.908615137976409
225 0.908250301029003
220 0.907917405718213
215 0.907840423593135
210 0.907870726082782
205 0.907786775785244
200 0.90778929978247
195 0.907497733575044
190 0.907027707268803
185 0.906731018177916
180 0.906264404407812
175 0.905800447488086
170 0.905759473178646
165 0.905502565660601
160 0.905294891633557
155 0.905293456688535
150 0.905234320040479
145 0.904851240712528
140 0.904560311247722
135 0.904138356462098
130 0.903478231707571
125 0.903159666838327
120 0.902814350494666
115 0.902105892398329
110 0.90171829952779
105 0.9010726113841
100 0.899959852513822
95 0.898611561681725
90 0.896468660487276
70 0.895734293685376
60 0.895020026485662
40 0.894250805294288
35 0.895655059202915
30 0.895616586503892
25 0.895552790801025
20 0.895435380636775
15 0.895181857858119
10 0.894458568522453
10 1.09738546401505

# em_cut_1sig | em_cut_1sig | em_p | em_beta | 409
10 1.02800129893317
15 1.02872458826883
20 1.02897811104749
25 1.02909552121174
30 1.02915931691461
35 1.02919778961363
40 1.02963754486608
60 1.02948687392234
70 1.02929180149309
90 1.02908859376083
95 1.0282678283292
100 1.02725367507528
105 1.02574689750863
110 1.02369312307265
115 1.02143369339372
120 1.01902066931748
125 1.01759192169563
130 1.01719001903871
135 1.01689618946225
140 1.01662875305528
145 1.016359359397
150 1.0160483247199
155 1.01584875771471
160 1.01569606156449
165 1.0156505913931
170 1.01563379264587
175 1.01560323398058
180 1.01552083916557
185 1.01541525778007
190 1.01530159344795
195 1.01523252949138
200 1.01513177139825
205 1.01501221483486
210 1.01489412675187
215 1.01482764983052
220 1.01481625542629
225 1.01484559547651
230 1.01485583571712
235 1.01482270664818
240 1.01478379468732
245 1.01479009424046
250 1.0147986668886
255 1.01481369972108
260 1.01481620686953
265 1.01475929303689
270 1.01469670159878
275 1.01465126197056
280 1.01456073891157
285 1.01451786833603
290 1.01451828864879
295 1.01447658659946
300 1.01450201620974
305 1.01453467026987
310 1.01452219945196
315 1.01452048771869
320 1.01452848816171
325 1.01453801630892
330 1.0145686945429
335 1.01459365435813
340 1.01463801067258
345 1.01469447564213
350 1.01469910560207
355 1.01469873606715
360 1.01470029164476
365 1.01468382577215
370 1.0146649245218
375 1.01465273433912
380 1.01440021774655
385 1.01472394093368
390 1.01480381613808
395 1.01431613490756
400 1.01412437012154
405 1.01417549147417
410 1.01418469776114
420 1.01418171134804
425 1.01415253855059
430 1.014097245734
435 1.0140701388827
440 1.01408866666637
460 1.01410733523811
465 1.01411718774361
470 1.01475848269393
475 1.01511902568934
480 1.01488926606562
485 1.01487081804652
490 1.01490833392353
495 1.01435748861429
500 1.01443844465677
540 1.01486286535054
545 1.01515439347244
550 1.01514773011317
555 1.01514679771515
560 1.01513917933438
565 1.01512494045868
570 1.01491431501707
575 1.01522240711302
580 1.01520629479237
585 1.01522972505261
590 1.01520785324013
595 1.01516168415093
600 1.01515880822296
605 1.01515975374303
610 1.01515870339599
615 1.01515914891775
620 1.01517132492362
700 1.01518412474222
705 1.01518954222497
710 1.01519471801032
715 1.0151957139477
720 1.01520020509253
725 1.01520193487104
730 1.01520138068337
735 1.015213406809
740 1.01522489125696
745 1.01524332438104
750 1.01518687347113
755 1.01488595066913
760 1.01516126531093
765 1.01527541549245
770 1.01526957261543
775 1.01527865315515
780 1.01528183454981
785 1.01528043449945
790 1.01526811628243
795 1.01527507086257
800 1.01522783623026
805 1.01495816130154
810 1.01525776799679
815 1.01531927936176
820 1.0153094624927
825 1.01505529013443
830 1.01505828556494
835 1.0153088924501
840 1.01530712453227
845 1.0153195534647
850 1.01529749194735
855 1.01503800862811
860 1.01491167373247
950 1.0149087355915
960 1.01491070068425
970 1.01491070359016
980 1.01491070640758
990 1.01491070914005
1000 1.01491071179095
1010 1.01491071436351
1020 1.01491071686077
1030 1.01491071928566
1040 1.01491072164093
1050 1.01491072392922
1060 1.01491072615307
1070 1.01491072831485
1080 1.01491073041686
1090 1.01491073246128
1100 1.0149107344502
1110 1.01491073638561
1120 1.01491073826941
1130 1.01491074010342
1140 1.01491074188938
1150 1.01491074362895
1160 1.01491074532372
1170 1.01491074697523
1180 1.01491074858492
1190 1.01491075015421
1200 1.01491075168442
1210 1.01491075317686
1220 1.01491075463275
1230 1.01491075605327
1240 1.01491075743956
1250 1.01491075879272
1260 1.01491076011378
1270 1.01491076140376
1280 1.01491076266363
1290 1.01491076389431
1300 1.0149107650967
1310 1.01491076627166
1320 1.01491076742002
1330 1.01491076854257
1340 1.01491076964008
1350 1.0149107707133
1360 1.01491077176293
1370 1.01491077278966
1380 1.01491077379414
1390 1.01491077477703
1400 1.01491077573893
1410 1.01491077668044
1420 1.01491077760213
1430 1.01491077850455
1440 1.01491077938823
1450 1.01491078025369
1460 1.01491078110143
1470 1.01491078193193
1480 1.01491078274565
1490 1.01491078354304
1500 1.01491078432454
1510 1.01491078509057
1520 1.01491078584152
1530 1.0149107865778
1540 1.01491078729978
1550 1.01491078800783
1560 1.01491078870231
1570 1.01491078938356
1580 1.01491079005192
1590 1.01491079070771
1600 1.01491079135123
1600 0.98018493131945
1590 0.98018493067592
1580 0.980184930020134
1570 0.980184929351776
1560 0.980184928670525
1550 0.980184927976045
1540 0.980184927267993
1530 0.980184926546011
1520 0.980184925809734
1510 0.98018492505878
1500 0.980184924292757
1490 0.980184923511259
1480 0.980184922713867
1470 0.980184921900145
1460 0.980184921069647
1450 0.980184920221906
1440 0.980184919356443
1430 0.98018491847276
1420 0.980184917570342
1410 0.980184916648655
1400 0.980184915707148
1390 0.980184914745247
1380 0.98018491376236
1370 0.980184912757871
1360 0.980184911731143
1350 0.980184910681514
1340 0.980184909608299
1330 0.980184908510785
1320 0.980184907388233
1310 0.980184906239876
1300 0.980184905064916
1290 0.980184903862526
1280 0.980184902631845
1270 0.980184901371979
1260 0.980184900081997
1250 0.980184898760931
1240 0.980184897407776
1230 0.980184896021483
1220 0.980184894600961
1210 0.980184893145075
1200 0.980184891652639
1190 0.980184890122422
1180 0.980184888553136
1170 0.98018488694344
1160 0.980184885291935
1150 0.98018488359716
1140 0.980184881857591
1130 0.980184880071634
1120 0.980184878237626
1110 0.980184876353827
1100 0.980184874418419
1090 0.980184872429498
1080 0.980184870385075
1070 0.980184868283063
1060 0.980184866121281
1050 0.98018486389744
1040 0.980184861609141
1030 0.980184859253871
1020 0.980184856828988
1010 0.980184854331723
1000 0.980184851759166
990 0.980184849108261
980 0.980184846375791
970 0.980184843558377
960 0.980184840652462
950 0.980191768446401
860 0.980181309821844
855 0.979998627912497
850 0.979572249061311
845 0.979513818111501
840 0.979503464597803
835 0.979508175428094
830 0.979871458473941
825 0.979843010437775
820 0.979435550092096
815 0.97942247806055
810 0.979540965110577
805 0.979944455410429
800 0.979578236403916
795 0.979347793791726
790 0.979313598618349
785 0.979295479724941
780 0.979275219024282
775 0.979272165904561
770 0.979268422101014
765 0.979267148963673
760 0.979483722175681
755 0.979826927244036
750 0.979342503155179
745 0.979213058801019
740 0.979208947567533
735 0.97918967844003
730 0.97916402872656
725 0.979144722653362
720 0.979138970457215
715 0.979129328431499
710 0.979114498527873
705 0.979087279824687
700 0.979018335423717
620 0.978941857606242
615 0.978904840613837
610 0.978877259718654
605 0.97882847631425
600 0.978801837372243
595 0.978793109268361
590 0.978793536603732
585 0.978860701844677
580 0.979128370980921
575 0.979111912842154
570 0.979119903027051
565 0.978740070193117
560 0.978730711895829
555 0.978728043209295
550 0.978722495170625
545 0.978721546736757
540 0.979176002955563
500 0.979706211911845
495 0.979711827153887
490 0.979008677384969
485 0.97906894099284
480 0.978884980685378
475 0.978624057877754
470 0.979170885300605
465 0.979888138589282
460 0.979864805753023
440 0.979859518267621
435 0.979872483310467
430 0.979893942900075
425 0.97986019469415
420 0.979845651193535
410 0.979835223802141
405 0.979811906177428
400 0.979803199949478
395 0.979563469479759
390 0.979057998086771
385 0.979154985496525
380 0.979465969283421
375 0.979157466364908
370 0.979158909898618
365 0.979126838264873
360 0.979118778575031
355 0.979117847667291
350 0.979056576120902
345 0.97891748195996
340 0.978751894986321
335 0.97861897429836
330 0.978552938596973
325 0.978472512374457
320 0.97845971884106
315 0.978485867603406
310 0.97841663462246
305 0.978318359758149
300 0.978294805161516
295 0.978201576704269
290 0.978176088786718
285 0.978197104549697
280 0.978225438907083
275 0.978214122605098
270 0.978194409484623
265 0.978148381041624
260 0.978087579859677
255 0.978004396401364
250 0.977950355445171
245 0.977938609225281
240 0.977850542966809
235 0.977778591551013
230 0.977733894824728
225 0.977641643851508
220 0.977547062284745
215 0.977445339994224
210 0.977350755523857
205 0.97724722089955
200 0.977111667785662
195 0.976999745141431
190 0.976975676507036
185 0.976880280138895
180 0.976830803942675
175 0.976820394775196
170 0.976763298133099
165 0.97662731822236
160 0.976525429141022
155 0.976325281564294
150 0.976090702259718
145 0.975908559463254
140 0.975722763722067
135 0.975404577275255
130 0.975036218525049
125 0.974611868184442
120 0.973221320336877
115 0.971646802397734
110 0.971555460992903
105 0.971604604955664
100 0.971821733138816
95 0.972098419826955
90 0.972409180688636
70 0.972634659221002
60 0.972690863945123
40 0.972708599194819
35 0.972550877866389
30 0.972512405167366
25 0.972448609464499
20 0.972331199300249
15 0.972077676521593
10 0.971354387185927
10 1.02800129893317

# em_cut_25sig | em_cut_25sig | em_p | em_beta | 409
10 1.0704864827436
15 1.07120977207926
20 1.07146329485792
25 1.07158070502217
30 1.07164450072503
35 1.07168297342406
40 1.07233425411952
60 1.07208388140525
70 1.07178465819715
90 1.07147257976729
95 1.07022214504131
100 1.068660240671
105 1.06622868770907
110 1.06277609434194
115 1.0587738616407
120 1.05337018105293
125 1.04982696182902
130 1.04880536942395
135 1.04801489860249
140 1.04730824505519
145 1.04669745934731
150 1.04601654156504
155 1.04549136482752
160 1.04507403588208
165 1.04491804627115
170 1.04478666353046
175 1.04469036338461
180 1.04453836558275
185 1.04431649101096
190 1.04404603115363
195 1.04390711775384
200 1.0436468491077
205 1.04333596028635
210 1.04305165517287
215 1.04286438220773
220 1.04276053217812
225 1.04270233167998
230 1.04269147146897
235 1.04260579297106
240 1.0424837334777
245 1.04242221316001
250 1.04243026195026
255 1.04238672125844
260 1.04236267712691
265 1.04221747703334
270 1.04207342068439
275 1.04197614201724
280 1.04181221391494
285 1.04175844117577
290 1.04176635060185
295 1.04168284402085
300 1.04164353284422
305 1.04167548348369
310 1.04160137307409
315 1.04154645280516
320 1.04158003758338
325 1.04157516678439
330 1.04154272955836
335 1.04153842033804
340 1.04148899987576
345 1.04145319906338
350 1.04142986372754
355 1.04138245317812
360 1.04138534714431
365 1.04135156640262
370 1.04128673295293
375 1.04127418531977
380 1.04060090409389
385 1.04140065751154
390 1.04161168316201
395 1.04038063397841
400 1.03986234846971
405 1.03993351502744
410 1.03994337166044
420 1.03993375646391
425 1.03987179644292
430 1.03974972285945
435 1.03971838056187
440 1.03976037850007
460 1.03977701048031
465 1.03978238738169
470 1.04144918073892
475 1.04249025154803
480 1.04189248010081
485 1.04172222583679
490 1.04183307632744
495 1.0403417347096
500 1.04048761921547
540 1.04162801214677
545 1.04247207390972
550 1.04246530356753
555 1.04246086359454
560 1.04244552991329
565 1.04241359315785
570 1.04176012400958
575 1.04230527781617
580 1.04226473765095
585 1.04250649245856
590 1.04248483813678
595 1.04243811531285
600 1.04242157305385
605 1.04240733286744
610 1.04236951362173
615 1.04234632576171
620 1.04232768501918
700 1.0422946986048
705 1.04226138203924
710 1.04224745181006
715 1.04224451594121
720 1.04224376317171
725 1.04224380135341
730 1.04222618845307
735 1.04221779444496
740 1.04223450197401
745 1.04225759102064
750 1.04207015120809
755 1.04118021823794
760 1.04191942266236
765 1.04226974052753
770 1.0422670157558
775 1.04228238553518
780 1.04228415505105
785 1.04226915058033
790 1.04223400453049
795 1.04220632802447
800 1.04196503610002
805 1.04121844071987
810 1.04204537016145
815 1.04223425429868
820 1.04221489679315
825 1.04146449990693
830 1.04144840588319
835 1.04215943021661
840 1.04215399577273
845 1.04216311079732
850 1.04209142411188
855 1.04131754416482
860 1.04095944666545
950 1.04094646095032
960 1.04095509570809
970 1.040955098614
980 1.04095510143142
990 1.04095510416388
1000 1.04095510681479
1010 1.04095510938735
1020 1.04095511188461
1030 1.04095511430949
1040 1.04095511666477
1050 1.04095511895306
1060 1.04095512117691
1070 1.04095512333869
1080 1.0409551254407
1090 1.04095512748512
1100 1.04095512947404
1110 1.04095513140945
1120 1.04095513329325
1130 1.04095513512726
1140 1.04095513691321
1150 1.04095513865278
1160 1.04095514034756
1170 1.04095514199906
1180 1.04095514360876
1190 1.04095514517805
1200 1.04095514670826
1210 1.0409551482007
1220 1.04095514965659
1230 1.04095515107711
1240 1.0409551524634
1250 1.04095515381656
1260 1.04095515513762
1270 1.0409551564276
1280 1.04095515768747
1290 1.04095515891815
1300 1.04095516012054
1310 1.0409551612955
1320 1.04095516244386
1330 1.04095516356641
1340 1.04095516466392
1350 1.04095516573714
1360 1.04095516678677
1370 1.04095516781349
1380 1.04095516881798
1390 1.04095516980087
1400 1.04095517076277
1410 1.04095517170428
1420 1.04095517262597
1430 1.04095517352838
1440 1.04095517441207
1450 1.04095517527753
1460 1.04095517612527
1470 1.04095517695577
1480 1.04095517776949
1490 1.04095517856688
1500 1.04095517934838
1510 1.0409551801144
1520 1.04095518086536
1530 1.04095518160164
1540 1.04095518232362
1550 1.04095518303167
1560 1.04095518372615
1570 1.0409551844074
1580 1.04095518507576
1590 1.04095518573154
1600 1.04095518637507
1600 0.954140536295611
1590 0.954140535652081
1580 0.954140534996295
1570 0.954140534327938
1560 0.954140533646686
1550 0.954140532952206
1540 0.954140532244154
1530 0.954140531522173
1520 0.954140530785895
1510 0.954140530034941
1500 0.954140529268918
1490 0.95414052848742
1480 0.954140527690028
1470 0.954140526876306
1460 0.954140526045808
1450 0.954140525198067
1440 0.954140524332604
1430 0.954140523448921
1420 0.954140522546503
1410 0.954140521624816
1400 0.954140520683309
1390 0.954140519721408
1380 0.954140518738521
1370 0.954140517734032
1360 0.954140516707304
1350 0.954140515657676
1340 0.95414051458446
1330 0.954140513486946
1320 0.954140512364394
1310 0.954140511216037
1300 0.954140510041077
1290 0.954140508838688
1280 0.954140507608007
1270 0.95414050634814
1260 0.954140505058158
1250 0.954140503737093
1240 0.954140502383937
1230 0.954140500997644
1220 0.954140499577122
1210 0.954140498121236
1200 0.954140496628801
1190 0.954140495098583
1180 0.954140493529297
1170 0.954140491919601
1160 0.954140490268096
1150 0.954140488573321
1140 0.954140486833752
1130 0.954140485047795
1120 0.954140483213787
1110 0.954140481329988
1100 0.95414047939458
1090 0.95414047740566
1080 0.954140475361236
1070 0.954140473259225
1060 0.954140471097442
1050 0.954140468873601
1040 0.954140466585302
1030 0.954140464230032
1020 0.954140461805149
1010 0.954140459307884
1000 0.954140456735328
990 0.954140454084422
980 0.954140451351952
970 0.954140448534538
960 0.954140445628623
950 0.954154043087579
860 0.954133536888871
855 0.953719092375788
850 0.952778316896781
845 0.952667598473325
840 0.952653584703297
835 0.952657637661587
830 0.953481338155691
825 0.953433800665281
820 0.952530115791645
815 0.952510235366306
810 0.952753362945917
805 0.953684175992096
800 0.952841036534156
795 0.952409623295483
790 0.952347710370287
785 0.952306763644059
780 0.952271563967768
775 0.952269499447145
770 0.952271780705708
765 0.952270513268451
760 0.952725564824246
755 0.953532659675218
750 0.952459225418218
745 0.952200790073738
740 0.952202466250503
735 0.952179005362327
730 0.952137388843772
725 0.95210226035334
720 0.952096414395869
715 0.952079962355908
710 0.952057518549791
705 0.952012664589878
700 0.951899894060398
620 0.951776503000696
615 0.951715632693318
610 0.951666293760192
605 0.951580394934313
600 0.951536236365841
595 0.951516678106436
590 0.95151627095991
585 0.951583934438727
580 0.952069928122336
575 0.952029042139002
570 0.952274094034538
565 0.951451417493945
560 0.951424361316916
555 0.951413977329905
550 0.951404180528775
545 0.951403170167776
540 0.952410856159332
500 0.95365703735315
495 0.953727581058581
490 0.952083934981051
485 0.952217533202577
480 0.951881766650193
475 0.951252832019065
470 0.952480187255614
465 0.954220101081635
460 0.954191920456353
440 0.954188005721076
435 0.954224241631295
430 0.954241465774629
425 0.95414093680182
420 0.954093606077658
410 0.954074713557727
405 0.95407066814739
400 0.954067631808531
395 0.953498970408909
390 0.952249275911667
385 0.952478268918659
380 0.953265282936076
375 0.952536015384252
370 0.952535159049868
365 0.952459097634411
360 0.952435162145807
355 0.952436729474875
350 0.952325167146628
345 0.952118299557388
340 0.951864564319417
335 0.95165349742421
330 0.951560724368683
325 0.951428517627343
320 0.951408153665779
315 0.951459902516941
310 0.951337461000332
305 0.951171113069611
300 0.951167785249117
295 0.950995319282876
290 0.950927774496246
285 0.950956531709951
280 0.950973963903716
275 0.950893208528327
270 0.950817690399008
265 0.950690197045174
260 0.950541109602291
255 0.950411971462616
250 0.950316109800132
245 0.950315150094836
240 0.950150604176427
235 0.949995505228138
230 0.94989493340577
225 0.949758491925021
220 0.949598432330441
215 0.949408607617006
210 0.949193227102851
205 0.948923475448064
200 0.948596590076218
195 0.948325156878971
190 0.948231238801351
185 0.947979046908011
180 0.9478132775255
175 0.947733265371161
170 0.947610427248517
165 0.947359863344307
160 0.947147454823424
155 0.946682674451481
150 0.946122485414579
145 0.945570459512945
140 0.945043271722157
135 0.944285868135012
130 0.943420868139807
125 0.94237682805105
120 0.938871808601426
115 0.934306634150748
110 0.932499523444312
105 0.931289387040942
100 0.930638355351946
95 0.930374422667624
90 0.930192626412436
70 0.93014180251694
60 0.930093856462211
40 0.930011889941375
35 0.930065694055959
30 0.930027221356937
25 0.929963425654069
20 0.929846015489819
15 0.929592492711164
10 0.928869203375497
10 1.0704864827436

# em_cut_3sig | em_cut_3sig | em_p | em_beta | 409
10 1.08464821068041
15 1.08537150001607
20 1.08562502279473
25 1.08574243295898
30 1.08580622866184
35 1.08584470136087
40 1.08656649053734
60 1.08628288389956
70 1.08594894376517
90 1.08560057510277
95 1.08420691727868
100 1.0824624292029
105 1.07972261777588
110 1.0758037514317
115 1.0712205843897
120 1.06482001829808
125 1.06057197520682
130 1.05934381955236
135 1.05838780164924
140 1.05753474238849
145 1.05681015933075
150 1.05600594718009
155 1.05537223386513
160 1.05486669398795
165 1.05467386456383
170 1.05450428715865
175 1.05438607318596
180 1.05421087438847
185 1.05395023542125
190 1.05362751038886
195 1.05346531384133
200 1.05315187501084
205 1.05277720877018
210 1.05243749797987
215 1.05220995966681
220 1.05207674216289
225 1.05199671565547
230 1.05197112527529
235 1.05186682174535
240 1.05171704640783
245 1.05163291946653
250 1.05164167716527
255 1.05158419623803
260 1.05154483387937
265 1.05137020503216
270 1.05119899371293
275 1.05108443536613
280 1.05089603891606
285 1.05083863212235
290 1.05084961067004
295 1.05075159649465
300 1.05069070505571
305 1.05072291430944
310 1.05062776428147
315 1.05055510783398
320 1.05059722597514
325 1.05058983170009
330 1.05053584934483
335 1.05052691262943
340 1.0504514434314
345 1.05038196836682
350 1.05034033338563
355 1.05027702554845
360 1.05028036564416
365 1.05024081327944
370 1.05016066909664
375 1.05014800231332
380 1.04933446620967
385 1.05029289637083
390 1.05054792388705
395 1.04906880033536
400 1.04844167458577
405 1.04851952287853
410 1.04852991778725
420 1.04851777150254
425 1.04844488240703
430 1.04830054856793
435 1.04826779445493
440 1.04831761577797
460 1.04833356889438
465 1.0483379166312
470 1.05034608008725
475 1.05161399350092
480 1.05089355144587
485 1.05067269510021
490 1.05080799046208
495 1.0490031500747
500 1.0491706774017
540 1.05054972774551
545 1.05157796738881
550 1.05157133421556
555 1.051565552221
560 1.05154764677293
565 1.05150981072424
570 1.05070872700708
575 1.05133290138389
580 1.05128421860381
585 1.05159874826054
590 1.05157716643567
595 1.0515302590335
600 1.05151010672265
605 1.05149002666075
610 1.05143983560789
615 1.05140939506855
620 1.05138280322103
700 1.05133417905923
705 1.05128625378418
710 1.05126644513609
715 1.05126097129974
720 1.05125828253144
725 1.05125795545342
730 1.051235068414
735 1.05121925699028
740 1.05123770554636
745 1.05126234656717
750 1.05103124378707
755 1.04994497409422
760 1.05083880844618
765 1.05126784887256
770 1.05126616346926
775 1.05128362966186
780 1.05128511641842
785 1.05126538927396
790 1.05122263394651
795 1.05118341374511
800 1.05087743605661
805 1.04997186719265
810 1.050974570883
815 1.05120591261098
820 1.0511833748933
825 1.05026756983109
830 1.05024511265594
835 1.05110960947211
840 1.05110314431649
845 1.05111096324153
850 1.05102273483339
855 1.05007738934372
860 1.0496420376431
950 1.04962570273659
960 1.04963656071603
970 1.04963656362195
980 1.04963656643936
990 1.04963656917183
1000 1.04963657182274
1010 1.04963657439529
1020 1.04963657689256
1030 1.04963657931744
1040 1.04963658167271
1050 1.04963658396101
1060 1.04963658618485
1070 1.04963658834663
1080 1.04963659044865
1090 1.04963659249307
1100 1.04963659448199
1110 1.0496365964174
1120 1.0496365983012
1130 1.0496366001352
1140 1.04963660192116
1150 1.04963660366073
1160 1.04963660535551
1170 1.04963660700701
1180 1.04963660861671
1190 1.04963661018599
1200 1.04963661171621
1210 1.04963661320864
1220 1.04963661466453
1230 1.04963661608505
1240 1.04963661747135
1250 1.0496366188245
1260 1.04963662014557
1270 1.04963662143555
1280 1.04963662269542
1290 1.0496366239261
1300 1.04963662512849
1310 1.04963662630345
1320 1.0496366274518
1330 1.04963662857436
1340 1.04963662967187
1350 1.04963663074508
1360 1.04963663179471
1370 1.04963663282144
1380 1.04963663382593
1390 1.04963663480882
1400 1.04963663577072
1410 1.04963663671223
1420 1.04963663763391
1430 1.04963663853633
1440 1.04963663942001
1450 1.04963664028548
1460 1.04963664113322
1470 1.04963664196372
1480 1.04963664277744
1490 1.04963664357483
1500 1.04963664435633
1510 1.04963664512235
1520 1.0496366458733
1530 1.04963664660958
1540 1.04963664733156
1550 1.04963664803962
1560 1.04963664873409
1570 1.04963664941535
1580 1.0496366500837
1590 1.04963665073949
1600 1.04963665138302
1600 0.945459071287664
1590 0.945459070644135
1580 0.945459069988349
1570 0.945459069319991
1560 0.94545906863874
1550 0.94545906794426
1540 0.945459067236207
1530 0.945459066514226
1520 0.945459065777949
1510 0.945459065026995
1500 0.945459064260972
1490 0.945459063479474
1480 0.945459062682081
1470 0.94545906186836
1460 0.945459061037862
1450 0.945459060190121
1440 0.945459059324658
1430 0.945459058440975
1420 0.945459057538557
1410 0.94545905661687
1400 0.945459055675362
1390 0.945459054713462
1380 0.945459053730575
1370 0.945459052726086
1360 0.945459051699358
1350 0.945459050649729
1340 0.945459049576514
1330 0.945459048479
1320 0.945459047356448
1310 0.945459046208091
1300 0.945459045033131
1290 0.945459043830741
1280 0.94545904260006
1270 0.945459041340194
1260 0.945459040050212
1250 0.945459038729146
1240 0.945459037375991
1230 0.945459035989698
1220 0.945459034569176
1210 0.94545903311329
1200 0.945459031620854
1190 0.945459030090637
1180 0.945459028521351
1170 0.945459026911655
1160 0.94545902526015
1150 0.945459023565375
1140 0.945459021825806
1130 0.945459020039849
1120 0.945459018205841
1110 0.945459016322042
1100 0.945459014386634
1090 0.945459012397713
1080 0.94545901035329
1070 0.945459008251278
1060 0.945459006089496
1050 0.945459003865655
1040 0.945459001577356
1030 0.945458999222086
1020 0.945458996797203
1010 0.945458994299938
1000 0.945458991727381
990 0.945458989076475
980 0.945458986344006
970 0.945458983526592
960 0.945458980620677
950 0.945474801301305
860 0.945450945911213
855 0.944959247196885
850 0.943847006175271
845 0.943718858593933
840 0.943703624738461
835 0.943707458406085
830 0.944684631382941
825 0.944630730741116
820 0.943561637691495
815 0.943539487801558
810 0.943824162224363
805 0.944930749519318
800 0.943928636577569
795 0.943430233130068
790 0.943359080954266
785 0.943310524950432
780 0.943270345615597
775 0.943268457429587
770 0.943272900240606
765 0.943271634703377
760 0.943806179040434
755 0.944767903818945
750 0.943498132839231
745 0.9431960345166
740 0.943199262678153
735 0.94317544766976
730 0.943128508882842
725 0.943088106253332
720 0.943082229042087
715 0.943063506997377
710 0.943038525223764
705 0.942987792844941
700 0.942860413605959
620 0.942721384798847
615 0.942652563386479
610 0.942595971774038
605 0.942497701141001
600 0.94244770269704
595 0.942424534385794
590 0.942423849078637
585 0.942491678636743
580 0.943050447169475
575 0.943001418571285
570 0.943325491037034
565 0.942355199927554
560 0.942322244457279
555 0.942309288703441
550 0.942298075648159
545 0.942297044644783
540 0.943489140560588
500 0.944973979166918
495 0.945066165693479
490 0.943109020846411
485 0.943267063939156
480 0.942880695305131
475 0.942129090066169
470 0.943583287907284
465 0.945664088579086
460 0.94563429202413
440 0.945630768443177
435 0.945674827738238
430 0.945690640066147
425 0.945567850837711
420 0.945509591039033
410 0.945487876809589
405 0.945487428665442
400 0.945489109094882
395 0.944810804051959
390 0.943313035186633
385 0.943586030059371
380 0.944531720820295
375 0.9436621983907
370 0.943660575433618
365 0.943569850757591
360 0.943540143645958
355 0.94354215710455
350 0.943414697488537
345 0.943185238756531
340 0.942902120763782
335 0.942665005132827
330 0.94256331962592
325 0.942413852711638
320 0.942390965274018
315 0.942451247488119
310 0.942311069792956
305 0.942122030840098
300 0.942124638517811
295 0.941926566809079
290 0.941845003066089
285 0.941876340763369
280 0.941890138902594
275 0.941784915179436
270 0.94169211737047
265 0.941537469046357
260 0.941358952849829
255 0.941214496483033
250 0.941104694585119
245 0.941104443788318
240 0.9409172912463
235 0.940734476453847
230 0.94061527959945
225 0.940464107949525
220 0.940282222345674
215 0.940063030157933
210 0.939807384295849
205 0.939482226964236
200 0.939091564173071
195 0.938766960791484
190 0.938649759566123
185 0.938345302497716
180 0.938140768719775
175 0.938037555569816
170 0.937892803620323
165 0.937604045051623
160 0.937354796717557
155 0.936801805413877
150 0.936133079799533
145 0.935457759529508
140 0.934816774388854
135 0.933912965088264
130 0.932882418011393
125 0.931631814673253
120 0.927421971356275
115 0.921859911401752
110 0.919471866354549
105 0.91779545697413
100 0.916836166820041
95 0.916389650430256
90 0.916064631076951
70 0.915977516948919
60 0.915894853967907
40 0.91577965352356
35 0.915903966119149
30 0.915865493420127
25 0.915801697717259
20 0.915684287553009
15 0.915430764774354
10 0.914707475438687
10 1.08464821068041

# em_cut_35sig | em_cut_35sig | em_p | em_beta | 409
10 1.09880993861722
15 1.09953322795288
20 1.09978675073154
25 1.09990416089579
30 1.09996795659865
35 1.10000642929768
40 1.10079872695515
60 1.10048188639386
70 1.10011322933319
90 1.09972857043826
95 1.09819168951605
100 1.09626461773481
105 1.09321654784269
110 1.08883140852146
115 1.08366730713869
120 1.07626985554323
125 1.07131698858462
130 1.06988226968078
135 1.06876070469598
140 1.0677612397218
145 1.06692285931418
150 1.06599535279513
155 1.06525310290273
160 1.06465935209382
165 1.06442968285652
170 1.06422191078684
175 1.0640817829873
180 1.0638833831942
185 1.06358397983155
190 1.06320898962409
195 1.06302350992881
200 1.06265690091399
205 1.06221845725401
210 1.06182334078687
215 1.06155553712588
220 1.06139295214766
225 1.06129109963097
230 1.0612507790816
235 1.06112785051964
240 1.06095035933795
245 1.06084362577305
250 1.06085309238029
255 1.06078167121761
260 1.06072699063184
265 1.06052293303098
270 1.06032456674147
275 1.06019272871502
280 1.05997986391718
285 1.05991882306894
290 1.05993330258749
295 1.05982034896845
300 1.0597378772672
305 1.05977173063375
310 1.05965415548884
315 1.0595637628628
320 1.0596144143669
325 1.0596044966158
330 1.05952958128184
335 1.05951540492081
340 1.05941388698703
345 1.05931502916767
350 1.05925080304372
355 1.05917159791877
360 1.059175384144
365 1.05913006015626
370 1.05903460524035
375 1.05902181930687
380 1.05806802832545
385 1.05918513523012
390 1.05948416461208
395 1.05775696669231
400 1.05702100070183
405 1.05710553072962
410 1.05711675453538
420 1.05710178654117
425 1.05701796837114
430 1.05685137427641
435 1.05681720834798
440 1.05687485305587
460 1.05689012730845
465 1.0568934458807
470 1.05924297943558
475 1.06073773545382
480 1.05989462279093
485 1.05962316436363
490 1.05978290459672
495 1.0576645654398
500 1.05785373558793
540 1.05947144334426
545 1.0606838608679
550 1.06067743909618
555 1.06067024084747
560 1.06064976363257
565 1.06060602829064
570 1.05965733000459
575 1.06036052495161
580 1.06030369955667
585 1.06069100406253
590 1.06066949473455
595 1.06062240275414
600 1.06059864039145
605 1.06057272045406
610 1.06051015759404
615 1.06047246437539
620 1.06043792142288
700 1.06037365951367
705 1.06031112552912
710 1.06028543846212
715 1.06027742665827
720 1.06027280189117
725 1.06027210955343
730 1.06024394837492
735 1.06022169767314
740 1.06024090911871
745 1.0602671021137
750 1.05999233636606
755 1.05870972995049
760 1.05975819422999
765 1.06026595721759
770 1.06026531118272
775 1.06028487378854
780 1.06028618419382
785 1.06026162796759
790 1.06021126336253
795 1.06016230528046
800 1.0597898360132
805 1.05872529366543
810 1.05990377160456
815 1.06017757092329
820 1.06015185299345
825 1.05907063975526
830 1.05904181942869
835 1.06005978872761
840 1.06005310428132
845 1.06005881568573
850 1.0599540455549
855 1.05883723452263
860 1.05832462862076
950 1.05830494452286
960 1.05831802572398
970 1.05831802862989
980 1.05831803144731
990 1.05831803417978
1000 1.05831803683068
1010 1.05831803940324
1020 1.0583180419005
1030 1.05831804432539
1040 1.05831804668066
1050 1.05831804896896
1060 1.0583180511928
1070 1.05831805335458
1080 1.05831805545659
1090 1.05831805750101
1100 1.05831805948994
1110 1.05831806142534
1120 1.05831806330914
1130 1.05831806514315
1140 1.05831806692911
1150 1.05831806866868
1160 1.05831807036345
1170 1.05831807201496
1180 1.05831807362465
1190 1.05831807519394
1200 1.05831807672416
1210 1.05831807821659
1220 1.05831807967248
1230 1.058318081093
1240 1.05831808247929
1250 1.05831808383245
1260 1.05831808515351
1270 1.0583180864435
1280 1.05831808770336
1290 1.05831808893404
1300 1.05831809013643
1310 1.05831809131139
1320 1.05831809245975
1330 1.0583180935823
1340 1.05831809467982
1350 1.05831809575303
1360 1.05831809680266
1370 1.05831809782939
1380 1.05831809883388
1390 1.05831809981676
1400 1.05831810077866
1410 1.05831810172017
1420 1.05831810264186
1430 1.05831810354428
1440 1.05831810442796
1450 1.05831810529342
1460 1.05831810614116
1470 1.05831810697166
1480 1.05831810778538
1490 1.05831810858278
1500 1.05831810936427
1510 1.0583181101303
1520 1.05831811088125
1530 1.05831811161753
1540 1.05831811233951
1550 1.05831811304756
1560 1.05831811374204
1570 1.05831811442329
1580 1.05831811509165
1590 1.05831811574744
1600 1.05831811639097
1600 0.936777606279718
1590 0.936777605636189
1580 0.936777604980402
1570 0.936777604312045
1560 0.936777603630793
1550 0.936777602936313
1540 0.936777602228261
1530 0.93677760150628
1520 0.936777600770002
1510 0.936777600019049
1500 0.936777599253026
1490 0.936777598471528
1480 0.936777597674135
1470 0.936777596860414
1460 0.936777596029915
1450 0.936777595182175
1440 0.936777594316711
1430 0.936777593433028
1420 0.93677759253061
1410 0.936777591608924
1400 0.936777590667416
1390 0.936777589705515
1380 0.936777588722628
1370 0.936777587718139
1360 0.936777586691411
1350 0.936777585641783
1340 0.936777584568567
1330 0.936777583471053
1320 0.936777582348502
1310 0.936777581200144
1300 0.936777580025185
1290 0.936777578822795
1280 0.936777577592114
1270 0.936777576332247
1260 0.936777575042265
1250 0.9367775737212
1240 0.936777572368045
1230 0.936777570981752
1220 0.93677756956123
1210 0.936777568105343
1200 0.936777566612908
1190 0.93677756508269
1180 0.936777563513404
1170 0.936777561903709
1160 0.936777560252204
1150 0.936777558557429
1140 0.936777556817859
1130 0.936777555031903
1120 0.936777553197895
1110 0.936777551314096
1100 0.936777549378688
1090 0.936777547389767
1080 0.936777545345343
1070 0.936777543243332
1060 0.93677754108155
1050 0.936777538857708
1040 0.93677753656941
1030 0.936777534214139
1020 0.936777531789256
1010 0.936777529291992
1000 0.936777526719435
990 0.936777524068529
980 0.93677752133606
970 0.936777518518646
960 0.93677751561273
950 0.936795559515032
860 0.936768354933556
855 0.936199402017981
850 0.934915695453761
845 0.934770118714542
840 0.934753664773626
835 0.934757279150582
830 0.935887924610191
825 0.935827660816951
820 0.934593159591345
815 0.93456874023681
810 0.93489496150281
805 0.93617732304654
800 0.935016236620982
795 0.934450842964654
790 0.934370451538245
785 0.934314286256804
780 0.934269127263426
775 0.934267415412028
770 0.934274019775504
765 0.934272756138303
760 0.934886793256622
755 0.936003147962673
750 0.934537040260244
745 0.934191278959462
740 0.934196059105803
735 0.934171889977192
730 0.934119628921913
725 0.934073952153325
720 0.934068013221562
715 0.934047051638847
710 0.934019531897737
705 0.933962921100005
700 0.933820933151519
620 0.933666266596998
615 0.93358949407964
610 0.933525649787884
605 0.933415007347688
600 0.93335916902824
595 0.933332390665153
590 0.933331427197363
585 0.93339942283476
580 0.934030966216614
575 0.933973795003567
570 0.93437688803953
565 0.933258982361163
560 0.933220127597641
555 0.933204600076978
550 0.933191970767542
545 0.933190919121789
540 0.934567424961844
500 0.936290920980686
495 0.936404750328377
490 0.934134106711772
485 0.934316594675736
480 0.93387962396007
475 0.933005348113273
470 0.934686388558953
465 0.937108076076537
460 0.937076663591907
440 0.937073531165277
435 0.937125413845181
430 0.937139814357665
425 0.936994764873601
420 0.936925576000407
410 0.936901040061451
405 0.936901420814351
400 0.936910435077015
395 0.936122637695009
390 0.934376794461598
385 0.934693791200082
380 0.935798158704513
375 0.934788381397148
370 0.934785991817368
365 0.93468060388077
360 0.934645125146108
355 0.934647584734225
350 0.934504227830446
345 0.934252177955674
340 0.933939677208148
335 0.933676512841443
330 0.933565914883157
325 0.933399187795933
320 0.933373776882258
315 0.933442592459297
310 0.93328467858558
305 0.933072948610585
300 0.93307746630632
295 0.932857814335281
290 0.932761615743152
285 0.932796149816786
280 0.932806313901472
275 0.932676621830545
270 0.932566544341932
265 0.93238474104754
260 0.932176796097366
255 0.932017021503451
250 0.931893279370106
245 0.9318937374818
240 0.931683978316173
235 0.931473447679555
230 0.93133562579313
225 0.93116972397403
220 0.930966012360906
215 0.93071745269886
210 0.930421541488847
205 0.930040978480407
200 0.929586538269923
195 0.929208764703997
190 0.929068280330895
185 0.928711558087421
180 0.928468259914051
175 0.928341845768471
170 0.928175179992129
165 0.927848226758939
160 0.927562138611691
155 0.926920936376273
150 0.926143674184487
145 0.925345059546072
140 0.924590277055551
135 0.923540062041516
130 0.922343967882979
125 0.920886801295456
120 0.915972134111125
115 0.909413188652756
110 0.906444209264787
105 0.904301526907317
100 0.903033978288136
95 0.902404878192887
90 0.901936635741466
70 0.901813231380898
60 0.901695851473603
40 0.901547417105745
35 0.90174223818234
30 0.901703765483317
25 0.901639969780449
20 0.901522559616199
15 0.901269036837544
10 0.900545747501878
10 1.09880993861722

# em_cut_5sig | em_cut_5sig | em_p | em_beta | 409
10 1.14129512242764
15 1.14201841176331
20 1.14227193454197
25 1.14238934470622
30 1.14245314040908
35 1.14249161310811
40 1.1434954362086
60 1.14307889387677
70 1.14260608603725
90 1.14211255644471
95 1.14014600622815
100 1.13767118333052
105 1.13369833804313
110 1.12791437979075
115 1.12100747538568
120 1.11061936727868
125 1.10355202871801
130 1.10149762006602
135 1.09987941383623
140 1.09844073172171
145 1.09726095926449
150 1.09596356964027
155 1.09489571001554
160 1.09403732641142
165 1.09369713773457
170 1.09337478167143
175 1.09316891239134
180 1.09290090961137
185 1.09248521306243
190 1.09195342732977
195 1.09169809819127
200 1.09117197862343
205 1.09054220270549
210 1.08998086920788
215 1.0895922695031
220 1.08934158210196
225 1.08917425155746
230 1.08908974050056
235 1.08891093684251
240 1.08865029812833
245 1.0884757446926
250 1.08848733802533
255 1.08837409615636
260 1.08827346088922
265 1.08798111702743
270 1.08770128582708
275 1.08751760876169
280 1.08723133892055
285 1.08715939590868
290 1.08718437833985
295 1.08702660638984
300 1.08687939390167
305 1.08691947626336
310 1.08673332911097
315 1.08658972794927
320 1.08666597954218
325 1.08664849136291
330 1.08652179551013
335 1.08648088179496
340 1.08630121765394
345 1.08611421157025
350 1.085982212018
355 1.08585531502975
360 1.08586043964355
365 1.08579780078672
370 1.08565645100934
375 1.08564327028753
380 1.0842687146728
385 1.08586185180799
390 1.08629288678719
395 1.08382146576316
400 1.08275897905001
405 1.08286355428289
410 1.0828772647798
420 1.08285383165704
425 1.08273722626347
430 1.08250385140186
435 1.08246545002716
440 1.08254656488957
460 1.08255980255065
465 1.08256028861987
470 1.08593367748057
475 1.08810896131251
480 1.08689783682612
485 1.08647457215389
490 1.08670764700064
495 1.08364881153511
500 1.08390291014663
540 1.08623659014049
545 1.08800154130517
550 1.08799575373803
555 1.08798430672686
560 1.08795611421148
565 1.08789468098981
570 1.0865031389971
575 1.08744339565476
580 1.08736214241526
585 1.08796777146848
590 1.08794647963121
595 1.08789883391606
600 1.08786424139785
605 1.087820801834
610 1.0877211235525
615 1.08766167229591
620 1.08760327602843
700 1.08749210087699
705 1.08738574076392
710 1.0873424184402
715 1.08732679273386
720 1.08731635997036
725 1.08731457185345
730 1.08727058825771
735 1.08723237075084
740 1.08725051983576
745 1.0872813687533
750 1.08687561410302
755 1.08500399751931
760 1.08651635158142
765 1.08726028225267
770 1.08726275432309
775 1.08728860616857
780 1.08728983925034
785 1.08725034404847
790 1.0871771516106
795 1.0871004757767
800 1.08652703588296
805 1.08498557308376
810 1.08669137376922
815 1.0870925458602
820 1.0870572872939
825 1.08547984952775
830 1.08543193974694
835 1.08691032649412
840 1.08690298417583
845 1.08690237301835
850 1.08674797771943
855 1.08511677005934
860 1.08437240155374
950 1.08434266988169
960 1.08436242074782
970 1.08436242365373
980 1.08436242647115
990 1.08436242920362
1000 1.08436243185452
1010 1.08436243442708
1020 1.08436243692434
1030 1.08436243934923
1040 1.0843624417045
1050 1.0843624439928
1060 1.08436244621664
1070 1.08436244837842
1080 1.08436245048043
1090 1.08436245252485
1100 1.08436245451377
1110 1.08436245644918
1120 1.08436245833298
1130 1.08436246016699
1140 1.08436246195295
1150 1.08436246369252
1160 1.08436246538729
1170 1.0843624670388
1180 1.08436246864849
1190 1.08436247021778
1200 1.08436247174799
1210 1.08436247324043
1220 1.08436247469632
1230 1.08436247611684
1240 1.08436247750313
1250 1.08436247885629
1260 1.08436248017735
1270 1.08436248146733
1280 1.0843624827272
1290 1.08436248395788
1300 1.08436248516027
1310 1.08436248633523
1320 1.08436248748359
1330 1.08436248860614
1340 1.08436248970365
1350 1.08436249077687
1360 1.0843624918265
1370 1.08436249285323
1380 1.08436249385772
1390 1.0843624948406
1400 1.0843624958025
1410 1.08436249674401
1420 1.0843624976657
1430 1.08436249856812
1440 1.0843624994518
1450 1.08436250031726
1460 1.084362501165
1470 1.0843625019955
1480 1.08436250280922
1490 1.08436250360661
1500 1.08436250438811
1510 1.08436250515414
1520 1.08436250590509
1530 1.08436250664137
1540 1.08436250736335
1550 1.0843625080714
1560 1.08436250876588
1570 1.08436250944713
1580 1.08436251011549
1590 1.08436251077128
1600 1.0843625114148
1600 0.910733211255879
1590 0.91073321061235
1580 0.910733209956563
1570 0.910733209288206
1560 0.910733208606954
1550 0.910733207912475
1540 0.910733207204422
1530 0.910733206482441
1520 0.910733205746164
1510 0.91073320499521
1500 0.910733204229187
1490 0.910733203447689
1480 0.910733202650296
1470 0.910733201836575
1460 0.910733201006076
1450 0.910733200158336
1440 0.910733199292873
1430 0.91073319840919
1420 0.910733197506771
1410 0.910733196585085
1400 0.910733195643577
1390 0.910733194681677
1380 0.910733193698789
1370 0.910733192694301
1360 0.910733191667572
1350 0.910733190617944
1340 0.910733189544729
1330 0.910733188447215
1320 0.910733187324663
1310 0.910733186176305
1300 0.910733185001346
1290 0.910733183798956
1280 0.910733182568275
1270 0.910733181308409
1260 0.910733180018427
1250 0.910733178697361
1240 0.910733177344206
1230 0.910733175957913
1220 0.910733174537391
1210 0.910733173081504
1200 0.910733171589069
1190 0.910733170058852
1180 0.910733168489566
1170 0.91073316687987
1160 0.910733165228365
1150 0.91073316353359
1140 0.910733161794021
1130 0.910733160008064
1120 0.910733158174056
1110 0.910733156290257
1100 0.910733154354849
1090 0.910733152365928
1080 0.910733150321505
1070 0.910733148219493
1060 0.910733146057711
1050 0.910733143833869
1040 0.910733141545571
1030 0.9107331391903
1020 0.910733136765418
1010 0.910733134268153
1000 0.910733131695596
990 0.91073312904469
980 0.910733126312221
970 0.910733123494807
960 0.910733120588892
950 0.91075783415621
860 0.910720582000583
855 0.909919866481271
850 0.908121763289231
845 0.907923899076366
840 0.907903784879119
835 0.907906741384075
830 0.909497804291941
825 0.909418451044458
820 0.907687725290894
815 0.907656497542566
810 0.908107359338149
805 0.909917043628206
800 0.908279036751221
795 0.90751267246841
790 0.907404563290183
785 0.907325570175922
780 0.907265472206912
775 0.907263723635027
770 0.907277378380198
765 0.907276120443081
760 0.908128635905186
755 0.909708880393855
750 0.907653762523284
745 0.907177012288049
740 0.907186448388752
735 0.907161216899489
730 0.907092989039124
725 0.907031489853303
720 0.907024686024747
715 0.906997685563256
710 0.906962551919655
705 0.906888305865196
700 0.9067024917882
620 0.906500911991453
615 0.906400286159122
610 0.906314683829421
605 0.906166925967751
600 0.906093568021838
595 0.906055959503227
590 0.906054161553542
585 0.90612265542881
580 0.90697252335803
575 0.906890924300416
570 0.907531079047018
565 0.905970329661991
560 0.905913777018728
555 0.905890534197588
550 0.905873656125692
545 0.905872542552809
540 0.907802278165613
500 0.910241746421991
495 0.910420504233071
490 0.907209364307854
485 0.907465186885473
480 0.906876409924885
475 0.905634122254584
470 0.907995690513963
465 0.911440038568891
460 0.911403778295238
440 0.911401819331578
435 0.911477172166009
430 0.911487337232219
425 0.911275506981271
420 0.91117353088453
410 0.911140529817036
405 0.911143397261079
400 0.91117245672884
395 0.910058138624159
390 0.907568072286494
385 0.908017074622217
380 0.909597472357168
375 0.908166930416492
370 0.908162240968618
365 0.908012863250309
360 0.907960069646559
355 0.90796386762325
350 0.907772818856172
345 0.907452995553103
340 0.907052346541244
335 0.906711035967294
330 0.906573700654868
325 0.906355193048819
320 0.906322211706977
315 0.906416627372831
310 0.906205504963453
305 0.905925701922047
300 0.905935949671846
295 0.905651556913888
290 0.905510539990793
285 0.90555557697704
280 0.905554838898105
275 0.905351741783872
270 0.905189825256317
265 0.90492655705109
260 0.90463032583998
255 0.904424596564703
250 0.904259033725067
245 0.904261618562247
240 0.903984039525791
235 0.90369036135668
230 0.903496664374172
225 0.903286572047543
220 0.903017382406603
215 0.902680720321642
210 0.902264013067842
205 0.901717233028921
200 0.901071460560479
195 0.900534176441537
190 0.900323842625211
185 0.899810324856537
180 0.899450733496876
175 0.899254716364436
170 0.899022309107547
165 0.898580771880887
160 0.898184164294093
155 0.89727832926346
150 0.896175457339349
145 0.895006959595762
140 0.893910785055641
135 0.892421352901273
130 0.890728617497737
125 0.888651761162064
120 0.881622622375674
115 0.87207302040577
110 0.867361237995499
105 0.86381973670688
100 0.861627412692421
95 0.860450561480782
90 0.85955264973501
70 0.859320374676835
60 0.859098843990691
40 0.858850707852301
35 0.85925705437191
30 0.859218581672887
25 0.85915478597002
20 0.85903737580577
15 0.858783853027114
10 0.858060563691448
10 1.14129512242764

